<?xml version = '1.0' encoding = 'UTF-8'?>
<Entity class="oracle.dbtools.crest.model.design.logical.Entity" directorySegmentName="seg_0" id="09DFAC00-6DFC-6D2C-8C74-DAA120B07A62" name="RESIDENCIA">
<createdBy>milfernandez</createdBy>
<createdTime>2025-08-31 20:50:15 UTC</createdTime>
<ownerDesignName>Tarea semana 3</ownerDesignName>
<engineerTo>
<item key="C14A3F7F-C075-2B26-F4C4-86332B559F90" value="true"/>
<item key="E55491FF-277C-6A09-09AE-1BC802D4EF89" value="true"/>
</engineerTo>
<adequatelyNormalized>NO</adequatelyNormalized>
<expectedVolumes>0</expectedVolumes>
<fwdEngineeringStrategyName>Single Table</fwdEngineeringStrategyName>
<growthPercent>0</growthPercent>
<growthType>Year</growthType>
<maxVolumes>9999999</maxVolumes>
<minVolumes>0</minVolumes>
<normalForm>Third</normalForm>
<attributes itemClass="oracle.dbtools.crest.model.design.logical.Attribute">
<Attribute name="ID Residencia" id="FD5699B3-CB6F-F365-64A8-11F805DE322A">
<createdBy>milfernandez</createdBy>
<createdTime>2025-08-31 20:53:19 UTC</createdTime>
<ownerDesignName>Tarea semana 3</ownerDesignName>
<engineerTo>
<item key="C14A3F7F-C075-2B26-F4C4-86332B559F90" value="true"/>
<item key="E55491FF-277C-6A09-09AE-1BC802D4EF89" value="true"/>
</engineerTo>
<useDomainConstraints>false</useDomainConstraints>
<use>1</use>
<logicalDatatype>LOGDT019</logicalDatatype>
<dataTypePrecision>6</dataTypePrecision>
<ownDataTypeParameters>,6,</ownDataTypeParameters>
</Attribute>
<Attribute name="nombre" id="88F680F3-BA96-92CF-6276-C078B72AF125">
<createdBy>milfernandez</createdBy>
<createdTime>2025-08-31 20:54:50 UTC</createdTime>
<ownerDesignName>Tarea semana 3</ownerDesignName>
<engineerTo>
<item key="C14A3F7F-C075-2B26-F4C4-86332B559F90" value="true"/>
<item key="E55491FF-277C-6A09-09AE-1BC802D4EF89" value="true"/>
</engineerTo>
<useDomainConstraints>false</useDomainConstraints>
<use>1</use>
<logicalDatatype>LOGDT024</logicalDatatype>
<dataTypeSize>100</dataTypeSize>
<ownDataTypeParameters>100,,</ownDataTypeParameters>
</Attribute>
<Attribute name="dirección" id="A837D84C-2D87-D214-8819-F47BB49BBFCD">
<createdBy>milfernandez</createdBy>
<createdTime>2025-08-31 20:59:01 UTC</createdTime>
<ownerDesignName>Tarea semana 3</ownerDesignName>
<engineerTo>
<item key="C14A3F7F-C075-2B26-F4C4-86332B559F90" value="true"/>
<item key="E55491FF-277C-6A09-09AE-1BC802D4EF89" value="true"/>
</engineerTo>
<useDomainConstraints>false</useDomainConstraints>
<use>1</use>
<logicalDatatype>LOGDT024</logicalDatatype>
<dataTypeSize>150</dataTypeSize>
<ownDataTypeParameters>150,,</ownDataTypeParameters>
</Attribute>
<Attribute name="comuna" id="D4E381A9-428B-D84F-F0D6-04CA53203CE2">
<createdBy>milfernandez</createdBy>
<createdTime>2025-08-31 20:59:17 UTC</createdTime>
<ownerDesignName>Tarea semana 3</ownerDesignName>
<engineerTo>
<item key="C14A3F7F-C075-2B26-F4C4-86332B559F90" value="true"/>
<item key="E55491FF-277C-6A09-09AE-1BC802D4EF89" value="true"/>
</engineerTo>
<useDomainConstraints>false</useDomainConstraints>
<use>1</use>
<logicalDatatype>LOGDT024</logicalDatatype>
<dataTypeSize>50</dataTypeSize>
<ownDataTypeParameters>50,,</ownDataTypeParameters>
</Attribute>
<Attribute name="ID Habitacion" id="AE915C5D-8C6D-CD3C-B334-5878606CF2A7">
<createdBy>milfernandez</createdBy>
<createdTime>2025-09-01 21:18:56 UTC</createdTime>
<generatorID>29193807-48F1-ADCB-DB51-72BD9A328BD2</generatorID>
<ownerDesignName>Tarea semana 3</ownerDesignName>
<engineerTo>
<item key="C14A3F7F-C075-2B26-F4C4-86332B559F90" value="true"/>
<item key="E55491FF-277C-6A09-09AE-1BC802D4EF89" value="true"/>
</engineerTo>
<referedAttribute>3551B892-7E91-2489-7EB3-D4F3ACCBE57A</referedAttribute>
<useDomainConstraints>false</useDomainConstraints>
<use>1</use>
<logicalDatatype>LOGDT019</logicalDatatype>
<dataTypePrecision>6</dataTypePrecision>
<ownDataTypeParameters>,,</ownDataTypeParameters>
</Attribute>
<Attribute name="RUT" id="E0C94A8E-1F8B-BA38-C43C-7931C9051346">
<createdBy>milfernandez</createdBy>
<createdTime>2025-09-01 21:26:08 UTC</createdTime>
<generatorID>91E13D44-94B1-54B6-53C1-8104CCFF531F</generatorID>
<ownerDesignName>Tarea semana 3</ownerDesignName>
<engineerTo>
<item key="C14A3F7F-C075-2B26-F4C4-86332B559F90" value="true"/>
<item key="E55491FF-277C-6A09-09AE-1BC802D4EF89" value="true"/>
</engineerTo>
<referedAttribute>878BDB43-F519-1949-76FA-80FCCF2B83DA</referedAttribute>
<useDomainConstraints>false</useDomainConstraints>
<use>1</use>
<logicalDatatype>LOGDT024</logicalDatatype>
<dataTypeSize>12</dataTypeSize>
<ownDataTypeParameters>,,</ownDataTypeParameters>
</Attribute>
</attributes>
<identifiers itemClass="oracle.dbtools.crest.model.design.logical.CandidateKey">
<identifier id="45148ACA-46E6-26B1-E16B-F0DA5FAA6448" name="RESIDENCIA PK">
<createdBy>milfernandez</createdBy>
<createdTime>2025-08-31 20:53:52 UTC</createdTime>
<ownerDesignName>Tarea semana 3</ownerDesignName>
<shouldEngineer>false</shouldEngineer>
<engineerTo>
<item key="C14A3F7F-C075-2B26-F4C4-86332B559F90" value="true"/>
<item key="E55491FF-277C-6A09-09AE-1BC802D4EF89" value="false"/>
</engineerTo>
<pk>true</pk>
<usedAttributes>
<attributeRef>FD5699B3-CB6F-F365-64A8-11F805DE322A</attributeRef>
</usedAttributes>
</identifier>
</identifiers>
</Entity>