<?xml version = '1.0' encoding = 'UTF-8'?>
<Entity class="oracle.dbtools.crest.model.design.logical.Entity" directorySegmentName="seg_0" id="47ED4C04-DE60-5515-92AB-774D72894204" name="APODERADO">
<createdBy>milfernandez</createdBy>
<createdTime>2025-09-01 19:19:41 UTC</createdTime>
<ownerDesignName>Tarea semana 3</ownerDesignName>
<engineerTo>
<item key="C14A3F7F-C075-2B26-F4C4-86332B559F90" value="true"/>
</engineerTo>
<adequatelyNormalized>NO</adequatelyNormalized>
<expectedVolumes>0</expectedVolumes>
<fwdEngineeringStrategyName>Single Table</fwdEngineeringStrategyName>
<growthPercent>0</growthPercent>
<growthType>Year</growthType>
<maxVolumes>9999999</maxVolumes>
<minVolumes>0</minVolumes>
<normalForm>Third</normalForm>
<attributes itemClass="oracle.dbtools.crest.model.design.logical.Attribute">
<Attribute name="RUT" id="75C9D5BB-9BD4-5365-D89C-EC12A6ECF641">
<createdBy>milfernandez</createdBy>
<createdTime>2025-09-01 19:19:49 UTC</createdTime>
<ownerDesignName>Tarea semana 3</ownerDesignName>
<engineerTo>
<item key="C14A3F7F-C075-2B26-F4C4-86332B559F90" value="true"/>
</engineerTo>
<useDomainConstraints>false</useDomainConstraints>
<use>1</use>
<logicalDatatype>LOGDT024</logicalDatatype>
<dataTypeSize>12</dataTypeSize>
<ownDataTypeParameters>12,,</ownDataTypeParameters>
</Attribute>
<Attribute name="nombre" id="0E4A0921-56E7-E8D8-73EB-0C05A7FE4D72">
<createdBy>milfernandez</createdBy>
<createdTime>2025-09-01 19:20:11 UTC</createdTime>
<ownerDesignName>Tarea semana 3</ownerDesignName>
<engineerTo>
<item key="C14A3F7F-C075-2B26-F4C4-86332B559F90" value="true"/>
</engineerTo>
<useDomainConstraints>false</useDomainConstraints>
<use>1</use>
<logicalDatatype>LOGDT024</logicalDatatype>
<dataTypeSize>100</dataTypeSize>
<ownDataTypeParameters>100,,</ownDataTypeParameters>
</Attribute>
<Attribute name="teléfono" id="10AF35C4-DE41-914B-6D1E-68BFE4DF3EDA">
<createdBy>milfernandez</createdBy>
<createdTime>2025-09-01 19:20:35 UTC</createdTime>
<ownerDesignName>Tarea semana 3</ownerDesignName>
<engineerTo>
<item key="C14A3F7F-C075-2B26-F4C4-86332B559F90" value="true"/>
</engineerTo>
<useDomainConstraints>false</useDomainConstraints>
<use>1</use>
<logicalDatatype>LOGDT024</logicalDatatype>
<dataTypeSize>15</dataTypeSize>
<ownDataTypeParameters>15,,</ownDataTypeParameters>
</Attribute>
<Attribute name="relación" id="3CD13164-7AFB-3754-B8D5-CEA1B9373944">
<createdBy>milfernandez</createdBy>
<createdTime>2025-09-01 19:20:52 UTC</createdTime>
<ownerDesignName>Tarea semana 3</ownerDesignName>
<engineerTo>
<item key="C14A3F7F-C075-2B26-F4C4-86332B559F90" value="true"/>
</engineerTo>
<useDomainConstraints>false</useDomainConstraints>
<use>1</use>
<logicalDatatype>LOGDT024</logicalDatatype>
<dataTypeSize>50</dataTypeSize>
<ownDataTypeParameters>50,,</ownDataTypeParameters>
</Attribute>
<Attribute name="ID Contrato" id="6FFB5C82-A644-1756-336B-073C703B12E5">
<createdBy>milfernandez</createdBy>
<createdTime>2025-09-01 21:32:55 UTC</createdTime>
<generatorID>47999020-8767-1254-46EC-253390DFC84A</generatorID>
<ownerDesignName>Tarea semana 3</ownerDesignName>
<engineerTo>
<item key="C14A3F7F-C075-2B26-F4C4-86332B559F90" value="true"/>
</engineerTo>
<nullsAllowed>true</nullsAllowed>
<referedAttribute>6A5F5602-7F81-1DBC-D912-715F2A5E8E21</referedAttribute>
<useDomainConstraints>false</useDomainConstraints>
<use>1</use>
<logicalDatatype>LOGDT024</logicalDatatype>
<dataTypeSize>10</dataTypeSize>
<ownDataTypeParameters>,,</ownDataTypeParameters>
</Attribute>
</attributes>
<identifiers itemClass="oracle.dbtools.crest.model.design.logical.CandidateKey">
<identifier id="9172A790-3EA6-AB83-F748-0CC8D1FAC2EB" name="APODERADO PK">
<createdBy>milfernandez</createdBy>
<createdTime>2025-09-01 19:20:09 UTC</createdTime>
<ownerDesignName>Tarea semana 3</ownerDesignName>
<shouldEngineer>false</shouldEngineer>
<engineerTo>
<item key="C14A3F7F-C075-2B26-F4C4-86332B559F90" value="false"/>
</engineerTo>
<pk>true</pk>
<usedAttributes>
<attributeRef>75C9D5BB-9BD4-5365-D89C-EC12A6ECF641</attributeRef>
</usedAttributes>
</identifier>
</identifiers>
</Entity>