<?xml version = '1.0' encoding = 'UTF-8'?>
<Entity class="oracle.dbtools.crest.model.design.logical.Entity" directorySegmentName="seg_0" id="567733AF-F72A-D752-503B-1EEABC19D437" name="RESIDENTE">
<createdBy>milfernandez</createdBy>
<createdTime>2025-08-31 21:09:04 UTC</createdTime>
<ownerDesignName>Tarea semana 3</ownerDesignName>
<engineerTo>
<item key="C14A3F7F-C075-2B26-F4C4-86332B559F90" value="true"/>
</engineerTo>
<adequatelyNormalized>NO</adequatelyNormalized>
<expectedVolumes>0</expectedVolumes>
<fwdEngineeringStrategyName>Single Table</fwdEngineeringStrategyName>
<growthPercent>0</growthPercent>
<growthType>Year</growthType>
<maxVolumes>9999999</maxVolumes>
<minVolumes>0</minVolumes>
<normalForm>Third</normalForm>
<generateDiscrimColumn>true</generateDiscrimColumn>
<discriminatorAttributeID>28E778FE-C47A-E345-8B7B-B64C1992CCD9</discriminatorAttributeID>
<attributes itemClass="oracle.dbtools.crest.model.design.logical.Attribute">
<Attribute name="RUT" id="5704DBB1-E359-4DF2-A008-5057065843CB">
<createdBy>milfernandez</createdBy>
<createdTime>2025-09-01 15:07:17 UTC</createdTime>
<ownerDesignName>Tarea semana 3</ownerDesignName>
<engineerTo>
<item key="C14A3F7F-C075-2B26-F4C4-86332B559F90" value="true"/>
</engineerTo>
<useDomainConstraints>false</useDomainConstraints>
<use>1</use>
<logicalDatatype>LOGDT024</logicalDatatype>
<dataTypeSize>12</dataTypeSize>
<ownDataTypeParameters>12,,</ownDataTypeParameters>
</Attribute>
<Attribute name="nombre" id="D37704EE-6415-B0C3-56FE-B18BB8F12D3C">
<createdBy>milfernandez</createdBy>
<createdTime>2025-09-01 15:07:37 UTC</createdTime>
<ownerDesignName>Tarea semana 3</ownerDesignName>
<engineerTo>
<item key="C14A3F7F-C075-2B26-F4C4-86332B559F90" value="true"/>
</engineerTo>
<useDomainConstraints>false</useDomainConstraints>
<use>1</use>
<logicalDatatype>LOGDT024</logicalDatatype>
<dataTypeSize>100</dataTypeSize>
<ownDataTypeParameters>100,,</ownDataTypeParameters>
</Attribute>
<Attribute name="edad" id="A93BC596-4CC9-E296-E384-903D535B1B0C">
<createdBy>milfernandez</createdBy>
<createdTime>2025-09-01 15:07:56 UTC</createdTime>
<ownerDesignName>Tarea semana 3</ownerDesignName>
<engineerTo>
<item key="C14A3F7F-C075-2B26-F4C4-86332B559F90" value="true"/>
</engineerTo>
<useDomainConstraints>false</useDomainConstraints>
<use>1</use>
<logicalDatatype>LOGDT019</logicalDatatype>
<dataTypePrecision>3</dataTypePrecision>
<ownDataTypeParameters>,3,</ownDataTypeParameters>
</Attribute>
<Attribute name="autonomía" id="697FB729-831D-B8F8-CA28-05CB8094DB40">
<createdBy>milfernandez</createdBy>
<createdTime>2025-09-01 15:08:11 UTC</createdTime>
<commentInRDBMS><![CDATA[autonomía  IN ('Sí','No')
]]></commentInRDBMS>
<ownerDesignName>Tarea semana 3</ownerDesignName>
<engineerTo>
<item key="C14A3F7F-C075-2B26-F4C4-86332B559F90" value="true"/>
</engineerTo>
<useDomainConstraints>false</useDomainConstraints>
<use>1</use>
<logicalDatatype>LOGDT024</logicalDatatype>
<dataTypeSize>2</dataTypeSize>
<ownDataTypeParameters>2,,</ownDataTypeParameters>
</Attribute>
<Attribute name="tipo_residente" id="28E778FE-C47A-E345-8B7B-B64C1992CCD9">
<createdBy>milfernandez</createdBy>
<createdTime>2025-09-01 21:05:25 UTC</createdTime>
<commentInRDBMS><![CDATA[tipo_residente  IN ('T','P')]]></commentInRDBMS>
<ownerDesignName>Tarea semana 3</ownerDesignName>
<engineerTo>
<item key="C14A3F7F-C075-2B26-F4C4-86332B559F90" value="true"/>
</engineerTo>
<useDomainConstraints>false</useDomainConstraints>
<use>1</use>
<logicalDatatype>LOGDT024</logicalDatatype>
<dataTypeSize>1</dataTypeSize>
<ownDataTypeParameters>1,,</ownDataTypeParameters>
</Attribute>
<Attribute name="ID Anexo" id="045DAEE2-5E9D-6E57-CA0B-4DF62E88DFB0">
<createdBy>milfernandez</createdBy>
<createdTime>2025-09-01 21:37:33 UTC</createdTime>
<generatorID>486061DA-54CB-E49B-CB14-F4BF40F1CC76</generatorID>
<ownerDesignName>Tarea semana 3</ownerDesignName>
<engineerTo>
<item key="C14A3F7F-C075-2B26-F4C4-86332B559F90" value="true"/>
</engineerTo>
<nullsAllowed>true</nullsAllowed>
<referedAttribute>5EAA0106-E8B2-7DEF-811E-50110BAF3677</referedAttribute>
<useDomainConstraints>false</useDomainConstraints>
<use>1</use>
<logicalDatatype>LOGDT019</logicalDatatype>
<dataTypePrecision>6</dataTypePrecision>
<ownDataTypeParameters>,,</ownDataTypeParameters>
</Attribute>
<Attribute name="ID Habitacion" id="4D1877D4-325F-702D-B0EE-B47562628F94">
<createdBy>milfernandez</createdBy>
<createdTime>2025-09-01 21:38:23 UTC</createdTime>
<generatorID>79160E3E-7C82-7A46-A771-E57E557058D4</generatorID>
<ownerDesignName>Tarea semana 3</ownerDesignName>
<engineerTo>
<item key="C14A3F7F-C075-2B26-F4C4-86332B559F90" value="true"/>
</engineerTo>
<referedAttribute>3551B892-7E91-2489-7EB3-D4F3ACCBE57A</referedAttribute>
<useDomainConstraints>false</useDomainConstraints>
<use>1</use>
<logicalDatatype>LOGDT019</logicalDatatype>
<dataTypePrecision>6</dataTypePrecision>
<ownDataTypeParameters>,,</ownDataTypeParameters>
</Attribute>
</attributes>
<identifiers itemClass="oracle.dbtools.crest.model.design.logical.CandidateKey">
<identifier id="2A364A95-3860-C24D-AB5F-4A140F11FA68" name="RESIDENTE PK">
<createdBy>milfernandez</createdBy>
<createdTime>2025-09-01 15:07:35 UTC</createdTime>
<ownerDesignName>Tarea semana 3</ownerDesignName>
<shouldEngineer>false</shouldEngineer>
<engineerTo>
<item key="C14A3F7F-C075-2B26-F4C4-86332B559F90" value="false"/>
</engineerTo>
<pk>true</pk>
<usedAttributes>
<attributeRef>5704DBB1-E359-4DF2-A008-5057065843CB</attributeRef>
</usedAttributes>
</identifier>
</identifiers>
</Entity>