<?xml version = '1.0' encoding = 'UTF-8'?>
<Entity class="oracle.dbtools.crest.model.design.logical.Entity" directorySegmentName="seg_0" id="6FA4C3AB-73C8-002B-2990-1935ED7D5263" name="CUIDADOR">
<createdBy>milfernandez</createdBy>
<createdTime>2025-09-01 19:26:31 UTC</createdTime>
<ownerDesignName>Tarea semana 3</ownerDesignName>
<engineerTo>
<item key="C14A3F7F-C075-2B26-F4C4-86332B559F90" value="true"/>
<item key="E55491FF-277C-6A09-09AE-1BC802D4EF89" value="true"/>
</engineerTo>
<adequatelyNormalized>NO</adequatelyNormalized>
<expectedVolumes>0</expectedVolumes>
<fwdEngineeringStrategyName>Single Table</fwdEngineeringStrategyName>
<growthPercent>0</growthPercent>
<growthType>Year</growthType>
<hierarchicalParent>A3CA9B98-4B7F-75CB-6AC3-F3CE4A0E6464</hierarchicalParent>
<maxVolumes>9999999</maxVolumes>
<minVolumes>0</minVolumes>
<normalForm>Third</normalForm>
<discriminatorValue>C</discriminatorValue>
<attributes itemClass="oracle.dbtools.crest.model.design.logical.Attribute">
<Attribute name="ficha basica" id="EEAF2020-8A24-CC9F-8684-854DFB37329B">
<createdBy>milfernandez</createdBy>
<createdTime>2025-09-01 19:26:42 UTC</createdTime>
<ownerDesignName>Tarea semana 3</ownerDesignName>
<engineerTo>
<item key="C14A3F7F-C075-2B26-F4C4-86332B559F90" value="true"/>
<item key="E55491FF-277C-6A09-09AE-1BC802D4EF89" value="true"/>
</engineerTo>
<nullsAllowed>true</nullsAllowed>
<useDomainConstraints>false</useDomainConstraints>
<use>1</use>
<logicalDatatype>LOGDT024</logicalDatatype>
<dataTypeSize>100</dataTypeSize>
<ownDataTypeParameters>100,,</ownDataTypeParameters>
</Attribute>
</attributes>
</Entity>