<?xml version = '1.0' encoding = 'UTF-8'?>
<Entity class="oracle.dbtools.crest.model.design.logical.Entity" directorySegmentName="seg_0" id="8A88D0A5-7B13-2E12-E99C-3B3BDFD09AA8" name="HABITACION">
<createdBy>milfernandez</createdBy>
<createdTime>2025-09-01 20:56:00 UTC</createdTime>
<generatorID>F5A62F1E-CB4B-6165-43E3-27C354CDF1C2</generatorID>
<ownerDesignName>Tarea semana 3</ownerDesignName>
<engineerTo>
<item key="C14A3F7F-C075-2B26-F4C4-86332B559F90" value="true"/>
</engineerTo>
<adequatelyNormalized>NO</adequatelyNormalized>
<expectedVolumes>0</expectedVolumes>
<fwdEngineeringStrategyName>Single Table</fwdEngineeringStrategyName>
<growthPercent>0</growthPercent>
<growthType>Year</growthType>
<maxVolumes>9999999</maxVolumes>
<minVolumes>0</minVolumes>
<normalForm>Third</normalForm>
<attributes itemClass="oracle.dbtools.crest.model.design.logical.Attribute">
<Attribute name="ID Habitacion" id="3551B892-7E91-2489-7EB3-D4F3ACCBE57A">
<createdBy>milfernandez</createdBy>
<createdTime>2025-09-01 20:56:00 UTC</createdTime>
<generatorID>81EA38AB-5F69-F55C-9192-2F7C4123AB52</generatorID>
<ownerDesignName>Tarea semana 3</ownerDesignName>
<engineerTo>
<item key="C14A3F7F-C075-2B26-F4C4-86332B559F90" value="true"/>
</engineerTo>
<useDomainConstraints>false</useDomainConstraints>
<use>1</use>
<logicalDatatype>LOGDT019</logicalDatatype>
<dataTypePrecision>6</dataTypePrecision>
<ownDataTypeParameters>,6,</ownDataTypeParameters>
</Attribute>
<Attribute name="numero" id="1BB4F6BF-23B4-080C-F850-43DC3075E001">
<createdBy>milfernandez</createdBy>
<createdTime>2025-09-01 20:56:00 UTC</createdTime>
<generatorID>F29BA4DD-916D-4A42-3471-55B8158B7BAF</generatorID>
<ownerDesignName>Tarea semana 3</ownerDesignName>
<engineerTo>
<item key="C14A3F7F-C075-2B26-F4C4-86332B559F90" value="true"/>
</engineerTo>
<useDomainConstraints>false</useDomainConstraints>
<use>1</use>
<logicalDatatype>LOGDT024</logicalDatatype>
<dataTypeSize>10</dataTypeSize>
<ownDataTypeParameters>10,,</ownDataTypeParameters>
</Attribute>
<Attribute name="tipo" id="D4FEA7EE-C28D-4BD9-EF1B-1E06AE5AEECC">
<createdBy>milfernandez</createdBy>
<createdTime>2025-09-01 20:56:00 UTC</createdTime>
<commentInRDBMS><![CDATA[tipo  IN ('Individual','Compartida')]]></commentInRDBMS>
<generatorID>22A1B831-00F9-1962-69FE-42D5828F4C94</generatorID>
<ownerDesignName>Tarea semana 3</ownerDesignName>
<engineerTo>
<item key="C14A3F7F-C075-2B26-F4C4-86332B559F90" value="true"/>
</engineerTo>
<useDomainConstraints>false</useDomainConstraints>
<use>1</use>
<logicalDatatype>LOGDT024</logicalDatatype>
<dataTypeSize>20</dataTypeSize>
<ownDataTypeParameters>20,,</ownDataTypeParameters>
</Attribute>
<Attribute name="estado" id="C28580E5-3896-302E-DD96-FF76B9E98D0A">
<createdBy>milfernandez</createdBy>
<createdTime>2025-09-01 20:56:00 UTC</createdTime>
<commentInRDBMS><![CDATA[estado  IN ('Disponible','Ocupada')]]></commentInRDBMS>
<generatorID>76C96F2E-6A33-52D2-4385-9DEF907A0CF1</generatorID>
<ownerDesignName>Tarea semana 3</ownerDesignName>
<engineerTo>
<item key="C14A3F7F-C075-2B26-F4C4-86332B559F90" value="true"/>
</engineerTo>
<useDomainConstraints>false</useDomainConstraints>
<use>1</use>
<logicalDatatype>LOGDT024</logicalDatatype>
<dataTypeSize>15</dataTypeSize>
<ownDataTypeParameters>15,,</ownDataTypeParameters>
</Attribute>
</attributes>
<identifiers itemClass="oracle.dbtools.crest.model.design.logical.CandidateKey">
<identifier id="F26E3550-7166-B959-0C4D-6AEDE13BF8F3" name="HABITACION PK">
<createdBy>milfernandez</createdBy>
<createdTime>2025-09-01 20:56:00 UTC</createdTime>
<generatorID>F1AD5940-8C32-5F5B-136E-1D2B217FCB2D</generatorID>
<ownerDesignName>Tarea semana 3</ownerDesignName>
<shouldEngineer>false</shouldEngineer>
<engineerTo>
<item key="C14A3F7F-C075-2B26-F4C4-86332B559F90" value="false"/>
</engineerTo>
<pk>true</pk>
<usedAttributes>
<attributeRef>3551B892-7E91-2489-7EB3-D4F3ACCBE57A</attributeRef>
</usedAttributes>
</identifier>
</identifiers>
</Entity>