<?xml version = '1.0' encoding = 'UTF-8'?>
<Entity class="oracle.dbtools.crest.model.design.logical.Entity" directorySegmentName="seg_0" id="8D1EF135-916A-83F1-F2E7-49493F8B35B5" name="CONTRATO">
<createdBy>milfernandez</createdBy>
<createdTime>2025-09-01 19:21:14 UTC</createdTime>
<ownerDesignName>Tarea semana 3</ownerDesignName>
<engineerTo>
<item key="C14A3F7F-C075-2B26-F4C4-86332B559F90" value="true"/>
</engineerTo>
<adequatelyNormalized>NO</adequatelyNormalized>
<expectedVolumes>0</expectedVolumes>
<fwdEngineeringStrategyName>Single Table</fwdEngineeringStrategyName>
<growthPercent>0</growthPercent>
<growthType>Year</growthType>
<maxVolumes>9999999</maxVolumes>
<minVolumes>0</minVolumes>
<normalForm>Third</normalForm>
<attributes itemClass="oracle.dbtools.crest.model.design.logical.Attribute">
<Attribute name="ID Contrato" id="6A5F5602-7F81-1DBC-D912-715F2A5E8E21">
<createdBy>milfernandez</createdBy>
<createdTime>2025-09-01 19:21:21 UTC</createdTime>
<ownerDesignName>Tarea semana 3</ownerDesignName>
<engineerTo>
<item key="C14A3F7F-C075-2B26-F4C4-86332B559F90" value="true"/>
</engineerTo>
<useDomainConstraints>false</useDomainConstraints>
<use>1</use>
<logicalDatatype>LOGDT024</logicalDatatype>
<dataTypeSize>10</dataTypeSize>
<ownDataTypeParameters>10,,</ownDataTypeParameters>
</Attribute>
<Attribute name="fecha inicio" id="91DFF2E4-DE19-2659-C0E6-9778002EC311">
<createdBy>milfernandez</createdBy>
<createdTime>2025-09-01 19:21:41 UTC</createdTime>
<ownerDesignName>Tarea semana 3</ownerDesignName>
<engineerTo>
<item key="C14A3F7F-C075-2B26-F4C4-86332B559F90" value="true"/>
</engineerTo>
<useDomainConstraints>false</useDomainConstraints>
<use>1</use>
<logicalDatatype>LOGDT007</logicalDatatype>
<ownDataTypeParameters>,,</ownDataTypeParameters>
</Attribute>
<Attribute name="fecha término" id="61E37089-03A4-5850-D1C2-AD43FF4F89A4">
<createdBy>milfernandez</createdBy>
<createdTime>2025-09-01 19:22:01 UTC</createdTime>
<ownerDesignName>Tarea semana 3</ownerDesignName>
<engineerTo>
<item key="C14A3F7F-C075-2B26-F4C4-86332B559F90" value="true"/>
</engineerTo>
<nullsAllowed>true</nullsAllowed>
<useDomainConstraints>false</useDomainConstraints>
<use>1</use>
<logicalDatatype>LOGDT007</logicalDatatype>
<ownDataTypeParameters>,,</ownDataTypeParameters>
</Attribute>
<Attribute name="tipo financiamiento" id="0F033074-D28A-327E-8454-BBE82E58B71E">
<createdBy>milfernandez</createdBy>
<createdTime>2025-09-01 19:22:10 UTC</createdTime>
<ownerDesignName>Tarea semana 3</ownerDesignName>
<engineerTo>
<item key="C14A3F7F-C075-2B26-F4C4-86332B559F90" value="true"/>
</engineerTo>
<useDomainConstraints>false</useDomainConstraints>
<use>1</use>
<logicalDatatype>LOGDT024</logicalDatatype>
<dataTypeSize>20</dataTypeSize>
<ownDataTypeParameters>20,,</ownDataTypeParameters>
</Attribute>
<Attribute name="ID Anexo" id="29ACD59F-4B96-7935-BB91-5216B6FD40EE">
<createdBy>milfernandez</createdBy>
<createdTime>2025-09-01 21:36:43 UTC</createdTime>
<generatorID>883A813E-85C8-A7E7-5C3C-712C551914DA</generatorID>
<ownerDesignName>Tarea semana 3</ownerDesignName>
<engineerTo>
<item key="C14A3F7F-C075-2B26-F4C4-86332B559F90" value="true"/>
</engineerTo>
<nullsAllowed>true</nullsAllowed>
<referedAttribute>5EAA0106-E8B2-7DEF-811E-50110BAF3677</referedAttribute>
<useDomainConstraints>false</useDomainConstraints>
<use>1</use>
<logicalDatatype>LOGDT019</logicalDatatype>
<dataTypePrecision>6</dataTypePrecision>
<ownDataTypeParameters>,,</ownDataTypeParameters>
</Attribute>
</attributes>
<identifiers itemClass="oracle.dbtools.crest.model.design.logical.CandidateKey">
<identifier id="BE440F86-0EF0-BA03-0E49-1DEDCD621447" name="CONTRATO PK">
<createdBy>milfernandez</createdBy>
<createdTime>2025-09-01 19:21:40 UTC</createdTime>
<ownerDesignName>Tarea semana 3</ownerDesignName>
<shouldEngineer>false</shouldEngineer>
<engineerTo>
<item key="C14A3F7F-C075-2B26-F4C4-86332B559F90" value="false"/>
</engineerTo>
<pk>true</pk>
<usedAttributes>
<attributeRef>6A5F5602-7F81-1DBC-D912-715F2A5E8E21</attributeRef>
</usedAttributes>
</identifier>
</identifiers>
</Entity>