<?xml version = '1.0' encoding = 'UTF-8'?>
<Entity class="oracle.dbtools.crest.model.design.logical.Entity" directorySegmentName="seg_0" id="A3CA9B98-4B7F-75CB-6AC3-F3CE4A0E6464" name="PERSONAL">
<createdBy>milfernandez</createdBy>
<createdTime>2025-09-01 19:25:00 UTC</createdTime>
<ownerDesignName>Tarea semana 3</ownerDesignName>
<engineerTo>
<item key="C14A3F7F-C075-2B26-F4C4-86332B559F90" value="true"/>
<item key="E55491FF-277C-6A09-09AE-1BC802D4EF89" value="true"/>
</engineerTo>
<adequatelyNormalized>NO</adequatelyNormalized>
<expectedVolumes>0</expectedVolumes>
<fwdEngineeringStrategyName>Single Table</fwdEngineeringStrategyName>
<growthPercent>0</growthPercent>
<growthType>Year</growthType>
<maxVolumes>9999999</maxVolumes>
<minVolumes>0</minVolumes>
<normalForm>Third</normalForm>
<generateDiscrimColumn>true</generateDiscrimColumn>
<discriminatorAttributeID>0F1605F5-94CB-AD9F-6B03-263A689DA6FB</discriminatorAttributeID>
<attributes itemClass="oracle.dbtools.crest.model.design.logical.Attribute">
<Attribute name="RUT" id="878BDB43-F519-1949-76FA-80FCCF2B83DA">
<createdBy>milfernandez</createdBy>
<createdTime>2025-09-01 19:25:11 UTC</createdTime>
<ownerDesignName>Tarea semana 3</ownerDesignName>
<engineerTo>
<item key="C14A3F7F-C075-2B26-F4C4-86332B559F90" value="true"/>
<item key="E55491FF-277C-6A09-09AE-1BC802D4EF89" value="true"/>
</engineerTo>
<useDomainConstraints>false</useDomainConstraints>
<use>1</use>
<logicalDatatype>LOGDT024</logicalDatatype>
<dataTypeSize>12</dataTypeSize>
<ownDataTypeParameters>12,,</ownDataTypeParameters>
</Attribute>
<Attribute name="nombre" id="7B28AB02-C2DB-F688-62B7-BDA64E44794F">
<createdBy>milfernandez</createdBy>
<createdTime>2025-09-01 19:25:25 UTC</createdTime>
<ownerDesignName>Tarea semana 3</ownerDesignName>
<engineerTo>
<item key="C14A3F7F-C075-2B26-F4C4-86332B559F90" value="true"/>
<item key="E55491FF-277C-6A09-09AE-1BC802D4EF89" value="true"/>
</engineerTo>
<useDomainConstraints>false</useDomainConstraints>
<use>1</use>
<logicalDatatype>LOGDT024</logicalDatatype>
<dataTypeSize>100</dataTypeSize>
<ownDataTypeParameters>100,,</ownDataTypeParameters>
</Attribute>
<Attribute name="fecha ingreso" id="5C9BAFCF-2C63-CDA4-30D9-12A9AD3696AE">
<createdBy>milfernandez</createdBy>
<createdTime>2025-09-01 19:25:48 UTC</createdTime>
<ownerDesignName>Tarea semana 3</ownerDesignName>
<engineerTo>
<item key="C14A3F7F-C075-2B26-F4C4-86332B559F90" value="true"/>
<item key="E55491FF-277C-6A09-09AE-1BC802D4EF89" value="true"/>
</engineerTo>
<useDomainConstraints>false</useDomainConstraints>
<use>1</use>
<logicalDatatype>LOGDT007</logicalDatatype>
<ownDataTypeParameters>,,</ownDataTypeParameters>
</Attribute>
<Attribute name="tipo_personal" id="0F1605F5-94CB-AD9F-6B03-263A689DA6FB">
<createdBy>milfernandez</createdBy>
<createdTime>2025-09-01 20:56:00 UTC</createdTime>
<commentInRDBMS><![CDATA[tipo_personal  IN ('C','M')]]></commentInRDBMS>
<generatorID>57F5E653-86C3-BAA9-74A4-BF3B6A3730B0</generatorID>
<ownerDesignName>Tarea semana 3</ownerDesignName>
<engineerTo>
<item key="C14A3F7F-C075-2B26-F4C4-86332B559F90" value="true"/>
<item key="E55491FF-277C-6A09-09AE-1BC802D4EF89" value="true"/>
</engineerTo>
<useDomainConstraints>false</useDomainConstraints>
<use>1</use>
<logicalDatatype>LOGDT024</logicalDatatype>
<dataTypeSize>1</dataTypeSize>
<ownDataTypeParameters>1,,</ownDataTypeParameters>
</Attribute>
</attributes>
<identifiers itemClass="oracle.dbtools.crest.model.design.logical.CandidateKey">
<identifier id="C0C5AA1E-C477-E7D3-CC0C-59B3378D7F26" name="PERSONAL PK">
<createdBy>milfernandez</createdBy>
<createdTime>2025-09-01 19:25:24 UTC</createdTime>
<ownerDesignName>Tarea semana 3</ownerDesignName>
<shouldEngineer>false</shouldEngineer>
<engineerTo>
<item key="C14A3F7F-C075-2B26-F4C4-86332B559F90" value="true"/>
<item key="E55491FF-277C-6A09-09AE-1BC802D4EF89" value="false"/>
</engineerTo>
<pk>true</pk>
<usedAttributes>
<attributeRef>878BDB43-F519-1949-76FA-80FCCF2B83DA</attributeRef>
</usedAttributes>
</identifier>
</identifiers>
</Entity>