<?xml version = '1.0' encoding = 'UTF-8'?>
<Entity class="oracle.dbtools.crest.model.design.logical.Entity" directorySegmentName="seg_0" id="C21C0AFA-46AB-F2D0-1632-733B119279CF" name="ANEXO">
<createdBy>milfernandez</createdBy>
<createdTime>2025-09-01 19:22:48 UTC</createdTime>
<ownerDesignName>Tarea semana 3</ownerDesignName>
<engineerTo>
<item key="C14A3F7F-C075-2B26-F4C4-86332B559F90" value="true"/>
</engineerTo>
<adequatelyNormalized>NO</adequatelyNormalized>
<expectedVolumes>0</expectedVolumes>
<fwdEngineeringStrategyName>Single Table</fwdEngineeringStrategyName>
<growthPercent>0</growthPercent>
<growthType>Year</growthType>
<maxVolumes>9999999</maxVolumes>
<minVolumes>0</minVolumes>
<normalForm>Third</normalForm>
<attributes itemClass="oracle.dbtools.crest.model.design.logical.Attribute">
<Attribute name="ID Anexo" id="5EAA0106-E8B2-7DEF-811E-50110BAF3677">
<createdBy>milfernandez</createdBy>
<createdTime>2025-09-01 19:22:56 UTC</createdTime>
<ownerDesignName>Tarea semana 3</ownerDesignName>
<engineerTo>
<item key="C14A3F7F-C075-2B26-F4C4-86332B559F90" value="true"/>
</engineerTo>
<useDomainConstraints>false</useDomainConstraints>
<use>1</use>
<logicalDatatype>LOGDT019</logicalDatatype>
<dataTypePrecision>6</dataTypePrecision>
<ownDataTypeParameters>,6,</ownDataTypeParameters>
</Attribute>
<Attribute name="fecha inicio" id="4C78D896-94BB-030B-4965-1C79DD651725">
<createdBy>milfernandez</createdBy>
<createdTime>2025-09-01 19:23:12 UTC</createdTime>
<ownerDesignName>Tarea semana 3</ownerDesignName>
<engineerTo>
<item key="C14A3F7F-C075-2B26-F4C4-86332B559F90" value="true"/>
</engineerTo>
<useDomainConstraints>false</useDomainConstraints>
<use>1</use>
<logicalDatatype>LOGDT007</logicalDatatype>
<ownDataTypeParameters>,,</ownDataTypeParameters>
</Attribute>
<Attribute name="fecha término" id="8FA471EC-0EE7-998D-DA08-EB5A44F80F62">
<createdBy>milfernandez</createdBy>
<createdTime>2025-09-01 19:23:32 UTC</createdTime>
<ownerDesignName>Tarea semana 3</ownerDesignName>
<engineerTo>
<item key="C14A3F7F-C075-2B26-F4C4-86332B559F90" value="true"/>
</engineerTo>
<nullsAllowed>true</nullsAllowed>
<useDomainConstraints>false</useDomainConstraints>
<use>1</use>
<logicalDatatype>LOGDT007</logicalDatatype>
<ownDataTypeParameters>,,</ownDataTypeParameters>
</Attribute>
<Attribute name="observaciones" id="F5C712F5-AE95-73DD-32CC-7FE73ADC29B6">
<createdBy>milfernandez</createdBy>
<createdTime>2025-09-01 19:23:53 UTC</createdTime>
<ownerDesignName>Tarea semana 3</ownerDesignName>
<engineerTo>
<item key="C14A3F7F-C075-2B26-F4C4-86332B559F90" value="true"/>
</engineerTo>
<nullsAllowed>true</nullsAllowed>
<useDomainConstraints>false</useDomainConstraints>
<use>1</use>
<logicalDatatype>LOGDT024</logicalDatatype>
<dataTypeSize>255</dataTypeSize>
<ownDataTypeParameters>255,,</ownDataTypeParameters>
</Attribute>
</attributes>
<identifiers itemClass="oracle.dbtools.crest.model.design.logical.CandidateKey">
<identifier id="CC9E6F90-D012-B464-2181-FE6614B6B695" name="ANEXO_ID_Anexo_UN">
<createdBy>milfernandez</createdBy>
<createdTime>2025-09-01 19:24:32 UTC</createdTime>
<ownerDesignName>Tarea semana 3</ownerDesignName>
<shouldEngineer>false</shouldEngineer>
<engineerTo>
<item key="C14A3F7F-C075-2B26-F4C4-86332B559F90" value="false"/>
</engineerTo>
<usedAttributes>
<attributeRef>5EAA0106-E8B2-7DEF-811E-50110BAF3677</attributeRef>
</usedAttributes>
</identifier>
<identifier id="7A1F9564-3855-A792-06F5-1FBE4A464799" name="ANEXO PK">
<createdBy>milfernandez</createdBy>
<createdTime>2025-09-01 21:07:30 UTC</createdTime>
<ownerDesignName>Tarea semana 3</ownerDesignName>
<shouldEngineer>false</shouldEngineer>
<engineerTo>
<item key="C14A3F7F-C075-2B26-F4C4-86332B559F90" value="false"/>
</engineerTo>
<pk>true</pk>
<usedAttributes>
<attributeRef>5EAA0106-E8B2-7DEF-811E-50110BAF3677</attributeRef>
</usedAttributes>
</identifier>
</identifiers>
</Entity>