<?xml version = '1.0' encoding = 'UTF-8'?>
<FKIndexAssociation class="oracle.dbtools.crest.model.design.relational.FKIndexAssociation" directorySegmentName="seg_0" id="04E04D5B-EFAC-8D5E-7B36-E4A1FD9529B6" containerWithKeyObject="36E0AD92-A908-01CC-2385-9DD7F20C99E8" localFKIndex="F74CC13C-957F-5063-3787-B5E320A2A22B" name="RESIDENCIA_HABITACION_FK">
<createdBy>milfernandez</createdBy>
<createdTime>2025-09-01 21:21:36 UTC</createdTime>
<generatorID>29193807-48F1-ADCB-DB51-72BD9A328BD2</generatorID>
<ownerDesignName>Tarea semana 3</ownerDesignName>
<referredTableLongName>HABITACION</referredTableLongName>
<deleteRule>NO ACTION</deleteRule>
<referredTableID>963D3286-2A33-0F9F-B8A9-D58F6751E8AF</referredTableID>
<keyObject>8B83ACE4-F210-D0A7-6972-C1E8A052C94D</keyObject>
<referredKeyID>8B83ACE4-F210-D0A7-6972-C1E8A052C94D</referredKeyID>
<mandatory>true</mandatory>
<refColNames>ID_Habitacion</refColNames>
<transferable>true</transferable>
<rely>false</rely>
<columnDependencyConstraintGenerateInDDL>true</columnDependencyConstraintGenerateInDDL>
</FKIndexAssociation>