<?xml version = '1.0' encoding = 'UTF-8'?>
<FKIndexAssociation class="oracle.dbtools.crest.model.design.relational.FKIndexAssociation" directorySegmentName="seg_0" id="0591FF54-6739-6452-A702-019B3786C559" containerWithKeyObject="3CA80F0E-AE94-D651-587F-12838E9783E8" localFKIndex="9CE4AF0F-2D25-DCDA-D30C-C3CF20AD4AE0" name="RESIDENTE_ANEXO_FK">
<createdBy>milfernandez</createdBy>
<createdTime>2025-09-01 21:58:33 UTC</createdTime>
<generatorID>486061DA-54CB-E49B-CB14-F4BF40F1CC76</generatorID>
<ownerDesignName>Tarea semana 3</ownerDesignName>
<referredTableLongName>ANEXO</referredTableLongName>
<deleteRule>NO ACTION</deleteRule>
<referredTableID>2137F83B-AB13-C39E-4781-DA73DED39CA5</referredTableID>
<keyObject>C9D7A385-F265-8066-C70B-DBAB9E3B6609</keyObject>
<referredKeyID>C9D7A385-F265-8066-C70B-DBAB9E3B6609</referredKeyID>
<mandatory>false</mandatory>
<refColNames>ID_Anexo</refColNames>
<transferable>true</transferable>
<rely>false</rely>
<columnDependencyConstraintGenerateInDDL>true</columnDependencyConstraintGenerateInDDL>
</FKIndexAssociation>