<?xml version = '1.0' encoding = 'UTF-8'?>
<FKIndexAssociation class="oracle.dbtools.crest.model.design.relational.FKIndexAssociation" directorySegmentName="seg_0" id="1261082D-DFF6-3C7F-7B7A-602FE71F0F83" containerWithKeyObject="3CA80F0E-AE94-D651-587F-12838E9783E8" localFKIndex="64893E3A-B6BD-6FFB-49F3-BD4B2C9BC5EA" name="RESIDENTE_HABITACION_FK">
<createdBy>milfernandez</createdBy>
<createdTime>2025-09-01 21:58:33 UTC</createdTime>
<generatorID>79160E3E-7C82-7A46-A771-E57E557058D4</generatorID>
<ownerDesignName>Tarea semana 3</ownerDesignName>
<referredTableLongName>HABITACION</referredTableLongName>
<deleteRule>NO ACTION</deleteRule>
<referredTableID>963D3286-2A33-0F9F-B8A9-D58F6751E8AF</referredTableID>
<keyObject>8B83ACE4-F210-D0A7-6972-C1E8A052C94D</keyObject>
<referredKeyID>8B83ACE4-F210-D0A7-6972-C1E8A052C94D</referredKeyID>
<mandatory>true</mandatory>
<refColNames>ID_Habitacion</refColNames>
<transferable>false</transferable>
<rely>false</rely>
<columnDependencyConstraintGenerateInDDL>true</columnDependencyConstraintGenerateInDDL>
</FKIndexAssociation>