<?xml version = '1.0' encoding = 'UTF-8'?>
<FKIndexAssociation class="oracle.dbtools.crest.model.design.relational.FKIndexAssociation" directorySegmentName="seg_0" id="1DFF7051-507E-BE3B-F9A0-C296A5013507" containerWithKeyObject="65E659A4-8F82-8EF8-9243-91FA91283196" localFKIndex="88FDC779-C5B0-5DFC-2A4D-7F637A0317D2" name="CONTRATO_ANEXO_FK">
<createdBy>milfernandez</createdBy>
<createdTime>2025-09-01 21:58:33 UTC</createdTime>
<generatorID>883A813E-85C8-A7E7-5C3C-712C551914DA</generatorID>
<ownerDesignName>Tarea semana 3</ownerDesignName>
<referredTableLongName>ANEXO</referredTableLongName>
<deleteRule>NO ACTION</deleteRule>
<referredTableID>2137F83B-AB13-C39E-4781-DA73DED39CA5</referredTableID>
<keyObject>C9D7A385-F265-8066-C70B-DBAB9E3B6609</keyObject>
<referredKeyID>C9D7A385-F265-8066-C70B-DBAB9E3B6609</referredKeyID>
<mandatory>false</mandatory>
<refColNames>ID_Anexo</refColNames>
<transferable>true</transferable>
<rely>false</rely>
<columnDependencyConstraintGenerateInDDL>true</columnDependencyConstraintGenerateInDDL>
</FKIndexAssociation>