<?xml version = '1.0' encoding = 'UTF-8'?>
<FKIndexAssociation class="oracle.dbtools.crest.model.design.relational.FKIndexAssociation" directorySegmentName="seg_0" id="5425A8E8-1D3C-4431-A402-B48045CE9188" containerWithKeyObject="EA8FD95D-D7CB-735E-9022-1626BD520296" localFKIndex="76130D4A-9EC4-100A-F8A6-6CA2BAC74999" name="CUIDADOR_PERSONAL_FK">
<createdBy>milfernandez</createdBy>
<createdTime>2025-09-01 21:21:36 UTC</createdTime>
<generatorID>534A53B1-B25B-4D5E-6F96-DFBF9968A7C8</generatorID>
<ownerDesignName>Tarea semana 3</ownerDesignName>
<referredTableLongName>PERSONAL</referredTableLongName>
<arc>399AC643-825C-29E0-4D20-0AD4E0047380</arc>
<deleteRule>NO ACTION</deleteRule>
<referredTableID>A191DA3E-F485-E7BC-C75E-A4B7E01B169E</referredTableID>
<keyObject>B0691679-A598-CBBC-691D-C90916AEE36F</keyObject>
<referredKeyID>B0691679-A598-CBBC-691D-C90916AEE36F</referredKeyID>
<mandatory>true</mandatory>
<refColNames>RUT</refColNames>
<transferable>true</transferable>
<rely>false</rely>
<discriminatorValue>C</discriminatorValue>
<columnDependencyConstraintGenerateInDDL>true</columnDependencyConstraintGenerateInDDL>
</FKIndexAssociation>