<?xml version = '1.0' encoding = 'UTF-8'?>
<FKIndexAssociation class="oracle.dbtools.crest.model.design.relational.FKIndexAssociation" directorySegmentName="seg_0" id="5DCD5C58-8ED4-5412-54D3-766C3AF0557E" containerWithKeyObject="79B6E0E9-EBE2-ACE6-F20D-BECA3657C261" localFKIndex="A62E6793-855E-BE15-92EF-06D1D2D973B2" name="MEDICO_MEDICO_FK">
<createdBy>milfernandez</createdBy>
<createdTime>2025-09-01 21:58:33 UTC</createdTime>
<generatorID>EE98CB32-6805-463A-D186-D3C4B411A56B</generatorID>
<ownerDesignName>Tarea semana 3</ownerDesignName>
<referredTableLongName>MEDICO</referredTableLongName>
<deleteRule>NO ACTION</deleteRule>
<referredTableID>79B6E0E9-EBE2-ACE6-F20D-BECA3657C261</referredTableID>
<keyObject>6D2BFD5A-C2E9-95BB-7F33-ADA23567C1D1</keyObject>
<referredKeyID>6D2BFD5A-C2E9-95BB-7F33-ADA23567C1D1</referredKeyID>
<mandatory>true</mandatory>
<transferable>true</transferable>
<rely>false</rely>
<columnDependencyConstraintGenerateInDDL>true</columnDependencyConstraintGenerateInDDL>
</FKIndexAssociation>