<?xml version = '1.0' encoding = 'UTF-8'?>
<FKIndexAssociation class="oracle.dbtools.crest.model.design.relational.FKIndexAssociation" directorySegmentName="seg_0" id="840D6C07-3EF6-F77F-B229-E8224C01F335" containerWithKeyObject="36E0AD92-A908-01CC-2385-9DD7F20C99E8" localFKIndex="2FDA1D67-7943-9F40-B674-D75050A26722" name="RESIDENCIA_PERSONAL_FK">
<createdBy>milfernandez</createdBy>
<createdTime>2025-09-01 21:58:33 UTC</createdTime>
<generatorID>91E13D44-94B1-54B6-53C1-8104CCFF531F</generatorID>
<ownerDesignName>Tarea semana 3</ownerDesignName>
<referredTableLongName>PERSONAL</referredTableLongName>
<deleteRule>NO ACTION</deleteRule>
<referredTableID>A191DA3E-F485-E7BC-C75E-A4B7E01B169E</referredTableID>
<keyObject>B0691679-A598-CBBC-691D-C90916AEE36F</keyObject>
<referredKeyID>B0691679-A598-CBBC-691D-C90916AEE36F</referredKeyID>
<mandatory>true</mandatory>
<refColNames>RUT</refColNames>
<transferable>false</transferable>
<rely>false</rely>
<columnDependencyConstraintGenerateInDDL>true</columnDependencyConstraintGenerateInDDL>
</FKIndexAssociation>