<?xml version = '1.0' encoding = 'UTF-8'?>
<FKIndexAssociation class="oracle.dbtools.crest.model.design.relational.FKIndexAssociation" directorySegmentName="seg_0" id="951B72C0-E750-8263-B2BD-CDBD5193BFC6" containerWithKeyObject="BC4FD352-6FDE-38D3-A987-A06CC4C9EC48" localFKIndex="9EF6A058-56D8-58E2-9279-09CB4B7A8C95" name="APODERADO_CONTRATO_FK">
<createdBy>milfernandez</createdBy>
<createdTime>2025-09-01 21:58:33 UTC</createdTime>
<generatorID>47999020-8767-1254-46EC-253390DFC84A</generatorID>
<ownerDesignName>Tarea semana 3</ownerDesignName>
<referredTableLongName>CONTRATO</referredTableLongName>
<deleteRule>NO ACTION</deleteRule>
<referredTableID>65E659A4-8F82-8EF8-9243-91FA91283196</referredTableID>
<keyObject>4CAFE027-9F05-9E57-7197-300ABA5D47AC</keyObject>
<referredKeyID>4CAFE027-9F05-9E57-7197-300ABA5D47AC</referredKeyID>
<mandatory>false</mandatory>
<refColNames>ID_Contrato</refColNames>
<transferable>true</transferable>
<rely>false</rely>
<columnDependencyConstraintGenerateInDDL>true</columnDependencyConstraintGenerateInDDL>
</FKIndexAssociation>