<?xml version = '1.0' encoding = 'UTF-8'?>
<FKIndexAssociation class="oracle.dbtools.crest.model.design.relational.FKIndexAssociation" directorySegmentName="seg_0" id="B44353D7-30FF-AA1F-C2A8-259FB2DCA294" containerWithKeyObject="79B6E0E9-EBE2-ACE6-F20D-BECA3657C261" localFKIndex="520DE923-E040-B6EB-B32A-E530CB72A575" name="MEDICO_PERSONAL_FK">
<createdBy>milfernandez</createdBy>
<createdTime>2025-09-01 21:21:36 UTC</createdTime>
<generatorID>941A962D-91F0-96FE-005B-96364D182DCD</generatorID>
<ownerDesignName>Tarea semana 3</ownerDesignName>
<referredTableLongName>PERSONAL</referredTableLongName>
<arc>399AC643-825C-29E0-4D20-0AD4E0047380</arc>
<deleteRule>NO ACTION</deleteRule>
<referredTableID>A191DA3E-F485-E7BC-C75E-A4B7E01B169E</referredTableID>
<keyObject>B0691679-A598-CBBC-691D-C90916AEE36F</keyObject>
<referredKeyID>B0691679-A598-CBBC-691D-C90916AEE36F</referredKeyID>
<mandatory>true</mandatory>
<refColNames>RUT</refColNames>
<transferable>true</transferable>
<rely>false</rely>
<discriminatorValue>M</discriminatorValue>
<columnDependencyConstraintGenerateInDDL>true</columnDependencyConstraintGenerateInDDL>
</FKIndexAssociation>