<?xml version = '1.0' encoding = 'UTF-8'?>
<FKIndexAssociation class="oracle.dbtools.crest.model.design.relational.FKIndexAssociation" directorySegmentName="seg_0" id="E11D7122-FF66-AA68-43A7-C32025C9C6E1" containerWithKeyObject="2F7B9239-DE37-C507-BF0F-88D0BAB5673A" localFKIndex="014414A9-E3BD-7A19-BE0D-49C9DFA1735A" name="PERMANENTE_RESIDENTE_FK">
<createdBy>milfernandez</createdBy>
<createdTime>2025-09-01 21:21:36 UTC</createdTime>
<generatorID>DD351382-2675-7DB3-A172-ABA79E84012A</generatorID>
<ownerDesignName>Tarea semana 3</ownerDesignName>
<referredTableLongName>RESIDENTE</referredTableLongName>
<arc>BF23E3D5-3600-3D00-83A6-A06347F1A258</arc>
<deleteRule>NO ACTION</deleteRule>
<referredTableID>3CA80F0E-AE94-D651-587F-12838E9783E8</referredTableID>
<keyObject>AF288AD3-37A4-0DD3-9E4A-FFA34E9494B1</keyObject>
<referredKeyID>AF288AD3-37A4-0DD3-9E4A-FFA34E9494B1</referredKeyID>
<mandatory>true</mandatory>
<refColNames>RUT</refColNames>
<transferable>true</transferable>
<rely>false</rely>
<discriminatorValue>P</discriminatorValue>
<columnDependencyConstraintGenerateInDDL>true</columnDependencyConstraintGenerateInDDL>
</FKIndexAssociation>