<?xml version = '1.0' encoding = 'UTF-8'?>
<FKIndexAssociation class="oracle.dbtools.crest.model.design.relational.FKIndexAssociation" directorySegmentName="seg_0" id="F9DE03E4-C966-B661-AA67-12F0AB8DDF47" containerWithKeyObject="657C081F-8A6C-EBC0-9F65-DA4C4F4B28ED" localFKIndex="3B68C19F-309D-6978-9496-698966FD079C" name="TEMPORAL_RESIDENTE_FK">
<createdBy>milfernandez</createdBy>
<createdTime>2025-09-01 21:21:36 UTC</createdTime>
<generatorID>96E33E4A-FC6E-3070-BACB-BD99694CE061</generatorID>
<ownerDesignName>Tarea semana 3</ownerDesignName>
<referredTableLongName>RESIDENTE</referredTableLongName>
<arc>BF23E3D5-3600-3D00-83A6-A06347F1A258</arc>
<deleteRule>NO ACTION</deleteRule>
<referredTableID>3CA80F0E-AE94-D651-587F-12838E9783E8</referredTableID>
<keyObject>AF288AD3-37A4-0DD3-9E4A-FFA34E9494B1</keyObject>
<referredKeyID>AF288AD3-37A4-0DD3-9E4A-FFA34E9494B1</referredKeyID>
<mandatory>true</mandatory>
<refColNames>RUT</refColNames>
<transferable>true</transferable>
<rely>false</rely>
<discriminatorValue>T</discriminatorValue>
<columnDependencyConstraintGenerateInDDL>true</columnDependencyConstraintGenerateInDDL>
</FKIndexAssociation>