<?xml version = '1.0' encoding = 'UTF-8'?>
<Diagram class="oracle.dbtools.crest.swingui.relational.DPVRelational" name="Relational_1" id="8D404324-5950-445B-6D19-83D94FD9EC30">
<createdBy>milfernandez</createdBy>
<modifiedBy>milfernandez</modifiedBy>
<createdTime>2025-09-08 20:13:05 UTC</createdTime>
<autoRoute>false</autoRoute>
<boxInbox>true</boxInbox>
<showLegend>false</showLegend>
<showLabels>false</showLabels>
<showRelAttributes>false</showRelAttributes>
<gridEnabled>false</gridEnabled>
<showGrid>false</showGrid>
<diagramColor>-1</diagramColor>
<display>false</display>
<notation>1</notation>
<objectViews>
<OView class="oracle.dbtools.crest.swingui.relational.TVTable" oid="0711F802-5E55-74E6-DD62-E8CB52EC85FD" otype="Table" vid="0499F7ED-525F-3D96-0075-512F8669EFF2">
<hideElementsInCurrentOnly>false</hideElementsInCurrentOnly>
<bounds x="39" y="300" width="233" height="203"/>
</OView>
<OView class="oracle.dbtools.crest.swingui.relational.TVTable" oid="127EA32A-374A-9F26-6B7D-22C1978F1E5D" otype="Table" vid="0B13AF98-CD08-4FC3-CFE8-9ADF43975C29">
<hideElementsInCurrentOnly>false</hideElementsInCurrentOnly>
<bounds x="852" y="61" width="199" height="209"/>
</OView>
<OView class="oracle.dbtools.crest.swingui.relational.TVTable" oid="2E2E2D85-BCBD-A587-B10F-BDF16E4A2437" otype="Table" vid="95FBB1C5-39DB-3616-F90A-753B26FE43C2">
<hideElementsInCurrentOnly>false</hideElementsInCurrentOnly>
<bounds x="272" y="64" width="276" height="201"/>
</OView>
<OView class="oracle.dbtools.crest.swingui.relational.TVTable" oid="4D4FA447-6601-D86E-FD02-FE39D99F3DC4" otype="Table" vid="15533401-534E-4429-591D-8014D1D4AF2B">
<hideElementsInCurrentOnly>false</hideElementsInCurrentOnly>
<bounds x="589" y="46" width="211" height="223"/>
</OView>
<OView class="oracle.dbtools.crest.swingui.relational.TVTable" oid="7CE9A07D-7BC7-A7B5-FFB6-B5708AF83308" otype="Table" vid="0BC787ED-5F69-EE00-230D-C96B4EF22293">
<hideElementsInCurrentOnly>false</hideElementsInCurrentOnly>
<bounds x="355" y="317" width="219" height="182"/>
</OView>
<OView class="oracle.dbtools.crest.swingui.relational.TVTable" oid="8973A4C6-32D3-3C69-F439-4078C72D94C3" otype="Table" vid="4A574255-CCDE-B266-1EC6-A776CABB1322">
<hideElementsInCurrentOnly>false</hideElementsInCurrentOnly>
<bounds x="604" y="309" width="224" height="184"/>
</OView>
</objectViews>
<connectors>
<Connector class="oracle.dbtools.crest.swingui.relational.TVFKRelation" oid="3FF793CA-F375-ADDF-1375-553FA7AC6B08" otype="FKIndexAssociation" vid_source="95FBB1C5-39DB-3616-F90A-753B26FE43C2" vid_target="15533401-534E-4429-591D-8014D1D4AF2B">
<hideElementsInCurrentOnly>false</hideElementsInCurrentOnly>
<backgroundColor>-16777216</backgroundColor>
<lineWidth>1</lineWidth>
<points>
<point x="548" y="164"/>
<point x="589" y="164"/>
</points>
</Connector>
<Connector class="oracle.dbtools.crest.swingui.relational.TVFKRelation" oid="4E06EBC7-A08D-B172-5506-AB7E5BD858C0" otype="FKIndexAssociation" vid_source="0B13AF98-CD08-4FC3-CFE8-9ADF43975C29" vid_target="15533401-534E-4429-591D-8014D1D4AF2B">
<hideElementsInCurrentOnly>false</hideElementsInCurrentOnly>
<backgroundColor>-16777216</backgroundColor>
<lineWidth>1</lineWidth>
<points>
<point x="852" y="165"/>
<point x="800" y="165"/>
</points>
</Connector>
<Connector class="oracle.dbtools.crest.swingui.relational.TVFKRelation" oid="80709196-BE6C-EDE6-C3AB-8C0BC8803B9E" otype="FKIndexAssociation" vid_source="0BC787ED-5F69-EE00-230D-C96B4EF22293" vid_target="4A574255-CCDE-B266-1EC6-A776CABB1322">
<hideElementsInCurrentOnly>false</hideElementsInCurrentOnly>
<backgroundColor>-16777216</backgroundColor>
<lineWidth>1</lineWidth>
<points>
<point x="574" y="405"/>
<point x="604" y="405"/>
</points>
</Connector>
<Connector class="oracle.dbtools.crest.swingui.relational.TVFKRelation" oid="85FF9439-2450-E89E-D251-D30BFED21DE9" otype="FKIndexAssociation" vid_source="0499F7ED-525F-3D96-0075-512F8669EFF2" vid_target="0BC787ED-5F69-EE00-230D-C96B4EF22293">
<hideElementsInCurrentOnly>false</hideElementsInCurrentOnly>
<backgroundColor>-16777216</backgroundColor>
<lineWidth>1</lineWidth>
<points>
<point x="272" y="408"/>
<point x="355" y="408"/>
</points>
</Connector>
<Connector class="oracle.dbtools.crest.swingui.relational.TVFKRelation" oid="EB842107-00CB-4DCF-8A2F-FFBD13FD0A2D" otype="FKIndexAssociation" vid_source="95FBB1C5-39DB-3616-F90A-753B26FE43C2" vid_target="0BC787ED-5F69-EE00-230D-C96B4EF22293">
<hideElementsInCurrentOnly>false</hideElementsInCurrentOnly>
<backgroundColor>-16777216</backgroundColor>
<lineWidth>1</lineWidth>
<points>
<point x="451" y="265"/>
<point x="451" y="317"/>
</points>
</Connector>
</connectors>
</Diagram>