<?xml version = '1.0' encoding = 'UTF-8'?>
<Diagram class="oracle.dbtools.crest.swingui.logical.DPVLogicalSubView" name="Logical - SubView_1v1" id="693AB1D8-6795-E51D-DF13-36B6CAC61442">
<createdBy>milfernandez</createdBy>
<modifiedBy>milfernandez</modifiedBy>
<createdTime>2025-09-01 21:09:32 UTC</createdTime>
<autoRoute>false</autoRoute>
<boxInbox>true</boxInbox>
<showLegend>false</showLegend>
<showLabels>false</showLabels>
<showRelAttributes>false</showRelAttributes>
<gridEnabled>false</gridEnabled>
<showGrid>false</showGrid>
<diagramColor>-1</diagramColor>
<display>false</display>
<notation>1</notation>
<showAllDetails>false</showAllDetails>
<showElements>true</showElements>
<objectViews>
<OView class="oracle.dbtools.crest.swingui.logical.TVEntity" oid="567733AF-F72A-D752-503B-1EEABC19D437" otype="Entity" vid="36C29878-4E59-EB4E-AFF8-6A7435EE16D7">
<hideElementsInCurrentOnly>false</hideElementsInCurrentOnly>
<bounds x="517" y="220" width="329" height="194"/>
</OView>
</objectViews>
</Diagram>