<?xml version = '1.0' encoding = 'UTF-8'?>
<Diagram class="oracle.dbtools.crest.swingui.logical.DPVLogical" name="Logical" id="E76218D1-ED3F-A5F3-98A2-650F96A5412F">
<createdBy>milfernandez</createdBy>
<modifiedBy>milfernandez</modifiedBy>
<createdTime>2025-08-31 20:45:09 UTC</createdTime>
<autoRoute>false</autoRoute>
<boxInbox>true</boxInbox>
<showLegend>false</showLegend>
<showLabels>false</showLabels>
<showRelAttributes>false</showRelAttributes>
<gridEnabled>false</gridEnabled>
<showGrid>false</showGrid>
<diagramColor>-1</diagramColor>
<display>false</display>
<notation>1</notation>
<showAllDetails>false</showAllDetails>
<showElements>true</showElements>
<objectViews>
<OView class="oracle.dbtools.crest.swingui.logical.TVEntity" oid="05A498E7-28C3-A24A-CABD-6B3C5EF5EF48" otype="Entity" vid="5BDAC280-0CBA-9D06-D278-08FBC75B3F73">
<hideElementsInCurrentOnly>false</hideElementsInCurrentOnly>
<bounds x="618" y="283" width="119" height="66"/>
</OView>
<OView class="oracle.dbtools.crest.swingui.logical.TVEntity" oid="09DFAC00-6DFC-6D2C-8C74-DAA120B07A62" otype="Entity" vid="1584ABD6-6068-A9BB-519D-08334905FFC3">
<hideElementsInCurrentOnly>false</hideElementsInCurrentOnly>
<bounds x="8" y="20" width="108" height="91"/>
</OView>
<OView class="oracle.dbtools.crest.swingui.logical.TVEntity" oid="33FFF21F-8F4C-660A-329A-64C76EAFADAC" otype="Entity" vid="6C246690-1918-EE9F-F98D-C603FB61A989">
<hideElementsInCurrentOnly>false</hideElementsInCurrentOnly>
<bounds x="115" y="343" width="104" height="65"/>
</OView>
<OView class="oracle.dbtools.crest.swingui.logical.TVEntity" oid="47ED4C04-DE60-5515-92AB-774D72894204" otype="Entity" vid="D3648217-7E0E-D2C8-6B46-AE6757690605">
<hideElementsInCurrentOnly>false</hideElementsInCurrentOnly>
<bounds x="895" y="11" width="152" height="84"/>
</OView>
<OView class="oracle.dbtools.crest.swingui.logical.TVEntity" oid="567733AF-F72A-D752-503B-1EEABC19D437" otype="Entity" vid="CB31B6F3-F426-3823-F7E8-856BDE4604F9">
<hideElementsInCurrentOnly>false</hideElementsInCurrentOnly>
<bounds x="446" y="256" width="329" height="194"/>
</OView>
<OView class="oracle.dbtools.crest.swingui.logical.TVEntity" oid="6E5D8CB3-4559-BF08-501D-9A7620FACC20" otype="Entity" vid="054D5EEB-3585-21A7-9B4C-73F8F79BF4A6">
<hideElementsInCurrentOnly>false</hideElementsInCurrentOnly>
<bounds x="618" y="358" width="97" height="75"/>
</OView>
<OView class="oracle.dbtools.crest.swingui.logical.TVEntity" oid="6FA4C3AB-73C8-002B-2990-1935ED7D5263" otype="Entity" vid="BD3CF994-C916-B9C4-54A7-CE7DB43A7BF1">
<hideElementsInCurrentOnly>false</hideElementsInCurrentOnly>
<bounds x="10" y="343" width="97" height="65"/>
</OView>
<OView class="oracle.dbtools.crest.swingui.logical.TVEntity" oid="8A88D0A5-7B13-2E12-E99C-3B3BDFD09AA8" otype="Entity" vid="3F6FD3A9-FD9D-39D6-6364-692F48F9D1EE">
<hideElementsInCurrentOnly>false</hideElementsInCurrentOnly>
<bounds x="176" y="13" width="140" height="104"/>
</OView>
<OView class="oracle.dbtools.crest.swingui.logical.TVEntity" oid="8D1EF135-916A-83F1-F2E7-49493F8B35B5" otype="Entity" vid="F0520DF4-E6FF-2165-ACF9-36DF28116B37">
<hideElementsInCurrentOnly>false</hideElementsInCurrentOnly>
<bounds x="671" y="25" width="138" height="118"/>
</OView>
<OView class="oracle.dbtools.crest.swingui.logical.TVEntity" oid="A3CA9B98-4B7F-75CB-6AC3-F3CE4A0E6464" otype="Entity" vid="6BE53DEE-AB20-BB8F-A710-24DA461EF1A5">
<hideElementsInCurrentOnly>false</hideElementsInCurrentOnly>
<bounds x="0" y="257" width="268" height="161"/>
</OView>
<OView class="oracle.dbtools.crest.swingui.logical.TVEntity" oid="C21C0AFA-46AB-F2D0-1632-733B119279CF" otype="Entity" vid="CBEC1336-1AB7-6CF2-5AC8-873CC4D712BD">
<hideElementsInCurrentOnly>false</hideElementsInCurrentOnly>
<bounds x="443" y="4" width="156" height="122"/>
</OView>
</objectViews>
<connectors>
<Connector class="oracle.dbtools.crest.swingui.logical.TVRelation" oid="29193807-48F1-ADCB-DB51-72BD9A328BD2" otype="Relation" vid_source="1584ABD6-6068-A9BB-519D-08334905FFC3" vid_target="3F6FD3A9-FD9D-39D6-6364-692F48F9D1EE">
<hideElementsInCurrentOnly>false</hideElementsInCurrentOnly>
<backgroundColor>-16777216</backgroundColor>
<lineWidth>1</lineWidth>
<points>
<point x="116" y="80"/>
<point x="176" y="80"/>
</points>
</Connector>
<Connector class="oracle.dbtools.crest.swingui.logical.TVRelation" oid="47999020-8767-1254-46EC-253390DFC84A" otype="Relation" vid_source="D3648217-7E0E-D2C8-6B46-AE6757690605" vid_target="F0520DF4-E6FF-2165-ACF9-36DF28116B37">
<hideElementsInCurrentOnly>false</hideElementsInCurrentOnly>
<backgroundColor>-16777216</backgroundColor>
<lineWidth>1</lineWidth>
<points>
<point x="895" y="45"/>
<point x="809" y="45"/>
</points>
</Connector>
<Connector class="oracle.dbtools.crest.swingui.logical.TVRelation" oid="486061DA-54CB-E49B-CB14-F4BF40F1CC76" otype="Relation" vid_source="CB31B6F3-F426-3823-F7E8-856BDE4604F9" vid_target="CBEC1336-1AB7-6CF2-5AC8-873CC4D712BD">
<hideElementsInCurrentOnly>false</hideElementsInCurrentOnly>
<backgroundColor>-16777216</backgroundColor>
<lineWidth>1</lineWidth>
<points>
<point x="537" y="256"/>
<point x="537" y="126"/>
</points>
</Connector>
<Connector class="oracle.dbtools.crest.swingui.logical.TVInheritanceRelation" oid="534A53B1-B25B-4D5E-6F96-DFBF9968A7C8" otype="Hierarchy relation" vid_source="6BE53DEE-AB20-BB8F-A710-24DA461EF1A5" vid_target="BD3CF994-C916-B9C4-54A7-CE7DB43A7BF1">
<hideElementsInCurrentOnly>false</hideElementsInCurrentOnly>
<backgroundColor>-65536</backgroundColor>
<lineWidth>1</lineWidth>
</Connector>
<Connector class="oracle.dbtools.crest.swingui.logical.TVRelation" oid="79160E3E-7C82-7A46-A771-E57E557058D4" otype="Relation" vid_source="3F6FD3A9-FD9D-39D6-6364-692F48F9D1EE" vid_target="CB31B6F3-F426-3823-F7E8-856BDE4604F9">
<hideElementsInCurrentOnly>false</hideElementsInCurrentOnly>
<backgroundColor>-16777216</backgroundColor>
<lineWidth>1</lineWidth>
<points>
<point x="311" y="117"/>
<point x="487" y="256"/>
</points>
</Connector>
<Connector class="oracle.dbtools.crest.swingui.logical.TVRelation" oid="883A813E-85C8-A7E7-5C3C-712C551914DA" otype="Relation" vid_source="F0520DF4-E6FF-2165-ACF9-36DF28116B37" vid_target="CBEC1336-1AB7-6CF2-5AC8-873CC4D712BD">
<hideElementsInCurrentOnly>false</hideElementsInCurrentOnly>
<backgroundColor>-16777216</backgroundColor>
<lineWidth>1</lineWidth>
<points>
<point x="671" y="75"/>
<point x="599" y="75"/>
</points>
</Connector>
<Connector class="oracle.dbtools.crest.swingui.logical.TVRelation" oid="91E13D44-94B1-54B6-53C1-8104CCFF531F" otype="Relation" vid_source="1584ABD6-6068-A9BB-519D-08334905FFC3" vid_target="6BE53DEE-AB20-BB8F-A710-24DA461EF1A5">
<hideElementsInCurrentOnly>false</hideElementsInCurrentOnly>
<backgroundColor>-16777216</backgroundColor>
<lineWidth>1</lineWidth>
<points>
<point x="77" y="111"/>
<point x="77" y="257"/>
</points>
</Connector>
<Connector class="oracle.dbtools.crest.swingui.logical.TVInheritanceRelation" oid="941A962D-91F0-96FE-005B-96364D182DCD" otype="Hierarchy relation" vid_source="6BE53DEE-AB20-BB8F-A710-24DA461EF1A5" vid_target="6C246690-1918-EE9F-F98D-C603FB61A989">
<hideElementsInCurrentOnly>false</hideElementsInCurrentOnly>
<backgroundColor>-65536</backgroundColor>
<lineWidth>1</lineWidth>
</Connector>
<Connector class="oracle.dbtools.crest.swingui.logical.TVInheritanceRelation" oid="96E33E4A-FC6E-3070-BACB-BD99694CE061" otype="Hierarchy relation" vid_source="CB31B6F3-F426-3823-F7E8-856BDE4604F9" vid_target="054D5EEB-3585-21A7-9B4C-73F8F79BF4A6">
<hideElementsInCurrentOnly>false</hideElementsInCurrentOnly>
<backgroundColor>-65536</backgroundColor>
<lineWidth>1</lineWidth>
</Connector>
<Connector class="oracle.dbtools.crest.swingui.logical.TVInheritanceRelation" oid="DD351382-2675-7DB3-A172-ABA79E84012A" otype="Hierarchy relation" vid_source="CB31B6F3-F426-3823-F7E8-856BDE4604F9" vid_target="5BDAC280-0CBA-9D06-D278-08FBC75B3F73">
<hideElementsInCurrentOnly>false</hideElementsInCurrentOnly>
<backgroundColor>-65536</backgroundColor>
<lineWidth>1</lineWidth>
</Connector>
<Connector class="oracle.dbtools.crest.swingui.logical.TVRelation" oid="EE98CB32-6805-463A-D186-D3C4B411A56B" otype="Relation" vid_source="6C246690-1918-EE9F-F98D-C603FB61A989" vid_target="6C246690-1918-EE9F-F98D-C603FB61A989">
<hideElementsInCurrentOnly>false</hideElementsInCurrentOnly>
<backgroundColor>-16777216</backgroundColor>
<lineWidth>1</lineWidth>
<points>
<point x="219" y="381"/>
<point x="269" y="381"/>
<point x="269" y="458"/>
<point x="176" y="458"/>
<point x="176" y="408"/>
</points>
</Connector>
</connectors>
</Diagram>