<?xml version = '1.0' encoding = 'UTF-8'?>
<Diagram class="oracle.dbtools.crest.swingui.logical.DPVLogicalSubView" name="From_RM_Relational_1" id="F7FEF159-CC6A-5617-C101-8750870D22A9">
<createdBy>milfernandez</createdBy>
<modifiedBy>milfernandez</modifiedBy>
<createdTime>2025-09-01 20:57:32 UTC</createdTime>
<autoRoute>false</autoRoute>
<boxInbox>true</boxInbox>
<showLegend>false</showLegend>
<showLabels>false</showLabels>
<showRelAttributes>false</showRelAttributes>
<gridEnabled>false</gridEnabled>
<showGrid>false</showGrid>
<diagramColor>-1</diagramColor>
<display>false</display>
<generatorId>2A2DD506-C75A-2E25-E9BC-4FABB142652D</generatorId>
<notation>1</notation>
<objectViews>
<OView class="oracle.dbtools.crest.swingui.logical.TVEntity" oid="05A498E7-28C3-A24A-CABD-6B3C5EF5EF48" otype="Entity" vid="B529BD0F-4D3E-A5B9-8EF7-C9FEC273D29F">
<hideElementsInCurrentOnly>false</hideElementsInCurrentOnly>
<bounds x="670" y="314" width="119" height="66"/>
<generatorID>BDD89518-D977-CB2A-DFB2-124338D551A8</generatorID>
</OView>
<OView class="oracle.dbtools.crest.swingui.logical.TVEntity" oid="09DFAC00-6DFC-6D2C-8C74-DAA120B07A62" otype="Entity" vid="82B72D16-5107-978B-B1C5-812C3F10B732">
<hideElementsInCurrentOnly>false</hideElementsInCurrentOnly>
<bounds x="125" y="5" width="108" height="91"/>
<generatorID>C859C6A3-6ABD-1CE6-3F27-C3370C1D82C1</generatorID>
</OView>
<OView class="oracle.dbtools.crest.swingui.logical.TVEntity" oid="33FFF21F-8F4C-660A-329A-64C76EAFADAC" otype="Entity" vid="29BEB11C-852B-572A-1D88-2F943296A633">
<hideElementsInCurrentOnly>false</hideElementsInCurrentOnly>
<bounds x="150" y="385" width="104" height="65"/>
<generatorID>E7E7CFCE-B4F1-DD90-1F1C-59001571B7AB</generatorID>
</OView>
<OView class="oracle.dbtools.crest.swingui.logical.TVEntity" oid="47ED4C04-DE60-5515-92AB-774D72894204" otype="Entity" vid="3B50BB19-B223-74E6-88D7-97DC695B17BF">
<hideElementsInCurrentOnly>false</hideElementsInCurrentOnly>
<bounds x="733" y="16" width="152" height="84"/>
<generatorID>B855F18F-DF42-C33B-43D8-7F921FA17CBA</generatorID>
</OView>
<OView class="oracle.dbtools.crest.swingui.logical.TVEntity" oid="567733AF-F72A-D752-503B-1EEABC19D437" otype="Entity" vid="3940FDAC-9E71-D11F-6CBB-5A5227EF8A13">
<hideElementsInCurrentOnly>false</hideElementsInCurrentOnly>
<bounds x="517" y="220" width="329" height="194"/>
<generatorID>C39C886A-8189-13B6-F5F4-60BD1D93D9BB</generatorID>
</OView>
<OView class="oracle.dbtools.crest.swingui.logical.TVEntity" oid="6E5D8CB3-4559-BF08-501D-9A7620FACC20" otype="Entity" vid="1D689FB9-15CA-E639-7802-14F9C665EBC4">
<hideElementsInCurrentOnly>false</hideElementsInCurrentOnly>
<bounds x="533" y="311" width="97" height="75"/>
<generatorID>E102E008-0B9B-09BE-E2C4-B6EE1E1182F2</generatorID>
</OView>
<OView class="oracle.dbtools.crest.swingui.logical.TVEntity" oid="6FA4C3AB-73C8-002B-2990-1935ED7D5263" otype="Entity" vid="FB7408C7-5FB6-11E0-052B-3BE559DC4CB0">
<hideElementsInCurrentOnly>false</hideElementsInCurrentOnly>
<bounds x="45" y="385" width="97" height="65"/>
<generatorID>B7183BAE-AEA2-15FF-0170-F56EED45EE5B</generatorID>
</OView>
<OView class="oracle.dbtools.crest.swingui.logical.TVEntity" oid="8A88D0A5-7B13-2E12-E99C-3B3BDFD09AA8" otype="Entity" vid="6CCF0B26-4AD6-39C6-8211-8CCBA123FBC9">
<hideElementsInCurrentOnly>false</hideElementsInCurrentOnly>
<bounds x="270" y="158" width="203" height="136"/>
<generatorID>E78B3D6F-2713-F5D2-7702-FDFE7526652E</generatorID>
</OView>
<OView class="oracle.dbtools.crest.swingui.logical.TVEntity" oid="8D1EF135-916A-83F1-F2E7-49493F8B35B5" otype="Entity" vid="B9E3AE38-3B2B-D140-1271-01D023B0CAA1">
<hideElementsInCurrentOnly>false</hideElementsInCurrentOnly>
<bounds x="995" y="0" width="138" height="118"/>
<generatorID>A0899DD0-2011-44DA-5028-34F05AF8532F</generatorID>
</OView>
<OView class="oracle.dbtools.crest.swingui.logical.TVEntity" oid="A3CA9B98-4B7F-75CB-6AC3-F3CE4A0E6464" otype="Entity" vid="27CD5785-B0C8-E91C-6A52-2D3AC0A1E090">
<hideElementsInCurrentOnly>false</hideElementsInCurrentOnly>
<bounds x="35" y="299" width="229" height="161"/>
<generatorID>07608FE5-AC7D-B7F5-D538-01A6C4846C29</generatorID>
</OView>
<OView class="oracle.dbtools.crest.swingui.logical.TVEntity" oid="C21C0AFA-46AB-F2D0-1632-733B119279CF" otype="Entity" vid="B45DDEFA-C0C6-8BD1-876F-560FE3CFBF7F">
<hideElementsInCurrentOnly>false</hideElementsInCurrentOnly>
<bounds x="971" y="289" width="156" height="122"/>
<generatorID>0B66311F-691C-1E35-F3DA-F69F1EAB16B7</generatorID>
</OView>
</objectViews>
<connectors>
<Connector class="oracle.dbtools.crest.swingui.logical.TVRelation" oid="29193807-48F1-ADCB-DB51-72BD9A328BD2" otype="Relation" vid_source="82B72D16-5107-978B-B1C5-812C3F10B732" vid_target="6CCF0B26-4AD6-39C6-8211-8CCBA123FBC9">
<hideElementsInCurrentOnly>false</hideElementsInCurrentOnly>
<backgroundColor>-16777216</backgroundColor>
<lineWidth>1</lineWidth>
<points>
<point x="228" y="96"/>
<point x="296" y="158"/>
</points>
</Connector>
<Connector class="oracle.dbtools.crest.swingui.logical.TVRelation" oid="47999020-8767-1254-46EC-253390DFC84A" otype="Relation" vid_source="3B50BB19-B223-74E6-88D7-97DC695B17BF" vid_target="B9E3AE38-3B2B-D140-1271-01D023B0CAA1">
<hideElementsInCurrentOnly>false</hideElementsInCurrentOnly>
<backgroundColor>-16777216</backgroundColor>
<lineWidth>1</lineWidth>
<points>
<point x="885" y="58"/>
<point x="995" y="58"/>
</points>
</Connector>
<Connector class="oracle.dbtools.crest.swingui.logical.TVRelation" oid="486061DA-54CB-E49B-CB14-F4BF40F1CC76" otype="Relation" vid_source="3940FDAC-9E71-D11F-6CBB-5A5227EF8A13" vid_target="B45DDEFA-C0C6-8BD1-876F-560FE3CFBF7F">
<hideElementsInCurrentOnly>false</hideElementsInCurrentOnly>
<backgroundColor>-16777216</backgroundColor>
<lineWidth>1</lineWidth>
<points>
<point x="846" y="350"/>
<point x="971" y="350"/>
</points>
</Connector>
<Connector class="oracle.dbtools.crest.swingui.logical.TVInheritanceRelation" oid="534A53B1-B25B-4D5E-6F96-DFBF9968A7C8" otype="Hierarchy relation" vid_source="27CD5785-B0C8-E91C-6A52-2D3AC0A1E090" vid_target="FB7408C7-5FB6-11E0-052B-3BE559DC4CB0">
<hideElementsInCurrentOnly>false</hideElementsInCurrentOnly>
<backgroundColor>-65536</backgroundColor>
<lineWidth>1</lineWidth>
<points>
<point x="264" y="437"/>
<point x="75" y="450"/>
</points>
</Connector>
<Connector class="oracle.dbtools.crest.swingui.logical.TVRelation" oid="79160E3E-7C82-7A46-A771-E57E557058D4" otype="Relation" vid_source="6CCF0B26-4AD6-39C6-8211-8CCBA123FBC9" vid_target="3940FDAC-9E71-D11F-6CBB-5A5227EF8A13">
<hideElementsInCurrentOnly>false</hideElementsInCurrentOnly>
<backgroundColor>-16777216</backgroundColor>
<lineWidth>1</lineWidth>
<points>
<point x="473" y="257"/>
<point x="517" y="257"/>
</points>
</Connector>
<Connector class="oracle.dbtools.crest.swingui.logical.TVRelation" oid="883A813E-85C8-A7E7-5C3C-712C551914DA" otype="Relation" vid_source="B9E3AE38-3B2B-D140-1271-01D023B0CAA1" vid_target="B45DDEFA-C0C6-8BD1-876F-560FE3CFBF7F">
<hideElementsInCurrentOnly>false</hideElementsInCurrentOnly>
<backgroundColor>-16777216</backgroundColor>
<lineWidth>1</lineWidth>
<points>
<point x="1061" y="118"/>
<point x="1061" y="289"/>
</points>
</Connector>
<Connector class="oracle.dbtools.crest.swingui.logical.TVRelation" oid="91E13D44-94B1-54B6-53C1-8104CCFF531F" otype="Relation" vid_source="82B72D16-5107-978B-B1C5-812C3F10B732" vid_target="27CD5785-B0C8-E91C-6A52-2D3AC0A1E090">
<hideElementsInCurrentOnly>false</hideElementsInCurrentOnly>
<backgroundColor>-16777216</backgroundColor>
<lineWidth>1</lineWidth>
<points>
<point x="179" y="96"/>
<point x="179" y="299"/>
</points>
</Connector>
<Connector class="oracle.dbtools.crest.swingui.logical.TVInheritanceRelation" oid="941A962D-91F0-96FE-005B-96364D182DCD" otype="Hierarchy relation" vid_source="27CD5785-B0C8-E91C-6A52-2D3AC0A1E090" vid_target="29BEB11C-852B-572A-1D88-2F943296A633">
<hideElementsInCurrentOnly>false</hideElementsInCurrentOnly>
<backgroundColor>-65536</backgroundColor>
<lineWidth>1</lineWidth>
<points>
<point x="264" y="452"/>
<point x="180" y="450"/>
</points>
</Connector>
<Connector class="oracle.dbtools.crest.swingui.logical.TVInheritanceRelation" oid="96E33E4A-FC6E-3070-BACB-BD99694CE061" otype="Hierarchy relation" vid_source="3940FDAC-9E71-D11F-6CBB-5A5227EF8A13" vid_target="1D689FB9-15CA-E639-7802-14F9C665EBC4">
<hideElementsInCurrentOnly>false</hideElementsInCurrentOnly>
<backgroundColor>-65536</backgroundColor>
<lineWidth>1</lineWidth>
<points>
<point x="846" y="377"/>
<point x="563" y="386"/>
</points>
</Connector>
<Connector class="oracle.dbtools.crest.swingui.logical.TVInheritanceRelation" oid="DD351382-2675-7DB3-A172-ABA79E84012A" otype="Hierarchy relation" vid_source="3940FDAC-9E71-D11F-6CBB-5A5227EF8A13" vid_target="B529BD0F-4D3E-A5B9-8EF7-C9FEC273D29F">
<hideElementsInCurrentOnly>false</hideElementsInCurrentOnly>
<backgroundColor>-65536</backgroundColor>
<lineWidth>1</lineWidth>
<points>
<point x="846" y="392"/>
<point x="700" y="380"/>
</points>
</Connector>
<Connector class="oracle.dbtools.crest.swingui.logical.TVRelation" oid="EE98CB32-6805-463A-D186-D3C4B411A56B" otype="Relation" vid_source="29BEB11C-852B-572A-1D88-2F943296A633" vid_target="29BEB11C-852B-572A-1D88-2F943296A633">
<hideElementsInCurrentOnly>false</hideElementsInCurrentOnly>
<backgroundColor>-16777216</backgroundColor>
<lineWidth>1</lineWidth>
<points>
<point x="254" y="423"/>
<point x="279" y="423"/>
<point x="279" y="475"/>
<point x="211" y="475"/>
<point x="211" y="450"/>
</points>
</Connector>
</connectors>
</Diagram>