<?xml version = '1.0' encoding = 'UTF-8'?>
<Table class="oracle.dbtools.crest.model.design.relational.Table" directorySegmentName="seg_0" id="2137F83B-AB13-C39E-4781-DA73DED39CA5" name="ANEXO">
<createdBy>milfernandez</createdBy>
<createdTime>2025-09-01 21:21:35 UTC</createdTime>
<generatorID>C21C0AFA-46AB-F2D0-1632-733B119279CF</generatorID>
<ownerDesignName>Tarea semana 3</ownerDesignName>
<allowColumnReorder>false</allowColumnReorder>
<existDependencyGenerateInDDl>true</existDependencyGenerateInDDl>
<parsed>true</parsed>
<columns itemClass="oracle.dbtools.crest.model.design.relational.Column">
<Column name="ID_Anexo" id="8F3A57E3-661F-27B1-856B-5BE6AC4F9FAC">
<createdBy>milfernandez</createdBy>
<createdTime>2025-09-01 21:21:35 UTC</createdTime>
<generatorID>5EAA0106-E8B2-7DEF-811E-50110BAF3677</generatorID>
<ownerDesignName>Tarea semana 3</ownerDesignName>
<useDomainConstraints>false</useDomainConstraints>
<use>1</use>
<logicalDatatype>LOGDT019</logicalDatatype>
<dataTypePrecision>6</dataTypePrecision>
<ownDataTypeParameters>,6,</ownDataTypeParameters>
<autoIncrementCycle>false</autoIncrementCycle>
</Column>
<Column name="fecha_inicio" id="1D697096-6EEA-B9E1-CE46-B321335EBCAC">
<createdBy>milfernandez</createdBy>
<createdTime>2025-09-01 21:21:35 UTC</createdTime>
<generatorID>4C78D896-94BB-030B-4965-1C79DD651725</generatorID>
<ownerDesignName>Tarea semana 3</ownerDesignName>
<useDomainConstraints>false</useDomainConstraints>
<use>1</use>
<logicalDatatype>LOGDT007</logicalDatatype>
<ownDataTypeParameters>,,</ownDataTypeParameters>
<autoIncrementCycle>false</autoIncrementCycle>
</Column>
<Column name="fecha_término" id="44C2FA6B-6618-25EF-6F10-8E24685A890E">
<createdBy>milfernandez</createdBy>
<createdTime>2025-09-01 21:21:35 UTC</createdTime>
<generatorID>8FA471EC-0EE7-998D-DA08-EB5A44F80F62</generatorID>
<ownerDesignName>Tarea semana 3</ownerDesignName>
<nullsAllowed>true</nullsAllowed>
<useDomainConstraints>false</useDomainConstraints>
<use>1</use>
<logicalDatatype>LOGDT007</logicalDatatype>
<ownDataTypeParameters>,,</ownDataTypeParameters>
<autoIncrementCycle>false</autoIncrementCycle>
</Column>
<Column name="observaciones" id="45695FB9-6FE8-CE71-4E00-5B5C364F33AF">
<createdBy>milfernandez</createdBy>
<createdTime>2025-09-01 21:21:35 UTC</createdTime>
<generatorID>F5C712F5-AE95-73DD-32CC-7FE73ADC29B6</generatorID>
<ownerDesignName>Tarea semana 3</ownerDesignName>
<nullsAllowed>true</nullsAllowed>
<useDomainConstraints>false</useDomainConstraints>
<use>1</use>
<logicalDatatype>LOGDT024</logicalDatatype>
<dataTypeSize>255</dataTypeSize>
<ownDataTypeParameters>255,,</ownDataTypeParameters>
<autoIncrementCycle>false</autoIncrementCycle>
</Column>
</columns>
<indexes itemClass="oracle.dbtools.crest.model.design.relational.Index">
<ind_PK_UK id="C9D7A385-F265-8066-C70B-DBAB9E3B6609" name="ANEXO_PK">
<createdBy>milfernandez</createdBy>
<createdTime>2025-09-01 21:21:35 UTC</createdTime>
<generatorID>7A1F9564-3855-A792-06F5-1FBE4A464799</generatorID>
<ownerDesignName>Tarea semana 3</ownerDesignName>
<pk>true</pk>
<indexState>Primary Constraint</indexState>
<isSurrogateKey>false</isSurrogateKey>
<indexColumnUsage>
<colUsage columnID="8F3A57E3-661F-27B1-856B-5BE6AC4F9FAC"/>
</indexColumnUsage>
</ind_PK_UK>
<ind_PK_UK id="6C012B84-000E-18FF-5E68-DE2C49BE8033" name="ANEXO_ID_Anexo_UN">
<createdBy>milfernandez</createdBy>
<createdTime>2025-09-01 21:21:35 UTC</createdTime>
<generatorID>CC9E6F90-D012-B464-2181-FE6614B6B695</generatorID>
<ownerDesignName>Tarea semana 3</ownerDesignName>
<indexState>Unique Constraint</indexState>
<isSurrogateKey>false</isSurrogateKey>
<indexColumnUsage>
<colUsage columnID="8F3A57E3-661F-27B1-856B-5BE6AC4F9FAC"/>
</indexColumnUsage>
</ind_PK_UK>
</indexes>
</Table>