<?xml version = '1.0' encoding = 'UTF-8'?>
<Table class="oracle.dbtools.crest.model.design.relational.Table" directorySegmentName="seg_0" id="2F7B9239-DE37-C507-BF0F-88D0BAB5673A" name="PERMANENTE">
<createdBy>milfernandez</createdBy>
<createdTime>2025-09-01 21:21:35 UTC</createdTime>
<generatorID>05A498E7-28C3-A24A-CABD-6B3C5EF5EF48</generatorID>
<ownerDesignName>Tarea semana 3</ownerDesignName>
<allowColumnReorder>false</allowColumnReorder>
<existDependencyGenerateInDDl>true</existDependencyGenerateInDDl>
<parsed>true</parsed>
<columns itemClass="oracle.dbtools.crest.model.design.relational.Column">
<Column name="RUT" id="312F4337-BA40-862B-6B36-792FB7D2E33F">
<createdBy>milfernandez</createdBy>
<createdTime>2025-09-01 21:21:36 UTC</createdTime>
<generatorID>5704DBB1-E359-4DF2-A008-5057065843CB</generatorID>
<ownerDesignName>Tarea semana 3</ownerDesignName>
<useDomainConstraints>false</useDomainConstraints>
<use>1</use>
<logicalDatatype>LOGDT024</logicalDatatype>
<dataTypeSize>12</dataTypeSize>
<ownDataTypeParameters>,,</ownDataTypeParameters>
<autoIncrementCycle>false</autoIncrementCycle>
<associations>
<colAssociation fkAssociation="E11D7122-FF66-AA68-43A7-C32025C9C6E1" referredColumn="40676B1B-97DA-C036-41A4-142485E46758"/>
</associations>
</Column>
<Column name="historial_clinico" id="9FB813B8-3041-513A-039C-BA81DC45F208">
<createdBy>milfernandez</createdBy>
<createdTime>2025-09-01 21:21:36 UTC</createdTime>
<generatorID>89DDA1CB-C9A7-699D-E487-F3788A00F176</generatorID>
<ownerDesignName>Tarea semana 3</ownerDesignName>
<nullsAllowed>true</nullsAllowed>
<useDomainConstraints>false</useDomainConstraints>
<use>1</use>
<logicalDatatype>LOGDT024</logicalDatatype>
<ownDataTypeParameters>,,</ownDataTypeParameters>
<autoIncrementCycle>false</autoIncrementCycle>
</Column>
</columns>
<indexes itemClass="oracle.dbtools.crest.model.design.relational.Index">
<ind_PK_UK id="118DF86D-EF0B-97F6-CB60-C8665394F51F" name="PERMANENTE_PK">
<createdBy>milfernandez</createdBy>
<createdTime>2025-09-01 21:21:36 UTC</createdTime>
<generatorID>2A364A95-3860-C24D-AB5F-4A140F11FA68</generatorID>
<ownerDesignName>Tarea semana 3</ownerDesignName>
<pk>true</pk>
<indexState>Primary Constraint</indexState>
<isSurrogateKey>false</isSurrogateKey>
<indexColumnUsage>
<colUsage columnID="312F4337-BA40-862B-6B36-792FB7D2E33F"/>
</indexColumnUsage>
</ind_PK_UK>
<ind_PK_UK id="014414A9-E3BD-7A19-BE0D-49C9DFA1735A" name="PERMANENTE_RESIDENTE_FK">
<createdBy>milfernandez</createdBy>
<createdTime>2025-09-01 21:21:36 UTC</createdTime>
<generatorID>DD351382-2675-7DB3-A172-ABA79E84012A</generatorID>
<ownerDesignName>Tarea semana 3</ownerDesignName>
<indexState>Foreign Key</indexState>
<isSurrogateKey>false</isSurrogateKey>
<indexColumnUsage>
<colUsage columnID="312F4337-BA40-862B-6B36-792FB7D2E33F"/>
</indexColumnUsage>
</ind_PK_UK>
</indexes>
</Table>