<?xml version = '1.0' encoding = 'UTF-8'?>
<Table class="oracle.dbtools.crest.model.design.relational.Table" directorySegmentName="seg_0" id="36E0AD92-A908-01CC-2385-9DD7F20C99E8" name="RESIDENCIA">
<createdBy>milfernandez</createdBy>
<createdTime>2025-09-01 21:21:35 UTC</createdTime>
<generatorID>09DFAC00-6DFC-6D2C-8C74-DAA120B07A62</generatorID>
<ownerDesignName>Tarea semana 3</ownerDesignName>
<allowColumnReorder>false</allowColumnReorder>
<existDependencyGenerateInDDl>true</existDependencyGenerateInDDl>
<parsed>true</parsed>
<columns itemClass="oracle.dbtools.crest.model.design.relational.Column">
<Column name="ID_Residencia" id="8B304FD6-302C-37F6-7C72-26CBF981FB1C">
<createdBy>milfernandez</createdBy>
<createdTime>2025-09-01 21:21:35 UTC</createdTime>
<generatorID>FD5699B3-CB6F-F365-64A8-11F805DE322A</generatorID>
<ownerDesignName>Tarea semana 3</ownerDesignName>
<useDomainConstraints>false</useDomainConstraints>
<use>1</use>
<logicalDatatype>LOGDT019</logicalDatatype>
<dataTypePrecision>6</dataTypePrecision>
<ownDataTypeParameters>,6,</ownDataTypeParameters>
<autoIncrementCycle>false</autoIncrementCycle>
</Column>
<Column name="nombre" id="5BD84B7A-DF76-E9AE-9928-154AD61CC4BC">
<createdBy>milfernandez</createdBy>
<createdTime>2025-09-01 21:21:35 UTC</createdTime>
<generatorID>88F680F3-BA96-92CF-6276-C078B72AF125</generatorID>
<ownerDesignName>Tarea semana 3</ownerDesignName>
<useDomainConstraints>false</useDomainConstraints>
<use>1</use>
<logicalDatatype>LOGDT024</logicalDatatype>
<dataTypeSize>100</dataTypeSize>
<ownDataTypeParameters>100,,</ownDataTypeParameters>
<autoIncrementCycle>false</autoIncrementCycle>
</Column>
<Column name="dirección" id="8A3366AC-ADCE-68E1-E789-0D9E7D31D12A">
<createdBy>milfernandez</createdBy>
<createdTime>2025-09-01 21:21:35 UTC</createdTime>
<generatorID>A837D84C-2D87-D214-8819-F47BB49BBFCD</generatorID>
<ownerDesignName>Tarea semana 3</ownerDesignName>
<useDomainConstraints>false</useDomainConstraints>
<use>1</use>
<logicalDatatype>LOGDT024</logicalDatatype>
<dataTypeSize>150</dataTypeSize>
<ownDataTypeParameters>150,,</ownDataTypeParameters>
<autoIncrementCycle>false</autoIncrementCycle>
</Column>
<Column name="comuna" id="F80A3133-1730-99E2-DEFD-92F1408FA066">
<createdBy>milfernandez</createdBy>
<createdTime>2025-09-01 21:21:35 UTC</createdTime>
<generatorID>D4E381A9-428B-D84F-F0D6-04CA53203CE2</generatorID>
<ownerDesignName>Tarea semana 3</ownerDesignName>
<useDomainConstraints>false</useDomainConstraints>
<use>1</use>
<logicalDatatype>LOGDT024</logicalDatatype>
<dataTypeSize>50</dataTypeSize>
<ownDataTypeParameters>50,,</ownDataTypeParameters>
<autoIncrementCycle>false</autoIncrementCycle>
</Column>
<Column name="HABITACION_ID_Habitacion" id="7ED5A30B-E81B-AA23-EEFD-51691F38F129">
<createdBy>milfernandez</createdBy>
<createdTime>2025-09-01 21:21:35 UTC</createdTime>
<generatorID>AE915C5D-8C6D-CD3C-B334-5878606CF2A7</generatorID>
<ownerDesignName>Tarea semana 3</ownerDesignName>
<useDomainConstraints>false</useDomainConstraints>
<use>1</use>
<logicalDatatype>LOGDT019</logicalDatatype>
<dataTypePrecision>6</dataTypePrecision>
<ownDataTypeParameters>,,</ownDataTypeParameters>
<previousColumn>false</previousColumn>
<autoIncrementCycle>false</autoIncrementCycle>
<associations>
<colAssociation fkAssociation="04E04D5B-EFAC-8D5E-7B36-E4A1FD9529B6" referredColumn="FE863FB2-B8C4-8FC7-4969-EBDB41273303"/>
</associations>
</Column>
<Column name="PERSONAL_RUT" id="35D7A1E9-9917-2752-22EA-CEB7150191FF">
<createdBy>milfernandez</createdBy>
<createdTime>2025-09-01 21:29:53 UTC</createdTime>
<generatorID>E0C94A8E-1F8B-BA38-C43C-7931C9051346</generatorID>
<ownerDesignName>Tarea semana 3</ownerDesignName>
<useDomainConstraints>false</useDomainConstraints>
<use>1</use>
<logicalDatatype>LOGDT024</logicalDatatype>
<dataTypeSize>12</dataTypeSize>
<ownDataTypeParameters>,,</ownDataTypeParameters>
<previousColumn>false</previousColumn>
<autoIncrementCycle>false</autoIncrementCycle>
<associations>
<colAssociation fkAssociation="840D6C07-3EF6-F77F-B229-E8224C01F335" referredColumn="A8171335-39F0-FEDD-A6AF-1E9DFCD47D3C"/>
</associations>
</Column>
</columns>
<indexes itemClass="oracle.dbtools.crest.model.design.relational.Index">
<ind_PK_UK id="60854257-87DA-A0E5-89DD-6D6C13F0615B" name="RESIDENCIA_PK">
<createdBy>milfernandez</createdBy>
<createdTime>2025-09-01 21:21:35 UTC</createdTime>
<generatorID>45148ACA-46E6-26B1-E16B-F0DA5FAA6448</generatorID>
<ownerDesignName>Tarea semana 3</ownerDesignName>
<pk>true</pk>
<indexState>Primary Constraint</indexState>
<isSurrogateKey>false</isSurrogateKey>
<indexColumnUsage>
<colUsage columnID="8B304FD6-302C-37F6-7C72-26CBF981FB1C"/>
</indexColumnUsage>
</ind_PK_UK>
<ind_PK_UK id="F74CC13C-957F-5063-3787-B5E320A2A22B" name="RESIDENCIA_HABITACION_FK">
<createdBy>milfernandez</createdBy>
<createdTime>2025-09-01 21:21:36 UTC</createdTime>
<generatorID>29193807-48F1-ADCB-DB51-72BD9A328BD2</generatorID>
<ownerDesignName>Tarea semana 3</ownerDesignName>
<indexState>Foreign Key</indexState>
<isSurrogateKey>false</isSurrogateKey>
<indexColumnUsage>
<colUsage columnID="7ED5A30B-E81B-AA23-EEFD-51691F38F129"/>
</indexColumnUsage>
</ind_PK_UK>
<ind_PK_UK id="2FDA1D67-7943-9F40-B674-D75050A26722" name="RESIDENCIA_PERSONAL_FK">
<createdBy>milfernandez</createdBy>
<createdTime>2025-09-01 21:58:33 UTC</createdTime>
<generatorID>91E13D44-94B1-54B6-53C1-8104CCFF531F</generatorID>
<ownerDesignName>Tarea semana 3</ownerDesignName>
<indexState>Foreign Key</indexState>
<isSurrogateKey>false</isSurrogateKey>
<indexColumnUsage>
<colUsage columnID="35D7A1E9-9917-2752-22EA-CEB7150191FF"/>
</indexColumnUsage>
</ind_PK_UK>
</indexes>
</Table>