<?xml version = '1.0' encoding = 'UTF-8'?>
<Table class="oracle.dbtools.crest.model.design.relational.Table" directorySegmentName="seg_0" id="3CA80F0E-AE94-D651-587F-12838E9783E8" name="RESIDENTE">
<createdBy>milfernandez</createdBy>
<createdTime>2025-09-01 21:21:35 UTC</createdTime>
<generatorID>567733AF-F72A-D752-503B-1EEABC19D437</generatorID>
<ownerDesignName>Tarea semana 3</ownerDesignName>
<allowColumnReorder>false</allowColumnReorder>
<existDependencyGenerateInDDl>true</existDependencyGenerateInDDl>
<parsed>true</parsed>
<columns itemClass="oracle.dbtools.crest.model.design.relational.Column">
<Column name="RUT" id="40676B1B-97DA-C036-41A4-142485E46758">
<createdBy>milfernandez</createdBy>
<createdTime>2025-09-01 21:21:35 UTC</createdTime>
<generatorID>5704DBB1-E359-4DF2-A008-5057065843CB</generatorID>
<ownerDesignName>Tarea semana 3</ownerDesignName>
<useDomainConstraints>false</useDomainConstraints>
<use>1</use>
<logicalDatatype>LOGDT024</logicalDatatype>
<dataTypeSize>12</dataTypeSize>
<ownDataTypeParameters>12,,</ownDataTypeParameters>
<autoIncrementCycle>false</autoIncrementCycle>
</Column>
<Column name="nombre" id="BC564527-A72E-44BC-C104-FFCBF26E2BA6">
<createdBy>milfernandez</createdBy>
<createdTime>2025-09-01 21:21:35 UTC</createdTime>
<generatorID>D37704EE-6415-B0C3-56FE-B18BB8F12D3C</generatorID>
<ownerDesignName>Tarea semana 3</ownerDesignName>
<useDomainConstraints>false</useDomainConstraints>
<use>1</use>
<logicalDatatype>LOGDT024</logicalDatatype>
<dataTypeSize>100</dataTypeSize>
<ownDataTypeParameters>100,,</ownDataTypeParameters>
<autoIncrementCycle>false</autoIncrementCycle>
</Column>
<Column name="edad" id="026871C8-30E2-3A45-C939-D5A262773865">
<createdBy>milfernandez</createdBy>
<createdTime>2025-09-01 21:21:36 UTC</createdTime>
<generatorID>A93BC596-4CC9-E296-E384-903D535B1B0C</generatorID>
<ownerDesignName>Tarea semana 3</ownerDesignName>
<useDomainConstraints>false</useDomainConstraints>
<use>1</use>
<logicalDatatype>LOGDT019</logicalDatatype>
<dataTypePrecision>3</dataTypePrecision>
<ownDataTypeParameters>,3,</ownDataTypeParameters>
<autoIncrementCycle>false</autoIncrementCycle>
</Column>
<Column name="autonomía" id="A521E568-B5DB-4991-A9CE-7A8C3A305D71">
<createdBy>milfernandez</createdBy>
<createdTime>2025-09-01 21:21:36 UTC</createdTime>
<commentInRDBMS><![CDATA[autonomía  IN ('Sí','No')
]]></commentInRDBMS>
<generatorID>697FB729-831D-B8F8-CA28-05CB8094DB40</generatorID>
<ownerDesignName>Tarea semana 3</ownerDesignName>
<useDomainConstraints>false</useDomainConstraints>
<use>1</use>
<logicalDatatype>LOGDT024</logicalDatatype>
<dataTypeSize>2</dataTypeSize>
<ownDataTypeParameters>2,,</ownDataTypeParameters>
<autoIncrementCycle>false</autoIncrementCycle>
</Column>
<Column name="tipo_residente" id="464569DA-A92A-9FA0-6B7A-3357F52FBB9C">
<createdBy>milfernandez</createdBy>
<createdTime>2025-09-01 21:21:36 UTC</createdTime>
<commentInRDBMS><![CDATA[tipo_residente  IN ('T','P')]]></commentInRDBMS>
<generatorID>28E778FE-C47A-E345-8B7B-B64C1992CCD9</generatorID>
<ownerDesignName>Tarea semana 3</ownerDesignName>
<constraintName>CH_INH_RESIDENTE</constraintName>
<useDomainConstraints>false</useDomainConstraints>
<use>1</use>
<logicalDatatype>LOGDT024</logicalDatatype>
<dataTypeSize>9</dataTypeSize>
<listOfValues>
<valueDef value="P" description="entity PERMANENTE"/>
<valueDef value="RESIDENTE" description="entity RESIDENTE"/>
<valueDef value="T" description="entity TEMPORAL"/>
</listOfValues>
<ownDataTypeParameters>9,,</ownDataTypeParameters>
<autoIncrementCycle>false</autoIncrementCycle>
<isDiscriminatorColumn>true</isDiscriminatorColumn>
</Column>
<Column name="ANEXO_ID_Anexo" id="AEE46A7F-1EA1-99BF-BB0C-0C3288D0E496">
<createdBy>milfernandez</createdBy>
<createdTime>2025-09-01 21:58:33 UTC</createdTime>
<generatorID>045DAEE2-5E9D-6E57-CA0B-4DF62E88DFB0</generatorID>
<ownerDesignName>Tarea semana 3</ownerDesignName>
<nullsAllowed>true</nullsAllowed>
<useDomainConstraints>false</useDomainConstraints>
<use>1</use>
<logicalDatatype>LOGDT019</logicalDatatype>
<dataTypePrecision>6</dataTypePrecision>
<ownDataTypeParameters>,,</ownDataTypeParameters>
<previousColumn>false</previousColumn>
<autoIncrementCycle>false</autoIncrementCycle>
<associations>
<colAssociation fkAssociation="0591FF54-6739-6452-A702-019B3786C559" referredColumn="8F3A57E3-661F-27B1-856B-5BE6AC4F9FAC"/>
</associations>
</Column>
<Column name="HABITACION_ID_Habitacion" id="0390163F-BFE6-B7FA-9967-8782343D74C4">
<createdBy>milfernandez</createdBy>
<createdTime>2025-09-01 21:58:33 UTC</createdTime>
<generatorID>4D1877D4-325F-702D-B0EE-B47562628F94</generatorID>
<ownerDesignName>Tarea semana 3</ownerDesignName>
<useDomainConstraints>false</useDomainConstraints>
<use>1</use>
<logicalDatatype>LOGDT019</logicalDatatype>
<dataTypePrecision>6</dataTypePrecision>
<ownDataTypeParameters>,,</ownDataTypeParameters>
<previousColumn>false</previousColumn>
<autoIncrementCycle>false</autoIncrementCycle>
<associations>
<colAssociation fkAssociation="1261082D-DFF6-3C7F-7B7A-602FE71F0F83" referredColumn="FE863FB2-B8C4-8FC7-4969-EBDB41273303"/>
</associations>
</Column>
</columns>
<indexes itemClass="oracle.dbtools.crest.model.design.relational.Index">
<ind_PK_UK id="AF288AD3-37A4-0DD3-9E4A-FFA34E9494B1" name="RESIDENTE_PK">
<createdBy>milfernandez</createdBy>
<createdTime>2025-09-01 21:21:35 UTC</createdTime>
<generatorID>2A364A95-3860-C24D-AB5F-4A140F11FA68</generatorID>
<ownerDesignName>Tarea semana 3</ownerDesignName>
<pk>true</pk>
<indexState>Primary Constraint</indexState>
<isSurrogateKey>false</isSurrogateKey>
<indexColumnUsage>
<colUsage columnID="40676B1B-97DA-C036-41A4-142485E46758"/>
</indexColumnUsage>
</ind_PK_UK>
<ind_PK_UK id="F148C6D5-4C52-1BBE-ED3A-FAFF59F4949D" name="RESIDENTE__IDX">
<createdBy>milfernandez</createdBy>
<createdTime>2025-09-01 21:58:33 UTC</createdTime>
<ownerDesignName>Tarea semana 3</ownerDesignName>
<indexState>Unique Plain Index</indexState>
<isSurrogateKey>false</isSurrogateKey>
<relationGeneratorID>79160E3E-7C82-7A46-A771-E57E557058D4</relationGeneratorID>
<indexColumnUsage>
<colUsage columnID="0390163F-BFE6-B7FA-9967-8782343D74C4"/>
</indexColumnUsage>
</ind_PK_UK>
<ind_PK_UK id="64893E3A-B6BD-6FFB-49F3-BD4B2C9BC5EA" name="RESIDENTE_HABITACION_FK">
<createdBy>milfernandez</createdBy>
<createdTime>2025-09-01 21:58:33 UTC</createdTime>
<generatorID>79160E3E-7C82-7A46-A771-E57E557058D4</generatorID>
<ownerDesignName>Tarea semana 3</ownerDesignName>
<indexState>Foreign Key</indexState>
<isSurrogateKey>false</isSurrogateKey>
<indexColumnUsage>
<colUsage columnID="0390163F-BFE6-B7FA-9967-8782343D74C4"/>
</indexColumnUsage>
</ind_PK_UK>
<ind_PK_UK id="9CE4AF0F-2D25-DCDA-D30C-C3CF20AD4AE0" name="RESIDENTE_ANEXO_FK">
<createdBy>milfernandez</createdBy>
<createdTime>2025-09-01 21:58:33 UTC</createdTime>
<generatorID>486061DA-54CB-E49B-CB14-F4BF40F1CC76</generatorID>
<ownerDesignName>Tarea semana 3</ownerDesignName>
<indexState>Foreign Key</indexState>
<isSurrogateKey>false</isSurrogateKey>
<indexColumnUsage>
<colUsage columnID="AEE46A7F-1EA1-99BF-BB0C-0C3288D0E496"/>
</indexColumnUsage>
</ind_PK_UK>
</indexes>
</Table>