<?xml version = '1.0' encoding = 'UTF-8'?>
<Table class="oracle.dbtools.crest.model.design.relational.Table" directorySegmentName="seg_0" id="657C081F-8A6C-EBC0-9F65-DA4C4F4B28ED" name="TEMPORAL">
<createdBy>milfernandez</createdBy>
<createdTime>2025-09-01 21:21:35 UTC</createdTime>
<generatorID>6E5D8CB3-4559-BF08-501D-9A7620FACC20</generatorID>
<ownerDesignName>Tarea semana 3</ownerDesignName>
<allowColumnReorder>false</allowColumnReorder>
<existDependencyGenerateInDDl>true</existDependencyGenerateInDDl>
<parsed>true</parsed>
<columns itemClass="oracle.dbtools.crest.model.design.relational.Column">
<Column name="RUT" id="5C94A7BE-3CD8-97E0-4F9F-C2ED1B684B9E">
<createdBy>milfernandez</createdBy>
<createdTime>2025-09-01 21:21:36 UTC</createdTime>
<generatorID>5704DBB1-E359-4DF2-A008-5057065843CB</generatorID>
<ownerDesignName>Tarea semana 3</ownerDesignName>
<useDomainConstraints>false</useDomainConstraints>
<use>1</use>
<logicalDatatype>LOGDT024</logicalDatatype>
<dataTypeSize>12</dataTypeSize>
<ownDataTypeParameters>,,</ownDataTypeParameters>
<autoIncrementCycle>false</autoIncrementCycle>
<associations>
<colAssociation fkAssociation="F9DE03E4-C966-B661-AA67-12F0AB8DDF47" referredColumn="40676B1B-97DA-C036-41A4-142485E46758"/>
</associations>
</Column>
<Column name="dias_estadia" id="908907EA-100B-CDF5-F195-FC1392DD28A0">
<createdBy>milfernandez</createdBy>
<createdTime>2025-09-01 21:21:36 UTC</createdTime>
<generatorID>5417B3D2-3F77-7635-B900-D6AFDED36E4E</generatorID>
<ownerDesignName>Tarea semana 3</ownerDesignName>
<nullsAllowed>true</nullsAllowed>
<useDomainConstraints>false</useDomainConstraints>
<use>1</use>
<logicalDatatype>LOGDT019</logicalDatatype>
<dataTypePrecision>4</dataTypePrecision>
<ownDataTypeParameters>,4,</ownDataTypeParameters>
<autoIncrementCycle>false</autoIncrementCycle>
</Column>
</columns>
<indexes itemClass="oracle.dbtools.crest.model.design.relational.Index">
<ind_PK_UK id="20AE70BC-76F1-7F64-E31C-E616C7036FCD" name="TEMPORAL_PK">
<createdBy>milfernandez</createdBy>
<createdTime>2025-09-01 21:21:36 UTC</createdTime>
<generatorID>2A364A95-3860-C24D-AB5F-4A140F11FA68</generatorID>
<ownerDesignName>Tarea semana 3</ownerDesignName>
<pk>true</pk>
<indexState>Primary Constraint</indexState>
<isSurrogateKey>false</isSurrogateKey>
<indexColumnUsage>
<colUsage columnID="5C94A7BE-3CD8-97E0-4F9F-C2ED1B684B9E"/>
</indexColumnUsage>
</ind_PK_UK>
<ind_PK_UK id="3B68C19F-309D-6978-9496-698966FD079C" name="TEMPORAL_RESIDENTE_FK">
<createdBy>milfernandez</createdBy>
<createdTime>2025-09-01 21:21:36 UTC</createdTime>
<generatorID>96E33E4A-FC6E-3070-BACB-BD99694CE061</generatorID>
<ownerDesignName>Tarea semana 3</ownerDesignName>
<indexState>Foreign Key</indexState>
<isSurrogateKey>false</isSurrogateKey>
<indexColumnUsage>
<colUsage columnID="5C94A7BE-3CD8-97E0-4F9F-C2ED1B684B9E"/>
</indexColumnUsage>
</ind_PK_UK>
</indexes>
</Table>