<?xml version = '1.0' encoding = 'UTF-8'?>
<Table class="oracle.dbtools.crest.model.design.relational.Table" directorySegmentName="seg_0" id="65E659A4-8F82-8EF8-9243-91FA91283196" name="CONTRATO">
<createdBy>milfernandez</createdBy>
<createdTime>2025-09-01 21:21:35 UTC</createdTime>
<generatorID>8D1EF135-916A-83F1-F2E7-49493F8B35B5</generatorID>
<ownerDesignName>Tarea semana 3</ownerDesignName>
<allowColumnReorder>false</allowColumnReorder>
<existDependencyGenerateInDDl>true</existDependencyGenerateInDDl>
<parsed>true</parsed>
<columns itemClass="oracle.dbtools.crest.model.design.relational.Column">
<Column name="ID_Contrato" id="FF7854DD-022D-5138-399D-FD02880407F8">
<createdBy>milfernandez</createdBy>
<createdTime>2025-09-01 21:21:35 UTC</createdTime>
<generatorID>6A5F5602-7F81-1DBC-D912-715F2A5E8E21</generatorID>
<ownerDesignName>Tarea semana 3</ownerDesignName>
<useDomainConstraints>false</useDomainConstraints>
<use>1</use>
<logicalDatatype>LOGDT024</logicalDatatype>
<dataTypeSize>10</dataTypeSize>
<ownDataTypeParameters>10,,</ownDataTypeParameters>
<autoIncrementCycle>false</autoIncrementCycle>
</Column>
<Column name="fecha_inicio" id="830D504C-A081-040B-46E9-B23063D7F091">
<createdBy>milfernandez</createdBy>
<createdTime>2025-09-01 21:21:35 UTC</createdTime>
<generatorID>91DFF2E4-DE19-2659-C0E6-9778002EC311</generatorID>
<ownerDesignName>Tarea semana 3</ownerDesignName>
<useDomainConstraints>false</useDomainConstraints>
<use>1</use>
<logicalDatatype>LOGDT007</logicalDatatype>
<ownDataTypeParameters>,,</ownDataTypeParameters>
<autoIncrementCycle>false</autoIncrementCycle>
</Column>
<Column name="fecha_término" id="8847AF39-C50A-D29C-CCD2-AE5E906F488E">
<createdBy>milfernandez</createdBy>
<createdTime>2025-09-01 21:21:35 UTC</createdTime>
<generatorID>61E37089-03A4-5850-D1C2-AD43FF4F89A4</generatorID>
<ownerDesignName>Tarea semana 3</ownerDesignName>
<nullsAllowed>true</nullsAllowed>
<useDomainConstraints>false</useDomainConstraints>
<use>1</use>
<logicalDatatype>LOGDT007</logicalDatatype>
<ownDataTypeParameters>,,</ownDataTypeParameters>
<autoIncrementCycle>false</autoIncrementCycle>
</Column>
<Column name="tipo_financiamiento" id="B4C6A014-039C-679A-13A3-B07F9E4B5F73">
<createdBy>milfernandez</createdBy>
<createdTime>2025-09-01 21:21:35 UTC</createdTime>
<generatorID>0F033074-D28A-327E-8454-BBE82E58B71E</generatorID>
<ownerDesignName>Tarea semana 3</ownerDesignName>
<useDomainConstraints>false</useDomainConstraints>
<use>1</use>
<logicalDatatype>LOGDT024</logicalDatatype>
<dataTypeSize>20</dataTypeSize>
<ownDataTypeParameters>20,,</ownDataTypeParameters>
<autoIncrementCycle>false</autoIncrementCycle>
</Column>
<Column name="ANEXO_ID_Anexo" id="0C66F5A0-4145-04BE-1452-F19F0B4ACD3A">
<createdBy>milfernandez</createdBy>
<createdTime>2025-09-01 21:58:33 UTC</createdTime>
<generatorID>29ACD59F-4B96-7935-BB91-5216B6FD40EE</generatorID>
<ownerDesignName>Tarea semana 3</ownerDesignName>
<nullsAllowed>true</nullsAllowed>
<useDomainConstraints>false</useDomainConstraints>
<use>1</use>
<logicalDatatype>LOGDT019</logicalDatatype>
<dataTypePrecision>6</dataTypePrecision>
<ownDataTypeParameters>,,</ownDataTypeParameters>
<previousColumn>false</previousColumn>
<autoIncrementCycle>false</autoIncrementCycle>
<associations>
<colAssociation fkAssociation="1DFF7051-507E-BE3B-F9A0-C296A5013507" referredColumn="8F3A57E3-661F-27B1-856B-5BE6AC4F9FAC"/>
</associations>
</Column>
</columns>
<indexes itemClass="oracle.dbtools.crest.model.design.relational.Index">
<ind_PK_UK id="4CAFE027-9F05-9E57-7197-300ABA5D47AC" name="CONTRATO_PK">
<createdBy>milfernandez</createdBy>
<createdTime>2025-09-01 21:21:35 UTC</createdTime>
<generatorID>BE440F86-0EF0-BA03-0E49-1DEDCD621447</generatorID>
<ownerDesignName>Tarea semana 3</ownerDesignName>
<pk>true</pk>
<indexState>Primary Constraint</indexState>
<isSurrogateKey>false</isSurrogateKey>
<indexColumnUsage>
<colUsage columnID="FF7854DD-022D-5138-399D-FD02880407F8"/>
</indexColumnUsage>
</ind_PK_UK>
<ind_PK_UK id="88FDC779-C5B0-5DFC-2A4D-7F637A0317D2" name="CONTRATO_ANEXO_FK">
<createdBy>milfernandez</createdBy>
<createdTime>2025-09-01 21:58:33 UTC</createdTime>
<generatorID>883A813E-85C8-A7E7-5C3C-712C551914DA</generatorID>
<ownerDesignName>Tarea semana 3</ownerDesignName>
<indexState>Foreign Key</indexState>
<isSurrogateKey>false</isSurrogateKey>
<indexColumnUsage>
<colUsage columnID="0C66F5A0-4145-04BE-1452-F19F0B4ACD3A"/>
</indexColumnUsage>
</ind_PK_UK>
</indexes>
</Table>