<?xml version = '1.0' encoding = 'UTF-8'?>
<Table class="oracle.dbtools.crest.model.design.relational.Table" directorySegmentName="seg_0" id="79B6E0E9-EBE2-ACE6-F20D-BECA3657C261" name="MEDICO">
<createdBy>milfernandez</createdBy>
<createdTime>2025-09-01 21:21:35 UTC</createdTime>
<generatorID>33FFF21F-8F4C-660A-329A-64C76EAFADAC</generatorID>
<ownerDesignName>Tarea semana 3</ownerDesignName>
<allowColumnReorder>false</allowColumnReorder>
<existDependencyGenerateInDDl>true</existDependencyGenerateInDDl>
<parsed>true</parsed>
<columns itemClass="oracle.dbtools.crest.model.design.relational.Column">
<Column name="RUT" id="F7B05D96-2BC1-AFB8-D77E-29EF03408868">
<createdBy>milfernandez</createdBy>
<createdTime>2025-09-01 21:21:35 UTC</createdTime>
<generatorID>878BDB43-F519-1949-76FA-80FCCF2B83DA</generatorID>
<ownerDesignName>Tarea semana 3</ownerDesignName>
<useDomainConstraints>false</useDomainConstraints>
<use>1</use>
<logicalDatatype>LOGDT024</logicalDatatype>
<dataTypeSize>12</dataTypeSize>
<ownDataTypeParameters>,,</ownDataTypeParameters>
<autoIncrementCycle>false</autoIncrementCycle>
<associations>
<colAssociation fkAssociation="B44353D7-30FF-AA1F-C2A8-259FB2DCA294" referredColumn="A8171335-39F0-FEDD-A6AF-1E9DFCD47D3C"/>
</associations>
</Column>
<Column name="especialidad" id="5333533A-929F-EE67-2773-236C19A0D3A1">
<createdBy>milfernandez</createdBy>
<createdTime>2025-09-01 21:21:35 UTC</createdTime>
<generatorID>755DB6B9-734E-893E-DD74-D0F655493687</generatorID>
<ownerDesignName>Tarea semana 3</ownerDesignName>
<useDomainConstraints>false</useDomainConstraints>
<use>1</use>
<logicalDatatype>LOGDT024</logicalDatatype>
<dataTypeSize>50</dataTypeSize>
<ownDataTypeParameters>50,,</ownDataTypeParameters>
<autoIncrementCycle>false</autoIncrementCycle>
</Column>
<Column name="rut_supervisor" id="68B38F98-4AD6-0F00-5A09-E9E0BFD36DC2">
<createdBy>milfernandez</createdBy>
<createdTime>2025-09-01 21:21:35 UTC</createdTime>
<generatorID>8DB9D668-1CCD-B7D3-AA94-609466550042</generatorID>
<ownerDesignName>Tarea semana 3</ownerDesignName>
<nullsAllowed>true</nullsAllowed>
<useDomainConstraints>false</useDomainConstraints>
<use>1</use>
<logicalDatatype>LOGDT024</logicalDatatype>
<dataTypeSize>12</dataTypeSize>
<ownDataTypeParameters>12,,</ownDataTypeParameters>
<autoIncrementCycle>false</autoIncrementCycle>
</Column>
<Column name="RUT1" id="86715703-4ED1-217B-CD5F-1A7D07895842">
<createdBy>milfernandez</createdBy>
<createdTime>2025-09-01 21:58:33 UTC</createdTime>
<generatorID>7E3351E4-9FDE-583B-C676-7043F11EB94A</generatorID>
<ownerDesignName>Tarea semana 3</ownerDesignName>
<useDomainConstraints>false</useDomainConstraints>
<use>1</use>
<logicalDatatype>LOGDT024</logicalDatatype>
<ownDataTypeParameters>,,</ownDataTypeParameters>
<previousColumn>false</previousColumn>
<autoIncrementCycle>false</autoIncrementCycle>
</Column>
</columns>
<indexes itemClass="oracle.dbtools.crest.model.design.relational.Index">
<ind_PK_UK id="759DB278-7922-EA57-1E96-EC913A218768" name="MEDICO_PK">
<createdBy>milfernandez</createdBy>
<createdTime>2025-09-01 21:21:35 UTC</createdTime>
<generatorID>C0C5AA1E-C477-E7D3-CC0C-59B3378D7F26</generatorID>
<ownerDesignName>Tarea semana 3</ownerDesignName>
<pk>true</pk>
<indexState>Primary Constraint</indexState>
<isSurrogateKey>false</isSurrogateKey>
<indexColumnUsage>
<colUsage columnID="F7B05D96-2BC1-AFB8-D77E-29EF03408868"/>
</indexColumnUsage>
</ind_PK_UK>
<ind_PK_UK id="6D2BFD5A-C2E9-95BB-7F33-ADA23567C1D1" name="MEDICO_PKv1">
<createdBy>milfernandez</createdBy>
<createdTime>2025-09-01 21:58:33 UTC</createdTime>
<generatorID>82969A30-C36C-C279-6798-1BBD44990340</generatorID>
<ownerDesignName>Tarea semana 3</ownerDesignName>
<indexState>Unique Constraint</indexState>
<isSurrogateKey>false</isSurrogateKey>
</ind_PK_UK>
<ind_PK_UK id="520DE923-E040-B6EB-B32A-E530CB72A575" name="MEDICO_PERSONAL_FK">
<createdBy>milfernandez</createdBy>
<createdTime>2025-09-01 21:21:36 UTC</createdTime>
<generatorID>941A962D-91F0-96FE-005B-96364D182DCD</generatorID>
<ownerDesignName>Tarea semana 3</ownerDesignName>
<indexState>Foreign Key</indexState>
<isSurrogateKey>false</isSurrogateKey>
<indexColumnUsage>
<colUsage columnID="F7B05D96-2BC1-AFB8-D77E-29EF03408868"/>
</indexColumnUsage>
</ind_PK_UK>
<ind_PK_UK id="A62E6793-855E-BE15-92EF-06D1D2D973B2" name="MEDICO_MEDICO_FK">
<createdBy>milfernandez</createdBy>
<createdTime>2025-09-01 21:58:33 UTC</createdTime>
<generatorID>EE98CB32-6805-463A-D186-D3C4B411A56B</generatorID>
<ownerDesignName>Tarea semana 3</ownerDesignName>
<indexState>Foreign Key</indexState>
<isSurrogateKey>false</isSurrogateKey>
</ind_PK_UK>
</indexes>
</Table>