<?xml version = '1.0' encoding = 'UTF-8'?>
<Table class="oracle.dbtools.crest.model.design.relational.Table" directorySegmentName="seg_0" id="BC4FD352-6FDE-38D3-A987-A06CC4C9EC48" name="APODERADO">
<createdBy>milfernandez</createdBy>
<createdTime>2025-09-01 21:21:35 UTC</createdTime>
<generatorID>47ED4C04-DE60-5515-92AB-774D72894204</generatorID>
<ownerDesignName>Tarea semana 3</ownerDesignName>
<allowColumnReorder>false</allowColumnReorder>
<existDependencyGenerateInDDl>true</existDependencyGenerateInDDl>
<parsed>true</parsed>
<columns itemClass="oracle.dbtools.crest.model.design.relational.Column">
<Column name="RUT" id="0C30B359-6915-6CC5-8E9D-7164394EBEE5">
<createdBy>milfernandez</createdBy>
<createdTime>2025-09-01 21:21:35 UTC</createdTime>
<generatorID>75C9D5BB-9BD4-5365-D89C-EC12A6ECF641</generatorID>
<ownerDesignName>Tarea semana 3</ownerDesignName>
<useDomainConstraints>false</useDomainConstraints>
<use>1</use>
<logicalDatatype>LOGDT024</logicalDatatype>
<dataTypeSize>12</dataTypeSize>
<ownDataTypeParameters>12,,</ownDataTypeParameters>
<autoIncrementCycle>false</autoIncrementCycle>
</Column>
<Column name="nombre" id="F9964DA7-4FF8-0347-B68C-58652FD83FFA">
<createdBy>milfernandez</createdBy>
<createdTime>2025-09-01 21:21:35 UTC</createdTime>
<generatorID>0E4A0921-56E7-E8D8-73EB-0C05A7FE4D72</generatorID>
<ownerDesignName>Tarea semana 3</ownerDesignName>
<useDomainConstraints>false</useDomainConstraints>
<use>1</use>
<logicalDatatype>LOGDT024</logicalDatatype>
<dataTypeSize>100</dataTypeSize>
<ownDataTypeParameters>100,,</ownDataTypeParameters>
<autoIncrementCycle>false</autoIncrementCycle>
</Column>
<Column name="teléfono" id="28664EC7-57A9-E3AE-28D4-152A17419394">
<createdBy>milfernandez</createdBy>
<createdTime>2025-09-01 21:21:35 UTC</createdTime>
<generatorID>10AF35C4-DE41-914B-6D1E-68BFE4DF3EDA</generatorID>
<ownerDesignName>Tarea semana 3</ownerDesignName>
<useDomainConstraints>false</useDomainConstraints>
<use>1</use>
<logicalDatatype>LOGDT024</logicalDatatype>
<dataTypeSize>15</dataTypeSize>
<ownDataTypeParameters>15,,</ownDataTypeParameters>
<autoIncrementCycle>false</autoIncrementCycle>
</Column>
<Column name="relación" id="E337E7CD-AF83-269B-AC6D-852F12135212">
<createdBy>milfernandez</createdBy>
<createdTime>2025-09-01 21:21:35 UTC</createdTime>
<generatorID>3CD13164-7AFB-3754-B8D5-CEA1B9373944</generatorID>
<ownerDesignName>Tarea semana 3</ownerDesignName>
<useDomainConstraints>false</useDomainConstraints>
<use>1</use>
<logicalDatatype>LOGDT024</logicalDatatype>
<dataTypeSize>50</dataTypeSize>
<ownDataTypeParameters>50,,</ownDataTypeParameters>
<autoIncrementCycle>false</autoIncrementCycle>
</Column>
<Column name="CONTRATO_ID_Contrato" id="A203D031-9522-D964-6819-738167F88D8D">
<createdBy>milfernandez</createdBy>
<createdTime>2025-09-01 21:58:33 UTC</createdTime>
<generatorID>6FFB5C82-A644-1756-336B-073C703B12E5</generatorID>
<ownerDesignName>Tarea semana 3</ownerDesignName>
<nullsAllowed>true</nullsAllowed>
<useDomainConstraints>false</useDomainConstraints>
<use>1</use>
<logicalDatatype>LOGDT024</logicalDatatype>
<dataTypeSize>10</dataTypeSize>
<ownDataTypeParameters>,,</ownDataTypeParameters>
<previousColumn>false</previousColumn>
<autoIncrementCycle>false</autoIncrementCycle>
<associations>
<colAssociation fkAssociation="951B72C0-E750-8263-B2BD-CDBD5193BFC6" referredColumn="FF7854DD-022D-5138-399D-FD02880407F8"/>
</associations>
</Column>
</columns>
<indexes itemClass="oracle.dbtools.crest.model.design.relational.Index">
<ind_PK_UK id="F5BEB39B-806C-9D0B-2110-D7793BDBC68D" name="APODERADO_PK">
<createdBy>milfernandez</createdBy>
<createdTime>2025-09-01 21:21:35 UTC</createdTime>
<generatorID>9172A790-3EA6-AB83-F748-0CC8D1FAC2EB</generatorID>
<ownerDesignName>Tarea semana 3</ownerDesignName>
<pk>true</pk>
<indexState>Primary Constraint</indexState>
<isSurrogateKey>false</isSurrogateKey>
<indexColumnUsage>
<colUsage columnID="0C30B359-6915-6CC5-8E9D-7164394EBEE5"/>
</indexColumnUsage>
</ind_PK_UK>
<ind_PK_UK id="9EF6A058-56D8-58E2-9279-09CB4B7A8C95" name="APODERADO_CONTRATO_FK">
<createdBy>milfernandez</createdBy>
<createdTime>2025-09-01 21:58:33 UTC</createdTime>
<generatorID>47999020-8767-1254-46EC-253390DFC84A</generatorID>
<ownerDesignName>Tarea semana 3</ownerDesignName>
<indexState>Foreign Key</indexState>
<isSurrogateKey>false</isSurrogateKey>
<indexColumnUsage>
<colUsage columnID="A203D031-9522-D964-6819-738167F88D8D"/>
</indexColumnUsage>
</ind_PK_UK>
</indexes>
</Table>