<?xml version = '1.0' encoding = 'UTF-8'?>
<Table class="oracle.dbtools.crest.model.design.relational.Table" directorySegmentName="seg_0" id="EA8FD95D-D7CB-735E-9022-1626BD520296" name="CUIDADOR">
<createdBy>milfernandez</createdBy>
<createdTime>2025-09-01 21:21:35 UTC</createdTime>
<generatorID>6FA4C3AB-73C8-002B-2990-1935ED7D5263</generatorID>
<ownerDesignName>Tarea semana 3</ownerDesignName>
<allowColumnReorder>false</allowColumnReorder>
<existDependencyGenerateInDDl>true</existDependencyGenerateInDDl>
<parsed>true</parsed>
<columns itemClass="oracle.dbtools.crest.model.design.relational.Column">
<Column name="RUT" id="972603D2-96F2-6CDA-5B5C-3B058E1B11C1">
<createdBy>milfernandez</createdBy>
<createdTime>2025-09-01 21:21:35 UTC</createdTime>
<generatorID>878BDB43-F519-1949-76FA-80FCCF2B83DA</generatorID>
<ownerDesignName>Tarea semana 3</ownerDesignName>
<useDomainConstraints>false</useDomainConstraints>
<use>1</use>
<logicalDatatype>LOGDT024</logicalDatatype>
<dataTypeSize>12</dataTypeSize>
<ownDataTypeParameters>,,</ownDataTypeParameters>
<autoIncrementCycle>false</autoIncrementCycle>
<associations>
<colAssociation fkAssociation="5425A8E8-1D3C-4431-A402-B48045CE9188" referredColumn="A8171335-39F0-FEDD-A6AF-1E9DFCD47D3C"/>
</associations>
</Column>
<Column name="ficha_basica" id="04713F4D-A38A-14D7-917F-32709B74C2EB">
<createdBy>milfernandez</createdBy>
<createdTime>2025-09-01 21:21:35 UTC</createdTime>
<generatorID>EEAF2020-8A24-CC9F-8684-854DFB37329B</generatorID>
<ownerDesignName>Tarea semana 3</ownerDesignName>
<nullsAllowed>true</nullsAllowed>
<useDomainConstraints>false</useDomainConstraints>
<use>1</use>
<logicalDatatype>LOGDT024</logicalDatatype>
<dataTypeSize>100</dataTypeSize>
<ownDataTypeParameters>100,,</ownDataTypeParameters>
<autoIncrementCycle>false</autoIncrementCycle>
</Column>
</columns>
<indexes itemClass="oracle.dbtools.crest.model.design.relational.Index">
<ind_PK_UK id="9D5C58F5-4272-437A-353D-D3A28315A389" name="CUIDADOR_PK">
<createdBy>milfernandez</createdBy>
<createdTime>2025-09-01 21:21:35 UTC</createdTime>
<generatorID>C0C5AA1E-C477-E7D3-CC0C-59B3378D7F26</generatorID>
<ownerDesignName>Tarea semana 3</ownerDesignName>
<pk>true</pk>
<indexState>Primary Constraint</indexState>
<isSurrogateKey>false</isSurrogateKey>
<indexColumnUsage>
<colUsage columnID="972603D2-96F2-6CDA-5B5C-3B058E1B11C1"/>
</indexColumnUsage>
</ind_PK_UK>
<ind_PK_UK id="76130D4A-9EC4-100A-F8A6-6CA2BAC74999" name="CUIDADOR_PERSONAL_FK">
<createdBy>milfernandez</createdBy>
<createdTime>2025-09-01 21:21:36 UTC</createdTime>
<generatorID>534A53B1-B25B-4D5E-6F96-DFBF9968A7C8</generatorID>
<ownerDesignName>Tarea semana 3</ownerDesignName>
<indexState>Foreign Key</indexState>
<isSurrogateKey>false</isSurrogateKey>
<indexColumnUsage>
<colUsage columnID="972603D2-96F2-6CDA-5B5C-3B058E1B11C1"/>
</indexColumnUsage>
</ind_PK_UK>
</indexes>
</Table>