<?xml version = '1.0' encoding = 'UTF-8'?>
<Table class="oracle.dbtools.crest.model.design.relational.Table" directorySegmentName="seg_0" id="11C35C01-DA87-A168-4857-F5C3FE2BAF06" name="TECNICO_MANT">
<createdBy>mily_</createdBy>
<createdTime>2025-10-12 16:10:39 UTC</createdTime>
<generatorID>CA474AE9-29BF-3417-77AC-4DCD5BA02E4A</generatorID>
<ownerDesignName>Fase 1 y 2</ownerDesignName>
<allowColumnReorder>false</allowColumnReorder>
<existDependencyGenerateInDDl>true</existDependencyGenerateInDDl>
<parsed>true</parsed>
<columns itemClass="oracle.dbtools.crest.model.design.relational.Column">
<Column name="id_empleado" id="D578BC98-2987-0A04-F600-A3FCE1362EFB">
<createdBy>mily_</createdBy>
<createdTime>2025-10-12 16:10:39 UTC</createdTime>
<generatorID>B072EE76-9A64-C7BA-B204-A937DAA7F8CF</generatorID>
<ownerDesignName>Fase 1 y 2</ownerDesignName>
<shouldEngineer>false</shouldEngineer>
<useDomainConstraints>false</useDomainConstraints>
<use>1</use>
<logicalDatatype>LOGDT019</logicalDatatype>
<ownDataTypeParameters>,,</ownDataTypeParameters>
<autoIncrementCycle>false</autoIncrementCycle>
<associations>
<colAssociation fkAssociation="3781D5F8-B0D0-B401-EE7D-6BC3A270EBE7" referredColumn="72B99B86-8756-B168-2426-93A5BD51D3B8"/>
</associations>
</Column>
<Column name="especialidad" id="2D26E72C-1E0C-CA5F-CF74-E524E136F5CB">
<createdBy>mily_</createdBy>
<createdTime>2025-10-12 16:10:39 UTC</createdTime>
<generatorID>91CB6F56-BB3F-EF2A-E778-03A19677A270</generatorID>
<ownerDesignName>Fase 1 y 2</ownerDesignName>
<useDomainConstraints>false</useDomainConstraints>
<use>1</use>
<logicalDatatype>LOGDT024</logicalDatatype>
<dataTypeSize>30</dataTypeSize>
<ownDataTypeParameters>30,,</ownDataTypeParameters>
<autoIncrementCycle>false</autoIncrementCycle>
</Column>
<Column name="nivel_certificacion" id="4D7B42ED-9AE0-89E3-5BA8-D8D982EBA860">
<createdBy>mily_</createdBy>
<createdTime>2025-10-12 16:10:39 UTC</createdTime>
<generatorID>DE764977-FEDE-F910-CF9B-54AAA997E2F4</generatorID>
<ownerDesignName>Fase 1 y 2</ownerDesignName>
<nullsAllowed>true</nullsAllowed>
<useDomainConstraints>false</useDomainConstraints>
<use>1</use>
<logicalDatatype>LOGDT024</logicalDatatype>
<dataTypeSize>40</dataTypeSize>
<ownDataTypeParameters>40,,</ownDataTypeParameters>
<autoIncrementCycle>false</autoIncrementCycle>
</Column>
<Column name="tiempo_respuesta_estd" id="E43FEB80-A358-852D-1898-CE9BF2F6898F">
<createdBy>mily_</createdBy>
<createdTime>2025-10-12 16:10:39 UTC</createdTime>
<generatorID>2EF345EE-9EE7-312E-B210-9A17A7CF3806</generatorID>
<ownerDesignName>Fase 1 y 2</ownerDesignName>
<useDomainConstraints>false</useDomainConstraints>
<use>1</use>
<logicalDatatype>LOGDT019</logicalDatatype>
<dataTypePrecision>5</dataTypePrecision>
<ownDataTypeParameters>,5,</ownDataTypeParameters>
<autoIncrementCycle>false</autoIncrementCycle>
</Column>
</columns>
<indexes itemClass="oracle.dbtools.crest.model.design.relational.Index">
<ind_PK_UK id="74A12323-7889-6883-5EB5-B4D92E1FF779" name="TECNICO_MANT_PK">
<createdBy>mily_</createdBy>
<createdTime>2025-10-12 16:10:39 UTC</createdTime>
<generatorID>7B85CDE4-5312-7816-DC90-2B9EF6C6EA97</generatorID>
<ownerDesignName>Fase 1 y 2</ownerDesignName>
<shouldEngineer>false</shouldEngineer>
<pk>true</pk>
<indexState>Primary Constraint</indexState>
<isSurrogateKey>false</isSurrogateKey>
<indexColumnUsage>
<colUsage columnID="D578BC98-2987-0A04-F600-A3FCE1362EFB"/>
</indexColumnUsage>
</ind_PK_UK>
<ind_PK_UK id="DCBFC892-AC64-66A5-A452-06C0AB1BC956" name="TECNICO_MANT_EMPLEADO_FK">
<createdBy>mily_</createdBy>
<createdTime>2025-10-12 16:10:39 UTC</createdTime>
<generatorID>868B3868-404D-427C-FFB8-DCF6D79CCE57</generatorID>
<ownerDesignName>Fase 1 y 2</ownerDesignName>
<indexState>Foreign Key</indexState>
<isSurrogateKey>false</isSurrogateKey>
<indexColumnUsage>
<colUsage columnID="D578BC98-2987-0A04-F600-A3FCE1362EFB"/>
</indexColumnUsage>
</ind_PK_UK>
</indexes>
</Table>