<?xml version = '1.0' encoding = 'UTF-8'?>
<Table class="oracle.dbtools.crest.model.design.relational.Table" directorySegmentName="seg_0" id="18BEE2FE-192A-45B9-F1D4-3DF89E7CBDC1" name="OPERARIO">
<createdBy>mily_</createdBy>
<createdTime>2025-10-12 16:07:52 UTC</createdTime>
<generatorID>96481ACF-C4DD-8465-7DEB-1047939AD189</generatorID>
<ownerDesignName>Fase 1 y 2</ownerDesignName>
<allowColumnReorder>false</allowColumnReorder>
<existDependencyGenerateInDDl>true</existDependencyGenerateInDDl>
<parsed>true</parsed>
<columns itemClass="oracle.dbtools.crest.model.design.relational.Column">
<Column name="categoria_proceso" id="7A10E3FF-CA74-C279-F434-A19C4620D983">
<createdBy>mily_</createdBy>
<createdTime>2025-10-12 16:07:52 UTC</createdTime>
<generatorID>C5825824-91FA-8E44-CBFC-5D99576A37A6</generatorID>
<ownerDesignName>Fase 1 y 2</ownerDesignName>
<useDomainConstraints>false</useDomainConstraints>
<use>1</use>
<logicalDatatype>LOGDT024</logicalDatatype>
<dataTypeSize>30</dataTypeSize>
<ownDataTypeParameters>30,,</ownDataTypeParameters>
<autoIncrementCycle>false</autoIncrementCycle>
</Column>
<Column name="certificacion" id="C1A777D8-6A9E-CCBD-5E26-D91BF0E5F97A">
<createdBy>mily_</createdBy>
<createdTime>2025-10-12 16:07:52 UTC</createdTime>
<generatorID>8CDFCB69-509A-5911-FFB4-277F25CAEBFC</generatorID>
<ownerDesignName>Fase 1 y 2</ownerDesignName>
<nullsAllowed>true</nullsAllowed>
<useDomainConstraints>false</useDomainConstraints>
<use>1</use>
<logicalDatatype>LOGDT024</logicalDatatype>
<dataTypeSize>80</dataTypeSize>
<ownDataTypeParameters>80,,</ownDataTypeParameters>
<autoIncrementCycle>false</autoIncrementCycle>
</Column>
<Column name="horas_std_turno" id="4FF0BB61-4AF2-8BE2-C56B-122ADBE0AF45">
<createdBy>mily_</createdBy>
<createdTime>2025-10-12 16:07:52 UTC</createdTime>
<generatorID>1957D903-F79F-9E1C-0CF5-44F1954BBA4F</generatorID>
<ownerDesignName>Fase 1 y 2</ownerDesignName>
<constraintName>Rest</constraintName>
<useDomainConstraints>false</useDomainConstraints>
<use>1</use>
<logicalDatatype>LOGDT019</logicalDatatype>
<dataTypePrecision>4</dataTypePrecision>
<dataTypeScale>1</dataTypeScale>
<defaultValue>8</defaultValue>
<ownDataTypeParameters>,4,1</ownDataTypeParameters>
<autoIncrementCycle>false</autoIncrementCycle>
</Column>
<Column name="id_empleado" id="B4D83D22-4636-FA25-ED79-09B5401C6F03">
<createdBy>mily_</createdBy>
<createdTime>2025-10-12 16:10:39 UTC</createdTime>
<generatorID>B072EE76-9A64-C7BA-B204-A937DAA7F8CF</generatorID>
<ownerDesignName>Fase 1 y 2</ownerDesignName>
<shouldEngineer>false</shouldEngineer>
<useDomainConstraints>false</useDomainConstraints>
<use>1</use>
<logicalDatatype>LOGDT019</logicalDatatype>
<ownDataTypeParameters>,,</ownDataTypeParameters>
<autoIncrementCycle>false</autoIncrementCycle>
<associations>
<colAssociation fkAssociation="3EEA7814-F631-9104-8299-08D6C25DC2C5" referredColumn="72B99B86-8756-B168-2426-93A5BD51D3B8"/>
</associations>
</Column>
</columns>
<indexes itemClass="oracle.dbtools.crest.model.design.relational.Index">
<ind_PK_UK id="329E0055-6E64-3580-ABE7-8F82E412C656" name="OPERARIO_PK">
<createdBy>mily_</createdBy>
<createdTime>2025-10-12 16:10:39 UTC</createdTime>
<generatorID>7B85CDE4-5312-7816-DC90-2B9EF6C6EA97</generatorID>
<ownerDesignName>Fase 1 y 2</ownerDesignName>
<shouldEngineer>false</shouldEngineer>
<pk>true</pk>
<indexState>Primary Constraint</indexState>
<isSurrogateKey>false</isSurrogateKey>
<indexColumnUsage>
<colUsage columnID="B4D83D22-4636-FA25-ED79-09B5401C6F03"/>
</indexColumnUsage>
</ind_PK_UK>
<ind_PK_UK id="B2C3CFCE-45D5-15BA-C992-C4E8F0DF500E" name="OPERARIO_EMPLEADO_FK">
<createdBy>mily_</createdBy>
<createdTime>2025-10-12 16:10:39 UTC</createdTime>
<generatorID>8769737C-CE5F-507C-5CA4-60CB9CD28221</generatorID>
<ownerDesignName>Fase 1 y 2</ownerDesignName>
<indexState>Foreign Key</indexState>
<isSurrogateKey>false</isSurrogateKey>
<indexColumnUsage>
<colUsage columnID="B4D83D22-4636-FA25-ED79-09B5401C6F03"/>
</indexColumnUsage>
</ind_PK_UK>
</indexes>
</Table>