<?xml version = '1.0' encoding = 'UTF-8'?>
<Table class="oracle.dbtools.crest.model.design.relational.Table" directorySegmentName="seg_0" id="2D1748B8-FF23-0F18-A445-7AF9548E5879" name="REGION">
<createdBy>mily_</createdBy>
<createdTime>2025-10-12 14:29:44 UTC</createdTime>
<generatorID>92D08851-BAA4-D480-803E-8335A0685C92</generatorID>
<ownerDesignName>Fase 1 y 2</ownerDesignName>
<allowColumnReorder>false</allowColumnReorder>
<existDependencyGenerateInDDl>true</existDependencyGenerateInDDl>
<parsed>true</parsed>
<columns itemClass="oracle.dbtools.crest.model.design.relational.Column">
<Column name="id_region" id="A0615BFB-CDBD-5314-6E1A-755CC6B2C3D6">
<createdBy>mily_</createdBy>
<createdTime>2025-10-12 14:29:44 UTC</createdTime>
<generatorID>EF52402C-1ED3-9381-C5AF-6987D88B8D5D</generatorID>
<ownerDesignName>Fase 1 y 2</ownerDesignName>
<useDomainConstraints>false</useDomainConstraints>
<use>1</use>
<logicalDatatype>LOGDT019</logicalDatatype>
<dataTypePrecision>4</dataTypePrecision>
<ownDataTypeParameters>,4,</ownDataTypeParameters>
<autoIncrementCycle>false</autoIncrementCycle>
</Column>
<Column name="nombre_region" id="72AAB059-B80E-4D4D-3019-D68BDA04C909">
<createdBy>mily_</createdBy>
<createdTime>2025-10-12 14:29:44 UTC</createdTime>
<generatorID>479933B5-668F-F403-F939-B073A0103BA7</generatorID>
<ownerDesignName>Fase 1 y 2</ownerDesignName>
<useDomainConstraints>false</useDomainConstraints>
<use>1</use>
<logicalDatatype>LOGDT024</logicalDatatype>
<dataTypeSize>60</dataTypeSize>
<ownDataTypeParameters>60,,</ownDataTypeParameters>
<autoIncrementCycle>false</autoIncrementCycle>
</Column>
</columns>
<indexes itemClass="oracle.dbtools.crest.model.design.relational.Index">
<ind_PK_UK id="28E92635-C712-305C-BC41-40B52E69A4E1" name="REGION_PK">
<createdBy>mily_</createdBy>
<createdTime>2025-10-12 14:29:44 UTC</createdTime>
<generatorID>576975A6-7CB7-C2A6-3479-F9FDD99F6C24</generatorID>
<ownerDesignName>Fase 1 y 2</ownerDesignName>
<pk>true</pk>
<indexState>Primary Constraint</indexState>
<isSurrogateKey>false</isSurrogateKey>
<indexColumnUsage>
<colUsage columnID="A0615BFB-CDBD-5314-6E1A-755CC6B2C3D6"/>
</indexColumnUsage>
</ind_PK_UK>
<ind_PK_UK id="EDFA6207-CD74-BA6E-DA45-4355AE3F1418" name="REGION_nombre_region_UN">
<createdBy>mily_</createdBy>
<createdTime>2025-10-12 14:30:18 UTC</createdTime>
<ownerDesignName>Fase 1 y 2</ownerDesignName>
<indexState>Unique Constraint</indexState>
<isSurrogateKey>false</isSurrogateKey>
<indexColumnUsage>
<colUsage columnID="72AAB059-B80E-4D4D-3019-D68BDA04C909"/>
</indexColumnUsage>
</ind_PK_UK>
</indexes>
</Table>