<?xml version = '1.0' encoding = 'UTF-8'?>
<Table class="oracle.dbtools.crest.model.design.relational.Table" directorySegmentName="seg_0" id="2D796B29-3B0B-E695-ADA0-8464C3C7AB29" name="SALUD">
<createdBy>mily_</createdBy>
<createdTime>2025-10-12 15:03:31 UTC</createdTime>
<ownerDesignName>Fase 1 y 2</ownerDesignName>
<ordsAlias>table_8</ordsAlias>
<allowColumnReorder>false</allowColumnReorder>
<existDependencyGenerateInDDl>true</existDependencyGenerateInDDl>
<parsed>true</parsed>
<columns itemClass="oracle.dbtools.crest.model.design.relational.Column">
<Column name="id_salud" id="144CDA66-C0C0-645A-FF15-BCFBDB47B021">
<createdBy>mily_</createdBy>
<createdTime>2025-10-12 15:04:15 UTC</createdTime>
<ownerDesignName>Fase 1 y 2</ownerDesignName>
<useDomainConstraints>false</useDomainConstraints>
<use>1</use>
<logicalDatatype>LOGDT019</logicalDatatype>
<ownDataTypeParameters>,,</ownDataTypeParameters>
<autoIncrementCycle>false</autoIncrementCycle>
</Column>
<Column name="nombre_salud" id="8E7A9651-2966-4109-63CD-096DDE82A690">
<createdBy>mily_</createdBy>
<createdTime>2025-10-12 15:04:15 UTC</createdTime>
<ownerDesignName>Fase 1 y 2</ownerDesignName>
<nullsAllowed>true</nullsAllowed>
<useDomainConstraints>false</useDomainConstraints>
<use>1</use>
<logicalDatatype>LOGDT024</logicalDatatype>
<dataTypeSize>60</dataTypeSize>
<ownDataTypeParameters>60,,</ownDataTypeParameters>
<autoIncrementCycle>false</autoIncrementCycle>
</Column>
</columns>
<indexes itemClass="oracle.dbtools.crest.model.design.relational.Index">
<ind_PK_UK id="DDB1CDFA-F409-6A9F-F7C1-7AC8343FF00B" name="SALUD_PK">
<createdBy>mily_</createdBy>
<createdTime>2025-10-12 15:04:15 UTC</createdTime>
<ownerDesignName>Fase 1 y 2</ownerDesignName>
<pk>true</pk>
<indexState>Primary Constraint</indexState>
<isSurrogateKey>false</isSurrogateKey>
<indexColumnUsage>
<colUsage columnID="144CDA66-C0C0-645A-FF15-BCFBDB47B021"/>
</indexColumnUsage>
</ind_PK_UK>
<ind_PK_UK id="44D962BD-E64E-FBC5-7339-469CF14EABA7" name="SALUD_nombre_salud_UN">
<createdBy>mily_</createdBy>
<createdTime>2025-10-12 15:04:15 UTC</createdTime>
<ownerDesignName>Fase 1 y 2</ownerDesignName>
<indexState>Unique Constraint</indexState>
<isSurrogateKey>false</isSurrogateKey>
<indexColumnUsage>
<colUsage columnID="8E7A9651-2966-4109-63CD-096DDE82A690"/>
</indexColumnUsage>
</ind_PK_UK>
</indexes>
</Table>