<?xml version = '1.0' encoding = 'UTF-8'?>
<Table class="oracle.dbtools.crest.model.design.relational.Table" directorySegmentName="seg_0" id="32FF515A-5F17-7429-D764-D5F34C012B36" name="COMUNA">
<createdBy>mily_</createdBy>
<createdTime>2025-10-12 14:31:07 UTC</createdTime>
<ownerDesignName>Fase 1 y 2</ownerDesignName>
<ordsAlias>table_2</ordsAlias>
<allowColumnReorder>false</allowColumnReorder>
<existDependencyGenerateInDDl>true</existDependencyGenerateInDDl>
<parsed>true</parsed>
<columns itemClass="oracle.dbtools.crest.model.design.relational.Column">
<Column name="id_comuna" id="A33092DA-0D26-FCFE-2DBA-F91C593D06B7">
<createdBy>mily_</createdBy>
<createdTime>2025-10-12 14:33:12 UTC</createdTime>
<ownerDesignName>Fase 1 y 2</ownerDesignName>
<useDomainConstraints>false</useDomainConstraints>
<use>1</use>
<logicalDatatype>LOGDT019</logicalDatatype>
<ownDataTypeParameters>,,</ownDataTypeParameters>
<autoIncrementCycle>false</autoIncrementCycle>
</Column>
<Column name="nombre_comuna" id="2D1DBAEC-5B27-70A6-2BD9-EF2C3E9E0C6E">
<createdBy>mily_</createdBy>
<createdTime>2025-10-12 14:42:49 UTC</createdTime>
<generatorID>C975628C-B097-F4D0-2717-20DF258676A5</generatorID>
<ownerDesignName>Fase 1 y 2</ownerDesignName>
<useDomainConstraints>false</useDomainConstraints>
<use>1</use>
<logicalDatatype>LOGDT024</logicalDatatype>
<dataTypeSize>80</dataTypeSize>
<ownDataTypeParameters>80,,</ownDataTypeParameters>
<autoIncrementCycle>false</autoIncrementCycle>
</Column>
<Column name="REGION_id_region" id="44CB0ECC-21DA-FAAA-F583-E6EA40044895">
<createdBy>mily_</createdBy>
<createdTime>2025-10-12 14:42:49 UTC</createdTime>
<generatorID>65587CF0-1A48-EAD2-B981-F4FAD51D89F0</generatorID>
<ownerDesignName>Fase 1 y 2</ownerDesignName>
<useDomainConstraints>false</useDomainConstraints>
<use>1</use>
<logicalDatatype>LOGDT019</logicalDatatype>
<dataTypePrecision>4</dataTypePrecision>
<ownDataTypeParameters>,,</ownDataTypeParameters>
<previousColumn>false</previousColumn>
<autoIncrementCycle>false</autoIncrementCycle>
<associations>
<colAssociation fkAssociation="F6BB8538-16F8-D2E9-7067-753FBE193206" referredColumn="A0615BFB-CDBD-5314-6E1A-755CC6B2C3D6"/>
</associations>
</Column>
</columns>
<indexes itemClass="oracle.dbtools.crest.model.design.relational.Index">
<ind_PK_UK id="D48372F7-ADD5-ADD6-7F5E-8A794DAEF46E" name="COMUNA_PK">
<createdBy>mily_</createdBy>
<createdTime>2025-10-12 14:42:49 UTC</createdTime>
<generatorID>5060EACD-44D8-5C09-6D6B-8C1C7079CC35</generatorID>
<ownerDesignName>Fase 1 y 2</ownerDesignName>
<pk>true</pk>
<indexState>Primary Constraint</indexState>
<isSurrogateKey>false</isSurrogateKey>
<indexColumnUsage>
<colUsage columnID="A33092DA-0D26-FCFE-2DBA-F91C593D06B7"/>
</indexColumnUsage>
</ind_PK_UK>
<ind_PK_UK id="50A34590-6E1D-1458-392E-357D484F7AEE" name="COMUNA_REGION_FK">
<createdBy>mily_</createdBy>
<createdTime>2025-10-12 14:42:50 UTC</createdTime>
<generatorID>7CB86085-D8F9-3633-6B84-FFFB8B37DBCF</generatorID>
<ownerDesignName>Fase 1 y 2</ownerDesignName>
<indexState>Foreign Key</indexState>
<isSurrogateKey>false</isSurrogateKey>
<indexColumnUsage>
<colUsage columnID="44CB0ECC-21DA-FAAA-F583-E6EA40044895"/>
</indexColumnUsage>
</ind_PK_UK>
</indexes>
</Table>