<?xml version = '1.0' encoding = 'UTF-8'?>
<Table class="oracle.dbtools.crest.model.design.relational.Table" directorySegmentName="seg_0" id="40E365F6-CB50-E19D-5232-C8B12ABE1260" name="MAQUINA">
<createdBy>mily_</createdBy>
<createdTime>2025-10-12 14:46:51 UTC</createdTime>
<generatorID>A2B5FB08-4EF3-6451-7D8A-DAAE475FD2C8</generatorID>
<ownerDesignName>Fase 1 y 2</ownerDesignName>
<allowColumnReorder>false</allowColumnReorder>
<existDependencyGenerateInDDl>true</existDependencyGenerateInDDl>
<parsed>true</parsed>
<columns itemClass="oracle.dbtools.crest.model.design.relational.Column">
<Column name="PLANTA_id_planta" id="646799EC-8DA7-B435-F8B3-943223CF7556">
<createdBy>mily_</createdBy>
<createdTime>2025-10-12 14:53:01 UTC</createdTime>
<generatorID>FF312EA8-9899-EBE1-CC27-4A84575293C0</generatorID>
<ownerDesignName>Fase 1 y 2</ownerDesignName>
<useDomainConstraints>false</useDomainConstraints>
<use>1</use>
<logicalDatatype>LOGDT019</logicalDatatype>
<ownDataTypeParameters>,,</ownDataTypeParameters>
<previousColumn>false</previousColumn>
<autoIncrementCycle>false</autoIncrementCycle>
<associations>
<colAssociation fkAssociation="5D839F53-4B87-22C6-9174-BC75F5AF5E69" referredColumn="61D458E4-1A12-67E2-62B7-FB221553714F"/>
</associations>
</Column>
<Column name="num_maquina" id="2FFE2E4A-560C-391A-55A3-230F2835CDA7">
<createdBy>mily_</createdBy>
<createdTime>2025-10-12 14:46:51 UTC</createdTime>
<generatorID>504777EF-A9C2-C1EB-B32B-13EB6DF7DB93</generatorID>
<ownerDesignName>Fase 1 y 2</ownerDesignName>
<useDomainConstraints>false</useDomainConstraints>
<use>1</use>
<logicalDatatype>LOGDT019</logicalDatatype>
<ownDataTypeParameters>,,</ownDataTypeParameters>
<autoIncrementCycle>false</autoIncrementCycle>
</Column>
<Column name="nombre_maquina" id="606BDAE4-116A-1663-89E4-BAC46C37FA48">
<createdBy>mily_</createdBy>
<createdTime>2025-10-12 14:46:51 UTC</createdTime>
<generatorID>DA948107-C2AC-0962-E2B6-1B0AD9F74598</generatorID>
<ownerDesignName>Fase 1 y 2</ownerDesignName>
<useDomainConstraints>false</useDomainConstraints>
<use>1</use>
<logicalDatatype>LOGDT024</logicalDatatype>
<dataTypeSize>80</dataTypeSize>
<ownDataTypeParameters>80,,</ownDataTypeParameters>
<autoIncrementCycle>false</autoIncrementCycle>
</Column>
<Column name="activo" id="139E4C97-1967-48A0-5B34-CE811A524FAA">
<createdBy>mily_</createdBy>
<createdTime>2025-10-12 14:46:51 UTC</createdTime>
<generatorID>2311F70A-4C27-5692-DCD1-F2FDB7425C68</generatorID>
<ownerDesignName>Fase 1 y 2</ownerDesignName>
<constraintName>MAQUINA_ACTIVO_CK </constraintName>
<useDomainConstraints>false</useDomainConstraints>
<use>1</use>
<logicalDatatype>LOGDT025</logicalDatatype>
<dataTypeSize>1</dataTypeSize>
<listOfValues>
<valueDef value="&apos;N&apos;" description=""/>
<valueDef value="&apos;S&apos;" description=""/>
</listOfValues>
<defaultValue>&apos;S&apos;</defaultValue>
<ownDataTypeParameters>1,,</ownDataTypeParameters>
<autoIncrementCycle>false</autoIncrementCycle>
</Column>
<Column name="TIPO_MAQUINA_id_tipo" id="07A2F413-82C8-4EF0-9409-2B0CE61C269C">
<createdBy>mily_</createdBy>
<createdTime>2025-10-12 15:02:37 UTC</createdTime>
<generatorID>5B5C924C-0E79-E7E0-7F51-1C57EF294EC7</generatorID>
<ownerDesignName>Fase 1 y 2</ownerDesignName>
<useDomainConstraints>false</useDomainConstraints>
<use>1</use>
<logicalDatatype>LOGDT019</logicalDatatype>
<ownDataTypeParameters>,,</ownDataTypeParameters>
<previousColumn>false</previousColumn>
<autoIncrementCycle>false</autoIncrementCycle>
<associations>
<colAssociation fkAssociation="EB31DE1F-1337-E871-AF78-B543C635CFFD" referredColumn="A7887D51-F367-7A26-7748-571761EDD2A8"/>
</associations>
</Column>
</columns>
<indexes itemClass="oracle.dbtools.crest.model.design.relational.Index">
<ind_PK_UK id="F4946722-ACBC-9830-82E7-00388B0BE214" name="MAQUINA_PK">
<createdBy>mily_</createdBy>
<createdTime>2025-10-12 14:46:51 UTC</createdTime>
<generatorID>84A0867F-ABAC-A049-370B-69F5913C129C</generatorID>
<ownerDesignName>Fase 1 y 2</ownerDesignName>
<pk>true</pk>
<indexState>Primary Constraint</indexState>
<isSurrogateKey>false</isSurrogateKey>
<indexColumnUsage>
<colUsage columnID="646799EC-8DA7-B435-F8B3-943223CF7556"/>
<colUsage columnID="2FFE2E4A-560C-391A-55A3-230F2835CDA7"/>
</indexColumnUsage>
</ind_PK_UK>
<ind_PK_UK id="2B385E12-6E60-913B-DB45-F2CEFA3482E3" name="MAQUINA_PLANTA_FK">
<createdBy>mily_</createdBy>
<createdTime>2025-10-12 14:53:01 UTC</createdTime>
<generatorID>89F64B11-5FF9-3C30-F747-3A3C0C2975A7</generatorID>
<ownerDesignName>Fase 1 y 2</ownerDesignName>
<indexState>Foreign Key</indexState>
<isSurrogateKey>false</isSurrogateKey>
<indexColumnUsage>
<colUsage columnID="646799EC-8DA7-B435-F8B3-943223CF7556"/>
</indexColumnUsage>
</ind_PK_UK>
<ind_PK_UK id="6810BD9E-43DE-095B-E7EA-FE0AFB1FADB3" name="MAQUINA_TIPO_MAQUINA_FK">
<createdBy>mily_</createdBy>
<createdTime>2025-10-12 15:02:37 UTC</createdTime>
<generatorID>20694C94-C68E-64C2-39A5-E7287B90488A</generatorID>
<ownerDesignName>Fase 1 y 2</ownerDesignName>
<indexState>Foreign Key</indexState>
<isSurrogateKey>false</isSurrogateKey>
<indexColumnUsage>
<colUsage columnID="07A2F413-82C8-4EF0-9409-2B0CE61C269C"/>
</indexColumnUsage>
</ind_PK_UK>
</indexes>
</Table>