<?xml version = '1.0' encoding = 'UTF-8'?>
<Table class="oracle.dbtools.crest.model.design.relational.Table" directorySegmentName="seg_0" id="5C9D8F1A-D6DB-F747-982B-17478D3414E5" name="TIPO_MAQUINA">
<createdBy>mily_</createdBy>
<createdTime>2025-10-12 14:42:50 UTC</createdTime>
<generatorID>EDD0B053-3AA6-B1AA-6808-6D059EB6FC65</generatorID>
<ownerDesignName>Fase 1 y 2</ownerDesignName>
<allowColumnReorder>false</allowColumnReorder>
<existDependencyGenerateInDDl>true</existDependencyGenerateInDDl>
<parsed>true</parsed>
<columns itemClass="oracle.dbtools.crest.model.design.relational.Column">
<Column name="id_tipo" id="A7887D51-F367-7A26-7748-571761EDD2A8">
<createdBy>mily_</createdBy>
<createdTime>2025-10-12 14:42:50 UTC</createdTime>
<generatorID>A97EAA9A-F2E3-0B34-2213-D394010C8181</generatorID>
<ownerDesignName>Fase 1 y 2</ownerDesignName>
<useDomainConstraints>false</useDomainConstraints>
<use>1</use>
<logicalDatatype>LOGDT019</logicalDatatype>
<ownDataTypeParameters>,,</ownDataTypeParameters>
<autoIncrementCycle>false</autoIncrementCycle>
</Column>
<Column name="nombre_tipo" id="8802E688-2F02-C134-42B0-A719113BA999">
<createdBy>mily_</createdBy>
<createdTime>2025-10-12 14:42:50 UTC</createdTime>
<generatorID>3CDDF3D9-9F2E-F982-3AAE-EF74E5204E4C</generatorID>
<ownerDesignName>Fase 1 y 2</ownerDesignName>
<useDomainConstraints>false</useDomainConstraints>
<use>1</use>
<logicalDatatype>LOGDT024</logicalDatatype>
<dataTypeSize>60</dataTypeSize>
<ownDataTypeParameters>60,,</ownDataTypeParameters>
<autoIncrementCycle>false</autoIncrementCycle>
</Column>
</columns>
<indexes itemClass="oracle.dbtools.crest.model.design.relational.Index">
<ind_PK_UK id="1FF9C252-3378-D095-F68E-E3A85B5DDFCE" name="TIPO_MAQUINA_PK">
<createdBy>mily_</createdBy>
<createdTime>2025-10-12 14:42:50 UTC</createdTime>
<generatorID>F789D4FA-6C0B-23C7-C5A9-0C00565C11DD</generatorID>
<ownerDesignName>Fase 1 y 2</ownerDesignName>
<pk>true</pk>
<indexState>Primary Constraint</indexState>
<isSurrogateKey>false</isSurrogateKey>
<indexColumnUsage>
<colUsage columnID="A7887D51-F367-7A26-7748-571761EDD2A8"/>
</indexColumnUsage>
</ind_PK_UK>
<ind_PK_UK id="FC881FF1-8A4F-9DF5-99FC-7F108A9DC369" name="TIPO_MAQUINA_nombre_tipo_UN">
<createdBy>mily_</createdBy>
<createdTime>2025-10-12 14:44:42 UTC</createdTime>
<ownerDesignName>Fase 1 y 2</ownerDesignName>
<indexState>Unique Constraint</indexState>
<isSurrogateKey>false</isSurrogateKey>
<indexColumnUsage>
<colUsage columnID="8802E688-2F02-C134-42B0-A719113BA999"/>
</indexColumnUsage>
</ind_PK_UK>
</indexes>
</Table>