<?xml version = '1.0' encoding = 'UTF-8'?>
<Table class="oracle.dbtools.crest.model.design.relational.Table" directorySegmentName="seg_0" id="8BE2393F-3E2B-800B-3890-B136CAE8F5CD" name="AFP">
<createdBy>mily_</createdBy>
<createdTime>2025-10-12 15:02:36 UTC</createdTime>
<generatorID>6D1FA657-E5ED-7551-5CB7-1B332FB36D6B</generatorID>
<ownerDesignName>Fase 1 y 2</ownerDesignName>
<allowColumnReorder>false</allowColumnReorder>
<existDependencyGenerateInDDl>true</existDependencyGenerateInDDl>
<parsed>true</parsed>
<columns itemClass="oracle.dbtools.crest.model.design.relational.Column">
<Column name="id_afp" id="E19626AB-78F0-3FE1-ABD6-14B8FC6C36E2">
<createdBy>mily_</createdBy>
<createdTime>2025-10-12 15:02:36 UTC</createdTime>
<generatorID>21A26880-1BDA-F2F6-A10A-F8F5A6E4FD96</generatorID>
<ownerDesignName>Fase 1 y 2</ownerDesignName>
<useDomainConstraints>false</useDomainConstraints>
<use>1</use>
<logicalDatatype>LOGDT019</logicalDatatype>
<ownDataTypeParameters>,,</ownDataTypeParameters>
<autoIncrementCycle>false</autoIncrementCycle>
</Column>
<Column name="nombre_afp" id="22441211-7ABF-9753-C61E-DBBFF7A9327D">
<createdBy>mily_</createdBy>
<createdTime>2025-10-12 15:02:36 UTC</createdTime>
<generatorID>1AB8BBD3-B9C9-B7DA-3A9A-98BF10D1274B</generatorID>
<ownerDesignName>Fase 1 y 2</ownerDesignName>
<useDomainConstraints>false</useDomainConstraints>
<use>1</use>
<logicalDatatype>LOGDT024</logicalDatatype>
<dataTypeSize>60</dataTypeSize>
<ownDataTypeParameters>60,,</ownDataTypeParameters>
<autoIncrementCycle>false</autoIncrementCycle>
</Column>
</columns>
<indexes itemClass="oracle.dbtools.crest.model.design.relational.Index">
<ind_PK_UK id="6566E406-A872-95D1-B887-0CF449375563" name="AFP_PK">
<createdBy>mily_</createdBy>
<createdTime>2025-10-12 15:02:36 UTC</createdTime>
<generatorID>4088C1F1-2EF0-3C78-6254-1D4B800EE6DB</generatorID>
<ownerDesignName>Fase 1 y 2</ownerDesignName>
<pk>true</pk>
<indexState>Primary Constraint</indexState>
<isSurrogateKey>false</isSurrogateKey>
<indexColumnUsage>
<colUsage columnID="E19626AB-78F0-3FE1-ABD6-14B8FC6C36E2"/>
</indexColumnUsage>
</ind_PK_UK>
<ind_PK_UK id="482B5F8D-4FE2-6D79-13E7-338B17EA6CAE" name="AFP_nombre_afp_UN">
<createdBy>mily_</createdBy>
<createdTime>2025-10-12 15:03:26 UTC</createdTime>
<ownerDesignName>Fase 1 y 2</ownerDesignName>
<indexState>Unique Constraint</indexState>
<isSurrogateKey>false</isSurrogateKey>
<indexColumnUsage>
<colUsage columnID="22441211-7ABF-9753-C61E-DBBFF7A9327D"/>
</indexColumnUsage>
</ind_PK_UK>
</indexes>
</Table>