<?xml version = '1.0' encoding = 'UTF-8'?>
<Table class="oracle.dbtools.crest.model.design.relational.Table" directorySegmentName="seg_0" id="A6BD4595-93B1-C6DB-1249-8F824230B5D3" name="TURNO">
<createdBy>mily_</createdBy>
<createdTime>2025-10-12 15:22:43 UTC</createdTime>
<generatorID>030AEB45-9DBA-8A9D-78D8-75C1CCD6F4E4</generatorID>
<ownerDesignName>Fase 1 y 2</ownerDesignName>
<allowColumnReorder>false</allowColumnReorder>
<existDependencyGenerateInDDl>true</existDependencyGenerateInDDl>
<parsed>true</parsed>
<columns itemClass="oracle.dbtools.crest.model.design.relational.Column">
<Column name="id_turno" id="1C3F74EE-A810-92F5-C64C-1BD8C01B3232">
<createdBy>mily_</createdBy>
<createdTime>2025-10-12 15:22:43 UTC</createdTime>
<generatorID>7872A62E-B9BC-85D6-BB88-01AD65457303</generatorID>
<ownerDesignName>Fase 1 y 2</ownerDesignName>
<useDomainConstraints>false</useDomainConstraints>
<use>1</use>
<logicalDatatype>LOGDT019</logicalDatatype>
<ownDataTypeParameters>,,</ownDataTypeParameters>
<autoIncrementCycle>false</autoIncrementCycle>
</Column>
<Column name="nombre_turno" id="9F4CCDC5-A0B1-9A53-A1A7-3E1673BD62FB">
<createdBy>mily_</createdBy>
<createdTime>2025-10-12 15:22:43 UTC</createdTime>
<generatorID>59946F36-C812-92F6-9DCA-326CE3314307</generatorID>
<ownerDesignName>Fase 1 y 2</ownerDesignName>
<useDomainConstraints>false</useDomainConstraints>
<use>1</use>
<logicalDatatype>LOGDT024</logicalDatatype>
<dataTypeSize>30</dataTypeSize>
<ownDataTypeParameters>30,,</ownDataTypeParameters>
<autoIncrementCycle>false</autoIncrementCycle>
</Column>
<Column name="hora_inicio" id="15B113CF-FA8D-36C6-8182-E1261D2D297E">
<createdBy>mily_</createdBy>
<createdTime>2025-10-12 15:24:51 UTC</createdTime>
<generatorID>FC7FABE2-EB40-AA89-A3B0-D252093729CB</generatorID>
<ownerDesignName>Fase 1 y 2</ownerDesignName>
<useDomainConstraints>false</useDomainConstraints>
<use>1</use>
<logicalDatatype>LOGDT025</logicalDatatype>
<dataTypeSize>5</dataTypeSize>
<ownDataTypeParameters>5,,</ownDataTypeParameters>
<autoIncrementCycle>false</autoIncrementCycle>
</Column>
<Column name="hora_termino" id="0ECD753F-299D-8225-D660-9F58561EB946">
<createdBy>mily_</createdBy>
<createdTime>2025-10-12 15:24:51 UTC</createdTime>
<generatorID>D26905A9-2B6A-035A-E20A-F66FF8635170</generatorID>
<ownerDesignName>Fase 1 y 2</ownerDesignName>
<useDomainConstraints>false</useDomainConstraints>
<use>1</use>
<logicalDatatype>LOGDT025</logicalDatatype>
<dataTypeSize>5</dataTypeSize>
<ownDataTypeParameters>5,,</ownDataTypeParameters>
<autoIncrementCycle>false</autoIncrementCycle>
</Column>
</columns>
<indexes itemClass="oracle.dbtools.crest.model.design.relational.Index">
<ind_PK_UK id="8404CC9D-A89F-FD8A-AA06-6848E0D87446" name="TURNO_PK">
<createdBy>mily_</createdBy>
<createdTime>2025-10-12 15:22:43 UTC</createdTime>
<generatorID>7BE2884E-CAD1-3ED0-502F-7A3080F0B7DA</generatorID>
<ownerDesignName>Fase 1 y 2</ownerDesignName>
<pk>true</pk>
<indexState>Primary Constraint</indexState>
<isSurrogateKey>false</isSurrogateKey>
<indexColumnUsage>
<colUsage columnID="1C3F74EE-A810-92F5-C64C-1BD8C01B3232"/>
</indexColumnUsage>
</ind_PK_UK>
<ind_PK_UK id="8EBF973D-E25B-3D29-B510-5D8BD7EC4D05" name="TURNO_nombre_turno_UN">
<createdBy>mily_</createdBy>
<createdTime>2025-10-12 15:22:52 UTC</createdTime>
<ownerDesignName>Fase 1 y 2</ownerDesignName>
<indexState>Unique Constraint</indexState>
<isSurrogateKey>false</isSurrogateKey>
<indexColumnUsage>
<colUsage columnID="9F4CCDC5-A0B1-9A53-A1A7-3E1673BD62FB"/>
</indexColumnUsage>
</ind_PK_UK>
</indexes>
</Table>