<?xml version = '1.0' encoding = 'UTF-8'?>
<Table class="oracle.dbtools.crest.model.design.relational.Table" directorySegmentName="seg_0" id="B3F4E91F-571E-35D6-5E55-60757CFA66F5" name="EMPLEADO">
<createdBy>mily_</createdBy>
<createdTime>2025-10-12 15:04:20 UTC</createdTime>
<ownerDesignName>Fase 1 y 2</ownerDesignName>
<ordsAlias>table_9</ordsAlias>
<allowColumnReorder>false</allowColumnReorder>
<existDependencyGenerateInDDl>true</existDependencyGenerateInDDl>
<parsed>true</parsed>
<columns itemClass="oracle.dbtools.crest.model.design.relational.Column">
<Column name="id_empleado" id="72B99B86-8756-B168-2426-93A5BD51D3B8">
<createdBy>mily_</createdBy>
<createdTime>2025-10-12 15:05:42 UTC</createdTime>
<ownerDesignName>Fase 1 y 2</ownerDesignName>
<useDomainConstraints>false</useDomainConstraints>
<use>1</use>
<logicalDatatype>LOGDT019</logicalDatatype>
<ownDataTypeParameters>,,</ownDataTypeParameters>
<autoIncrementCycle>false</autoIncrementCycle>
</Column>
<Column name="rut" id="2316521E-717A-DC5E-1EC1-E7B0FF588192">
<createdBy>mily_</createdBy>
<createdTime>2025-10-12 15:05:42 UTC</createdTime>
<ownerDesignName>Fase 1 y 2</ownerDesignName>
<useDomainConstraints>false</useDomainConstraints>
<use>1</use>
<logicalDatatype>LOGDT019</logicalDatatype>
<dataTypePrecision>9</dataTypePrecision>
<ownDataTypeParameters>,9,</ownDataTypeParameters>
<autoIncrementCycle>false</autoIncrementCycle>
</Column>
<Column name="dv" id="B86B411B-F4CB-B5AC-C952-4DC8CA294FEF">
<createdBy>mily_</createdBy>
<createdTime>2025-10-12 15:05:42 UTC</createdTime>
<ownerDesignName>Fase 1 y 2</ownerDesignName>
<constraintName>EMP_DV_CK</constraintName>
<useDomainConstraints>false</useDomainConstraints>
<use>1</use>
<logicalDatatype>LOGDT025</logicalDatatype>
<dataTypeSize>1</dataTypeSize>
<listOfValues>
<valueDef value="0" description=""/>
<valueDef value="1" description=""/>
<valueDef value="2" description=""/>
<valueDef value="3" description=""/>
<valueDef value="4" description=""/>
<valueDef value="5" description=""/>
<valueDef value="6" description=""/>
<valueDef value="7" description=""/>
<valueDef value="8" description=""/>
<valueDef value="9" description=""/>
<valueDef value="K" description=""/>
</listOfValues>
<ownDataTypeParameters>1,,</ownDataTypeParameters>
<autoIncrementCycle>false</autoIncrementCycle>
</Column>
<Column name="nombres" id="D59C6895-56EB-3CAD-CD2F-99577C456D06">
<createdBy>mily_</createdBy>
<createdTime>2025-10-12 15:08:56 UTC</createdTime>
<ownerDesignName>Fase 1 y 2</ownerDesignName>
<useDomainConstraints>false</useDomainConstraints>
<use>1</use>
<logicalDatatype>LOGDT024</logicalDatatype>
<dataTypeSize>80</dataTypeSize>
<ownDataTypeParameters>80,,</ownDataTypeParameters>
<autoIncrementCycle>false</autoIncrementCycle>
</Column>
<Column name="apellidos" id="D178A35E-6342-54D2-ABC4-9BC9C8B92284">
<createdBy>mily_</createdBy>
<createdTime>2025-10-12 15:08:56 UTC</createdTime>
<ownerDesignName>Fase 1 y 2</ownerDesignName>
<useDomainConstraints>false</useDomainConstraints>
<use>1</use>
<logicalDatatype>LOGDT024</logicalDatatype>
<dataTypeSize>80</dataTypeSize>
<ownDataTypeParameters>80,,</ownDataTypeParameters>
<autoIncrementCycle>false</autoIncrementCycle>
</Column>
<Column name="fecha_contratacion" id="A5B7F0E8-71C5-D0B7-D8F7-18709E6D827B">
<createdBy>mily_</createdBy>
<createdTime>2025-10-12 15:08:56 UTC</createdTime>
<ownerDesignName>Fase 1 y 2</ownerDesignName>
<useDomainConstraints>false</useDomainConstraints>
<use>1</use>
<logicalDatatype>LOGDT007</logicalDatatype>
<ownDataTypeParameters>,,</ownDataTypeParameters>
<autoIncrementCycle>false</autoIncrementCycle>
</Column>
<Column name="sueldo_base" id="CADD09A1-6861-1A0D-BEF0-B900651BF787">
<createdBy>mily_</createdBy>
<createdTime>2025-10-12 15:08:56 UTC</createdTime>
<ownerDesignName>Fase 1 y 2</ownerDesignName>
<useDomainConstraints>false</useDomainConstraints>
<use>1</use>
<logicalDatatype>LOGDT019</logicalDatatype>
<dataTypePrecision>10</dataTypePrecision>
<ownDataTypeParameters>,10,</ownDataTypeParameters>
<autoIncrementCycle>false</autoIncrementCycle>
</Column>
<Column name="activo" id="E0ADB453-E29A-161F-86C3-2676A5458978">
<createdBy>mily_</createdBy>
<createdTime>2025-10-12 15:08:56 UTC</createdTime>
<ownerDesignName>Fase 1 y 2</ownerDesignName>
<constraintName>EMP_ACTIVO_CK</constraintName>
<useDomainConstraints>false</useDomainConstraints>
<use>1</use>
<logicalDatatype>LOGDT025</logicalDatatype>
<dataTypeSize>1</dataTypeSize>
<listOfValues>
<valueDef value="N" description=""/>
<valueDef value="S" description=""/>
</listOfValues>
<defaultValue>&apos;S&apos;</defaultValue>
<ownDataTypeParameters>1,,</ownDataTypeParameters>
<autoIncrementCycle>false</autoIncrementCycle>
</Column>
<Column name="tipo_empleado" id="E02A7BE1-FC8D-0838-65C1-AABD29776833">
<createdBy>mily_</createdBy>
<createdTime>2025-10-12 16:13:35 UTC</createdTime>
<generatorID>D95F6D4F-BAB3-FCDC-C3D7-AB00FE272A8D</generatorID>
<ownerDesignName>Fase 1 y 2</ownerDesignName>
<constraintName>EMP_TIPO_CK</constraintName>
<useDomainConstraints>false</useDomainConstraints>
<use>1</use>
<logicalDatatype>LOGDT025</logicalDatatype>
<dataTypeSize>12</dataTypeSize>
<listOfValues>
<valueDef value="&apos;JEFE_TURNO&apos;" description=""/>
<valueDef value="&apos;OPERARIO&apos;" description=""/>
<valueDef value="&apos;TECNICO_MANT&apos;" description=""/>
</listOfValues>
<ownDataTypeParameters>12,,</ownDataTypeParameters>
<autoIncrementCycle>false</autoIncrementCycle>
<isDiscriminatorColumn>true</isDiscriminatorColumn>
</Column>
<Column name="PLANTA_id_planta" id="CCBA8F95-95AE-A357-1D9B-E521E6548E35">
<createdBy>mily_</createdBy>
<createdTime>2025-10-12 15:10:41 UTC</createdTime>
<generatorID>7C726C39-F4D7-84D6-F258-2A366B9F6D78</generatorID>
<ownerDesignName>Fase 1 y 2</ownerDesignName>
<useDomainConstraints>false</useDomainConstraints>
<use>1</use>
<logicalDatatype>LOGDT019</logicalDatatype>
<ownDataTypeParameters>,,</ownDataTypeParameters>
<previousColumn>false</previousColumn>
<autoIncrementCycle>false</autoIncrementCycle>
<associations>
<colAssociation fkAssociation="21CC3509-9387-206D-3A3A-5D62AA8CE543" referredColumn="61D458E4-1A12-67E2-62B7-FB221553714F"/>
</associations>
</Column>
<Column name="SALUD_id_salud" id="C7AFEFD4-FE75-82FE-4D3A-007C353A772D">
<createdBy>mily_</createdBy>
<createdTime>2025-10-12 15:10:41 UTC</createdTime>
<generatorID>F4C3B75B-A598-D485-FAFC-416BD2471333</generatorID>
<ownerDesignName>Fase 1 y 2</ownerDesignName>
<useDomainConstraints>false</useDomainConstraints>
<use>1</use>
<logicalDatatype>LOGDT019</logicalDatatype>
<ownDataTypeParameters>,,</ownDataTypeParameters>
<previousColumn>false</previousColumn>
<autoIncrementCycle>false</autoIncrementCycle>
<associations>
<colAssociation fkAssociation="C6C8C3C6-11A8-D7FD-227E-06B92C549E1D" referredColumn="144CDA66-C0C0-645A-FF15-BCFBDB47B021"/>
</associations>
</Column>
<Column name="AFP_id_afp" id="3C63FB96-8F46-F181-03D2-58F943BCB2E4">
<createdBy>mily_</createdBy>
<createdTime>2025-10-12 15:10:41 UTC</createdTime>
<generatorID>AE34A9E2-095E-8A39-417C-818A629B8EA5</generatorID>
<ownerDesignName>Fase 1 y 2</ownerDesignName>
<useDomainConstraints>false</useDomainConstraints>
<use>1</use>
<logicalDatatype>LOGDT019</logicalDatatype>
<ownDataTypeParameters>,,</ownDataTypeParameters>
<previousColumn>false</previousColumn>
<autoIncrementCycle>false</autoIncrementCycle>
<associations>
<colAssociation fkAssociation="297FBE4C-DB12-DCAE-809F-41BA72369FB8" referredColumn="E19626AB-78F0-3FE1-ABD6-14B8FC6C36E2"/>
</associations>
</Column>
<Column name="JEFE_DIRECTO_id_empleado" id="05A552D0-B078-C0EE-547B-A7C40CAC98C5">
<createdBy>mily_</createdBy>
<createdTime>2025-10-12 19:57:34 UTC</createdTime>
<generatorID>DDAF952B-AB11-CE3A-734E-FAF247E8E20F</generatorID>
<ownerDesignName>Fase 1 y 2</ownerDesignName>
<nullsAllowed>true</nullsAllowed>
<useDomainConstraints>false</useDomainConstraints>
<use>1</use>
<logicalDatatype>LOGDT019</logicalDatatype>
<ownDataTypeParameters>,,</ownDataTypeParameters>
<autoIncrementCycle>false</autoIncrementCycle>
</Column>
</columns>
<indexes itemClass="oracle.dbtools.crest.model.design.relational.Index">
<ind_PK_UK id="1FF054A4-4E8A-2222-0B50-4D1B7810E8B7" name="EMPLEADO_PK">
<createdBy>mily_</createdBy>
<createdTime>2025-10-12 15:05:42 UTC</createdTime>
<ownerDesignName>Fase 1 y 2</ownerDesignName>
<shouldEngineer>false</shouldEngineer>
<pk>true</pk>
<indexState>Primary Constraint</indexState>
<isSurrogateKey>false</isSurrogateKey>
<indexColumnUsage>
<colUsage columnID="72B99B86-8756-B168-2426-93A5BD51D3B8"/>
</indexColumnUsage>
</ind_PK_UK>
<ind_PK_UK id="43CE34F5-6427-75E0-AA56-9D9260AFFB9E" name="EMPLEADO_rut_UN">
<createdBy>mily_</createdBy>
<createdTime>2025-10-12 15:05:42 UTC</createdTime>
<ownerDesignName>Fase 1 y 2</ownerDesignName>
<indexState>Unique Constraint</indexState>
<isSurrogateKey>false</isSurrogateKey>
<indexColumnUsage>
<colUsage columnID="2316521E-717A-DC5E-1EC1-E7B0FF588192"/>
</indexColumnUsage>
</ind_PK_UK>
<ind_PK_UK id="9E33696B-2C9A-B2B0-5A5A-7F84DC4D0476" name="EMPLEADO_PLANTA_FK">
<createdBy>mily_</createdBy>
<createdTime>2025-10-12 15:10:41 UTC</createdTime>
<generatorID>32B6E837-BD5D-E636-0426-29577873E63B</generatorID>
<ownerDesignName>Fase 1 y 2</ownerDesignName>
<indexState>Foreign Key</indexState>
<isSurrogateKey>false</isSurrogateKey>
<indexColumnUsage>
<colUsage columnID="CCBA8F95-95AE-A357-1D9B-E521E6548E35"/>
</indexColumnUsage>
</ind_PK_UK>
<ind_PK_UK id="1588BE1C-3B35-CDA7-7389-65CCB9C51FEF" name="EMPLEADO_SALUD_FK">
<createdBy>mily_</createdBy>
<createdTime>2025-10-12 15:10:41 UTC</createdTime>
<generatorID>662AA7F3-8B3A-1BB1-6EA5-0F7E46AD21DE</generatorID>
<ownerDesignName>Fase 1 y 2</ownerDesignName>
<indexState>Foreign Key</indexState>
<isSurrogateKey>false</isSurrogateKey>
<indexColumnUsage>
<colUsage columnID="C7AFEFD4-FE75-82FE-4D3A-007C353A772D"/>
</indexColumnUsage>
</ind_PK_UK>
<ind_PK_UK id="890D6314-3BA8-21C5-FD13-94A82ADDE2FA" name="EMPLEADO_AFP_FK">
<createdBy>mily_</createdBy>
<createdTime>2025-10-12 15:10:41 UTC</createdTime>
<generatorID>7FC36E22-2CBC-5D36-4DAE-A5770F2AC6EC</generatorID>
<ownerDesignName>Fase 1 y 2</ownerDesignName>
<indexState>Foreign Key</indexState>
<isSurrogateKey>false</isSurrogateKey>
<indexColumnUsage>
<colUsage columnID="3C63FB96-8F46-F181-03D2-58F943BCB2E4"/>
</indexColumnUsage>
</ind_PK_UK>
</indexes>
<tableCheckConstraints itemClass="oracle.dbtools.crest.model.design.constraint.TableLevelConstraint">
<tableCheckConstraint name="SUELDO_CK" directorySegmentName="seg_0" id="327FC453-BEBE-340E-EDFA-1C82A9CD3BE2">
<createdBy>mily_</createdBy>
<createdTime>2025-10-12 20:10:54 UTC</createdTime>
<ownerDesignName>Fase 1 y 2</ownerDesignName>
<rule><![CDATA[sueldo_base > 0]]></rule>
</tableCheckConstraint>
<tableCheckConstraint name="FECHA_CK" directorySegmentName="seg_0" id="9FDDED5E-1F36-63E5-7648-AEB49191BDCB">
<createdBy>mily_</createdBy>
<createdTime>2025-10-12 20:10:54 UTC</createdTime>
<ownerDesignName>Fase 1 y 2</ownerDesignName>
<rule><![CDATA[fecha_contratacion <= SYSDATE]]></rule>
</tableCheckConstraint>
</tableCheckConstraints>
</Table>