<?xml version = '1.0' encoding = 'UTF-8'?>
<Table class="oracle.dbtools.crest.model.design.relational.Table" directorySegmentName="seg_0" id="CCA9C608-B4E7-BD7F-0D13-8258E9C74342" name="JEFE_TURNO">
<createdBy>mily_</createdBy>
<createdTime>2025-10-12 15:56:15 UTC</createdTime>
<generatorID>255E1C54-3095-1BDB-51D5-16023BE35D3B</generatorID>
<ownerDesignName>Fase 1 y 2</ownerDesignName>
<allowColumnReorder>false</allowColumnReorder>
<existDependencyGenerateInDDl>true</existDependencyGenerateInDDl>
<parsed>true</parsed>
<columns itemClass="oracle.dbtools.crest.model.design.relational.Column">
<Column name="id_empleado" id="FAEA7FC3-6739-8552-A70E-84E9651077B7">
<createdBy>mily_</createdBy>
<createdTime>2025-10-12 15:56:15 UTC</createdTime>
<generatorID>B072EE76-9A64-C7BA-B204-A937DAA7F8CF</generatorID>
<ownerDesignName>Fase 1 y 2</ownerDesignName>
<shouldEngineer>false</shouldEngineer>
<useDomainConstraints>false</useDomainConstraints>
<use>1</use>
<logicalDatatype>LOGDT019</logicalDatatype>
<ownDataTypeParameters>,,</ownDataTypeParameters>
<autoIncrementCycle>false</autoIncrementCycle>
<associations>
<colAssociation fkAssociation="D7D1D2EF-8A2F-C8D6-0FEB-D88D59521C84" referredColumn="72B99B86-8756-B168-2426-93A5BD51D3B8"/>
</associations>
</Column>
<Column name="area_responsabilidad" id="EA26B9A1-4378-346C-6C78-915AFE47323F">
<createdBy>mily_</createdBy>
<createdTime>2025-10-12 15:56:15 UTC</createdTime>
<generatorID>8A74DCD5-1DDF-1BBA-B4FA-085DE124E125</generatorID>
<ownerDesignName>Fase 1 y 2</ownerDesignName>
<useDomainConstraints>false</useDomainConstraints>
<use>1</use>
<logicalDatatype>LOGDT024</logicalDatatype>
<dataTypeSize>80</dataTypeSize>
<ownDataTypeParameters>80,,</ownDataTypeParameters>
<autoIncrementCycle>false</autoIncrementCycle>
</Column>
<Column name="max_operarios" id="03EE7A32-3052-A790-5DD9-080AF27F427F">
<createdBy>mily_</createdBy>
<createdTime>2025-10-12 15:56:15 UTC</createdTime>
<generatorID>965211AA-3AB7-2364-2F6B-21A05496B9B1</generatorID>
<ownerDesignName>Fase 1 y 2</ownerDesignName>
<useDomainConstraints>false</useDomainConstraints>
<use>1</use>
<logicalDatatype>LOGDT019</logicalDatatype>
<dataTypePrecision>3</dataTypePrecision>
<ownDataTypeParameters>,3,</ownDataTypeParameters>
<autoIncrementCycle>false</autoIncrementCycle>
</Column>
</columns>
<indexes itemClass="oracle.dbtools.crest.model.design.relational.Index">
<ind_PK_UK id="79F08FC8-E4B8-5F93-4019-13B00FE81C04" name="JEFE_TURNO_PK">
<createdBy>mily_</createdBy>
<createdTime>2025-10-12 15:56:15 UTC</createdTime>
<generatorID>7B85CDE4-5312-7816-DC90-2B9EF6C6EA97</generatorID>
<ownerDesignName>Fase 1 y 2</ownerDesignName>
<shouldEngineer>false</shouldEngineer>
<pk>true</pk>
<indexState>Primary Constraint</indexState>
<isSurrogateKey>false</isSurrogateKey>
<indexColumnUsage>
<colUsage columnID="FAEA7FC3-6739-8552-A70E-84E9651077B7"/>
</indexColumnUsage>
</ind_PK_UK>
<ind_PK_UK id="E2D74D3D-A199-993B-E8CB-AA26815689BA" name="JEFE_TURNO_EMPLEADO_FK">
<createdBy>mily_</createdBy>
<createdTime>2025-10-12 15:56:15 UTC</createdTime>
<generatorID>5DBDE9DD-50F4-5E9F-7497-93DB9416B190</generatorID>
<ownerDesignName>Fase 1 y 2</ownerDesignName>
<indexState>Foreign Key</indexState>
<isSurrogateKey>false</isSurrogateKey>
<indexColumnUsage>
<colUsage columnID="FAEA7FC3-6739-8552-A70E-84E9651077B7"/>
</indexColumnUsage>
</ind_PK_UK>
</indexes>
</Table>