<?xml version = '1.0' encoding = 'UTF-8'?>
<Table class="oracle.dbtools.crest.model.design.relational.Table" directorySegmentName="seg_0" id="D4883AD2-A0C5-AA43-132A-A738B3DF90BD" name="PLANTA">
<createdBy>mily_</createdBy>
<createdTime>2025-10-12 14:42:49 UTC</createdTime>
<generatorID>F33652DA-F286-9A18-F581-277DE73E9BDB</generatorID>
<ownerDesignName>Fase 1 y 2</ownerDesignName>
<allowColumnReorder>false</allowColumnReorder>
<existDependencyGenerateInDDl>true</existDependencyGenerateInDDl>
<parsed>true</parsed>
<columns itemClass="oracle.dbtools.crest.model.design.relational.Column">
<Column name="id_planta" id="61D458E4-1A12-67E2-62B7-FB221553714F">
<createdBy>mily_</createdBy>
<createdTime>2025-10-12 14:42:50 UTC</createdTime>
<generatorID>4FEC466D-8856-71A1-986A-F535FBE875B6</generatorID>
<ownerDesignName>Fase 1 y 2</ownerDesignName>
<useDomainConstraints>false</useDomainConstraints>
<use>1</use>
<logicalDatatype>LOGDT019</logicalDatatype>
<ownDataTypeParameters>,,</ownDataTypeParameters>
<autoIncrementCycle>false</autoIncrementCycle>
</Column>
<Column name="nombre_planta" id="5CFF4B4B-A63A-83D2-6EB7-F1967935760D">
<createdBy>mily_</createdBy>
<createdTime>2025-10-12 14:42:50 UTC</createdTime>
<generatorID>4F672000-0C8E-A467-1103-B009494F2854</generatorID>
<ownerDesignName>Fase 1 y 2</ownerDesignName>
<useDomainConstraints>false</useDomainConstraints>
<use>1</use>
<logicalDatatype>LOGDT024</logicalDatatype>
<dataTypeSize>80</dataTypeSize>
<ownDataTypeParameters>80,,</ownDataTypeParameters>
<autoIncrementCycle>false</autoIncrementCycle>
</Column>
<Column name="direccion" id="08E0FB33-DF25-DFB4-221F-384BD5B97A81">
<createdBy>mily_</createdBy>
<createdTime>2025-10-12 14:42:50 UTC</createdTime>
<generatorID>8BBC7942-B18E-D8E1-7351-8102868B062D</generatorID>
<ownerDesignName>Fase 1 y 2</ownerDesignName>
<useDomainConstraints>false</useDomainConstraints>
<use>1</use>
<logicalDatatype>LOGDT024</logicalDatatype>
<dataTypeSize>150</dataTypeSize>
<ownDataTypeParameters>150,,</ownDataTypeParameters>
<autoIncrementCycle>false</autoIncrementCycle>
</Column>
<Column name="COMUNA_id_comuna" id="53A928C5-6576-2384-AAFD-D02A190EFEA6">
<createdBy>mily_</createdBy>
<createdTime>2025-10-12 14:42:50 UTC</createdTime>
<generatorID>6E664325-22D8-439F-2862-7668DC481408</generatorID>
<ownerDesignName>Fase 1 y 2</ownerDesignName>
<useDomainConstraints>false</useDomainConstraints>
<use>1</use>
<logicalDatatype>LOGDT019</logicalDatatype>
<ownDataTypeParameters>,,</ownDataTypeParameters>
<previousColumn>false</previousColumn>
<autoIncrementCycle>false</autoIncrementCycle>
<associations>
<colAssociation fkAssociation="92DE240F-C26A-532D-A320-A514B6156966" referredColumn="A33092DA-0D26-FCFE-2DBA-F91C593D06B7"/>
</associations>
</Column>
</columns>
<indexes itemClass="oracle.dbtools.crest.model.design.relational.Index">
<ind_PK_UK id="CDEB42E6-DCD5-9783-4479-0A5EC63E3348" name="PLANTA_PK">
<createdBy>mily_</createdBy>
<createdTime>2025-10-12 14:42:50 UTC</createdTime>
<generatorID>C8BF4B9F-DF38-8E50-EE7F-502B3EE15EA8</generatorID>
<ownerDesignName>Fase 1 y 2</ownerDesignName>
<pk>true</pk>
<indexState>Primary Constraint</indexState>
<isSurrogateKey>false</isSurrogateKey>
<indexColumnUsage>
<colUsage columnID="61D458E4-1A12-67E2-62B7-FB221553714F"/>
</indexColumnUsage>
</ind_PK_UK>
<ind_PK_UK id="FB442477-A09B-4860-A139-596AB8C407E2" name="PLANTA_COMUNA_FK">
<createdBy>mily_</createdBy>
<createdTime>2025-10-12 14:42:50 UTC</createdTime>
<generatorID>5F20373E-6FBF-0561-E635-76AE6E8C4C53</generatorID>
<ownerDesignName>Fase 1 y 2</ownerDesignName>
<indexState>Foreign Key</indexState>
<isSurrogateKey>false</isSurrogateKey>
<indexColumnUsage>
<colUsage columnID="53A928C5-6576-2384-AAFD-D02A190EFEA6"/>
</indexColumnUsage>
</ind_PK_UK>
</indexes>
</Table>