<?xml version = '1.0' encoding = 'UTF-8'?>
<Table class="oracle.dbtools.crest.model.design.relational.Table" directorySegmentName="seg_0" id="EDC1DA2F-FB42-32F1-FBA4-0D02D740C416" name="MANTENCION">
<createdBy>mily_</createdBy>
<createdTime>2025-10-12 15:36:14 UTC</createdTime>
<ownerDesignName>Fase 1 y 2</ownerDesignName>
<ordsAlias>table_14</ordsAlias>
<allowColumnReorder>false</allowColumnReorder>
<existDependencyGenerateInDDl>true</existDependencyGenerateInDDl>
<parsed>true</parsed>
<columns itemClass="oracle.dbtools.crest.model.design.relational.Column">
<Column name="id_om" id="9FA3C5BC-91CE-8DC5-DA61-155278354923">
<createdBy>mily_</createdBy>
<createdTime>2025-10-12 15:37:38 UTC</createdTime>
<ownerDesignName>Fase 1 y 2</ownerDesignName>
<useDomainConstraints>false</useDomainConstraints>
<use>1</use>
<logicalDatatype>LOGDT019</logicalDatatype>
<ownDataTypeParameters>,,</ownDataTypeParameters>
<autoIncrementCycle>false</autoIncrementCycle>
</Column>
<Column name="fecha_programada" id="652467AA-2FF5-A2E3-702F-60BA4F1B3906">
<createdBy>mily_</createdBy>
<createdTime>2025-10-12 15:37:38 UTC</createdTime>
<ownerDesignName>Fase 1 y 2</ownerDesignName>
<useDomainConstraints>false</useDomainConstraints>
<use>1</use>
<logicalDatatype>LOGDT007</logicalDatatype>
<ownDataTypeParameters>,,</ownDataTypeParameters>
<autoIncrementCycle>false</autoIncrementCycle>
</Column>
<Column name="fecha_ejecucion" id="1BFE450E-C965-EDDB-846A-C70B52B8053F">
<createdBy>mily_</createdBy>
<createdTime>2025-10-12 15:37:38 UTC</createdTime>
<ownerDesignName>Fase 1 y 2</ownerDesignName>
<nullsAllowed>true</nullsAllowed>
<useDomainConstraints>false</useDomainConstraints>
<use>1</use>
<logicalDatatype>LOGDT007</logicalDatatype>
<ownDataTypeParameters>,,</ownDataTypeParameters>
<autoIncrementCycle>false</autoIncrementCycle>
</Column>
<Column name="descripcion" id="F6D6E284-4180-188A-6774-10E4F843F75B">
<createdBy>mily_</createdBy>
<createdTime>2025-10-12 15:37:38 UTC</createdTime>
<ownerDesignName>Fase 1 y 2</ownerDesignName>
<nullsAllowed>true</nullsAllowed>
<useDomainConstraints>false</useDomainConstraints>
<use>1</use>
<logicalDatatype>LOGDT024</logicalDatatype>
<dataTypeSize>400</dataTypeSize>
<ownDataTypeParameters>400,,</ownDataTypeParameters>
<autoIncrementCycle>false</autoIncrementCycle>
</Column>
<Column name="MAQUINA_PLANTA_id_planta" id="09E7A73F-5456-DE86-458F-2E70306EFD53">
<createdBy>mily_</createdBy>
<createdTime>2025-10-12 15:38:32 UTC</createdTime>
<generatorID>D38B67B6-E86E-339E-F614-3E01172AAED2</generatorID>
<ownerDesignName>Fase 1 y 2</ownerDesignName>
<useDomainConstraints>false</useDomainConstraints>
<use>1</use>
<logicalDatatype>LOGDT019</logicalDatatype>
<ownDataTypeParameters>,,</ownDataTypeParameters>
<previousColumn>false</previousColumn>
<autoIncrementCycle>false</autoIncrementCycle>
<associations>
<colAssociation fkAssociation="49C1508C-7180-A6F7-B7FE-E56B204EA4CB" referredColumn="646799EC-8DA7-B435-F8B3-943223CF7556"/>
</associations>
</Column>
<Column name="MAQUINA_num_maquina" id="DC7AC122-6E05-2C71-4078-4047DBD851D5">
<createdBy>mily_</createdBy>
<createdTime>2025-10-12 15:38:32 UTC</createdTime>
<generatorID>4D096689-26FE-6285-218C-4238424D22AF</generatorID>
<ownerDesignName>Fase 1 y 2</ownerDesignName>
<useDomainConstraints>false</useDomainConstraints>
<use>1</use>
<logicalDatatype>LOGDT019</logicalDatatype>
<ownDataTypeParameters>,,</ownDataTypeParameters>
<previousColumn>false</previousColumn>
<autoIncrementCycle>false</autoIncrementCycle>
<associations>
<colAssociation fkAssociation="49C1508C-7180-A6F7-B7FE-E56B204EA4CB" referredColumn="2FFE2E4A-560C-391A-55A3-230F2835CDA7"/>
</associations>
</Column>
<Column name="TECNICO_MANT_id_empleado" id="A58E073B-2860-F52B-13A1-864CB14E8E05">
<createdBy>mily_</createdBy>
<createdTime>2025-10-12 19:38:38 UTC</createdTime>
<generatorID>75FDF520-BDC2-F855-7A41-11029414DCB4</generatorID>
<ownerDesignName>Fase 1 y 2</ownerDesignName>
<useDomainConstraints>false</useDomainConstraints>
<use>1</use>
<logicalDatatype>LOGDT019</logicalDatatype>
<ownDataTypeParameters>,,</ownDataTypeParameters>
<previousColumn>false</previousColumn>
<autoIncrementCycle>false</autoIncrementCycle>
<associations>
<colAssociation fkAssociation="785ABABE-41E9-337E-24A7-23263A0E09FF" referredColumn="D578BC98-2987-0A04-F600-A3FCE1362EFB"/>
</associations>
</Column>
</columns>
<indexes itemClass="oracle.dbtools.crest.model.design.relational.Index">
<ind_PK_UK id="D0924379-C737-BA77-B6A8-12959F4C7887" name="MANTENCION_PK">
<createdBy>mily_</createdBy>
<createdTime>2025-10-12 15:37:38 UTC</createdTime>
<ownerDesignName>Fase 1 y 2</ownerDesignName>
<pk>true</pk>
<indexState>Primary Constraint</indexState>
<isSurrogateKey>false</isSurrogateKey>
<indexColumnUsage>
<colUsage columnID="9FA3C5BC-91CE-8DC5-DA61-155278354923"/>
</indexColumnUsage>
</ind_PK_UK>
<ind_PK_UK id="46673CFD-FC9B-F1B7-B24B-8D566FE78E32" name="MANTENCION_MAQUINA_FK">
<createdBy>mily_</createdBy>
<createdTime>2025-10-12 15:38:32 UTC</createdTime>
<generatorID>B820235B-D0E4-9124-58B9-9CCB832673B1</generatorID>
<ownerDesignName>Fase 1 y 2</ownerDesignName>
<indexState>Foreign Key</indexState>
<isSurrogateKey>false</isSurrogateKey>
<indexColumnUsage>
<colUsage columnID="09E7A73F-5456-DE86-458F-2E70306EFD53"/>
<colUsage columnID="DC7AC122-6E05-2C71-4078-4047DBD851D5"/>
</indexColumnUsage>
</ind_PK_UK>
<ind_PK_UK id="57854D39-3C17-4723-D939-CF90DBDA63A6" name="MANTENCION_TECNICO_MANT_FK">
<createdBy>mily_</createdBy>
<createdTime>2025-10-12 19:38:38 UTC</createdTime>
<generatorID>6580807E-98E2-2EC6-0276-99A695B9DD46</generatorID>
<ownerDesignName>Fase 1 y 2</ownerDesignName>
<indexState>Foreign Key</indexState>
<isSurrogateKey>false</isSurrogateKey>
<indexColumnUsage>
<colUsage columnID="A58E073B-2860-F52B-13A1-864CB14E8E05"/>
</indexColumnUsage>
</ind_PK_UK>
</indexes>
<tableCheckConstraints itemClass="oracle.dbtools.crest.model.design.constraint.TableLevelConstraint">
<tableCheckConstraint name="MANTENCION_CK_1" directorySegmentName="seg_0" id="DF6AF99F-3FA6-A3BC-B5FE-204E3994D8B9">
<createdBy>mily_</createdBy>
<createdTime>2025-10-12 20:21:54 UTC</createdTime>
<ownerDesignName>Fase 1 y 2</ownerDesignName>
<rule><![CDATA[fecha_ejecucion >= fecha_programada]]></rule>
</tableCheckConstraint>
</tableCheckConstraints>
</Table>