<?xml version = '1.0' encoding = 'UTF-8'?>
<Table class="oracle.dbtools.crest.model.design.relational.Table" directorySegmentName="seg_0" id="F0EA79EE-9605-CDA3-58E2-1A7C202F0F45" name="ASIGNACION_TURNO">
<createdBy>mily_</createdBy>
<createdTime>2025-10-12 15:25:31 UTC</createdTime>
<ownerDesignName>Fase 1 y 2</ownerDesignName>
<allowColumnReorder>false</allowColumnReorder>
<existDependencyGenerateInDDl>true</existDependencyGenerateInDDl>
<parsed>true</parsed>
<columns itemClass="oracle.dbtools.crest.model.design.relational.Column">
<Column name="id_asig" id="ED9C2394-4A1B-94B8-4A4A-F1AEF79FDD1E">
<createdBy>mily_</createdBy>
<createdTime>2025-10-12 15:29:19 UTC</createdTime>
<generatorID>7934AF66-2CF5-91D5-3D0C-6DDD7903AF4D</generatorID>
<ownerDesignName>Fase 1 y 2</ownerDesignName>
<useDomainConstraints>false</useDomainConstraints>
<use>1</use>
<logicalDatatype>LOGDT019</logicalDatatype>
<ownDataTypeParameters>,,</ownDataTypeParameters>
<autoIncrementCycle>false</autoIncrementCycle>
</Column>
<Column name="fecha" id="4C6362E6-E591-978D-4C8E-12D9B4DE77FD">
<createdBy>mily_</createdBy>
<createdTime>2025-10-12 15:29:19 UTC</createdTime>
<generatorID>855BF995-3F51-759E-1DD7-0FF16F411D59</generatorID>
<ownerDesignName>Fase 1 y 2</ownerDesignName>
<useDomainConstraints>false</useDomainConstraints>
<use>1</use>
<logicalDatatype>LOGDT007</logicalDatatype>
<ownDataTypeParameters>,,</ownDataTypeParameters>
<autoIncrementCycle>false</autoIncrementCycle>
</Column>
<Column name="rol" id="E34DC6A9-ED7D-FB0C-BF15-424B58496683">
<createdBy>mily_</createdBy>
<createdTime>2025-10-12 15:29:19 UTC</createdTime>
<generatorID>9B0F9B24-0020-7581-67DF-39F20BD22285</generatorID>
<ownerDesignName>Fase 1 y 2</ownerDesignName>
<nullsAllowed>true</nullsAllowed>
<useDomainConstraints>false</useDomainConstraints>
<use>1</use>
<logicalDatatype>LOGDT024</logicalDatatype>
<dataTypeSize>40</dataTypeSize>
<ownDataTypeParameters>40,,</ownDataTypeParameters>
<autoIncrementCycle>false</autoIncrementCycle>
</Column>
<Column name="EMPLEADO_id_empleado" id="4D5F722C-068E-CA3A-275C-EE36E54F8F6F">
<createdBy>mily_</createdBy>
<createdTime>2025-10-12 15:29:19 UTC</createdTime>
<generatorID>8C85C5CF-58FC-2AE8-34A8-6DF575399049</generatorID>
<ownerDesignName>Fase 1 y 2</ownerDesignName>
<useDomainConstraints>false</useDomainConstraints>
<use>1</use>
<logicalDatatype>LOGDT019</logicalDatatype>
<ownDataTypeParameters>,,</ownDataTypeParameters>
<previousColumn>false</previousColumn>
<autoIncrementCycle>false</autoIncrementCycle>
<associations>
<colAssociation fkAssociation="99725886-9DC7-07AB-34F2-7FD39A3AFB25" referredColumn="72B99B86-8756-B168-2426-93A5BD51D3B8"/>
</associations>
</Column>
<Column name="TURNO_id_turno" id="0D0FFDEC-C43D-9078-EAED-120057C82E78">
<createdBy>mily_</createdBy>
<createdTime>2025-10-12 15:29:19 UTC</createdTime>
<generatorID>1C371237-131C-9FDC-E78B-04B64FA8E293</generatorID>
<ownerDesignName>Fase 1 y 2</ownerDesignName>
<useDomainConstraints>false</useDomainConstraints>
<use>1</use>
<logicalDatatype>LOGDT019</logicalDatatype>
<ownDataTypeParameters>,,</ownDataTypeParameters>
<previousColumn>false</previousColumn>
<autoIncrementCycle>false</autoIncrementCycle>
<associations>
<colAssociation fkAssociation="90556157-2A9C-42B6-FFF6-B09804D024AC" referredColumn="1C3F74EE-A810-92F5-C64C-1BD8C01B3232"/>
</associations>
</Column>
<Column name="MAQUINA_PLANTA_id_planta" id="C8595215-A0CE-B27C-BC1B-239A54DC6834">
<createdBy>mily_</createdBy>
<createdTime>2025-10-12 15:29:19 UTC</createdTime>
<generatorID>83A50916-9AC6-65CA-E9A8-C178F72E2329</generatorID>
<ownerDesignName>Fase 1 y 2</ownerDesignName>
<useDomainConstraints>false</useDomainConstraints>
<use>1</use>
<logicalDatatype>LOGDT019</logicalDatatype>
<ownDataTypeParameters>,,</ownDataTypeParameters>
<previousColumn>false</previousColumn>
<autoIncrementCycle>false</autoIncrementCycle>
<associations>
<colAssociation fkAssociation="3A51A851-43F9-0953-6F82-6E89A3CCE1B0" referredColumn="646799EC-8DA7-B435-F8B3-943223CF7556"/>
</associations>
</Column>
<Column name="MAQUINA_num_maquina" id="E47DAEF2-5EBC-B025-6E43-C7590A70A1B2">
<createdBy>mily_</createdBy>
<createdTime>2025-10-12 15:29:19 UTC</createdTime>
<generatorID>964E70DD-79DB-29D3-55CA-37DB6753CC44</generatorID>
<ownerDesignName>Fase 1 y 2</ownerDesignName>
<useDomainConstraints>false</useDomainConstraints>
<use>1</use>
<logicalDatatype>LOGDT019</logicalDatatype>
<ownDataTypeParameters>,,</ownDataTypeParameters>
<previousColumn>false</previousColumn>
<autoIncrementCycle>false</autoIncrementCycle>
<associations>
<colAssociation fkAssociation="3A51A851-43F9-0953-6F82-6E89A3CCE1B0" referredColumn="2FFE2E4A-560C-391A-55A3-230F2835CDA7"/>
</associations>
</Column>
</columns>
<indexes itemClass="oracle.dbtools.crest.model.design.relational.Index">
<ind_PK_UK id="CB199598-0A1C-3A3B-DC52-F8304B542545" name="ASIGNACION_TURNO_PK">
<createdBy>mily_</createdBy>
<createdTime>2025-10-12 15:29:19 UTC</createdTime>
<generatorID>DC8D6EEE-AA06-3BE9-F3B7-C3B3BCCD20D9</generatorID>
<ownerDesignName>Fase 1 y 2</ownerDesignName>
<pk>true</pk>
<indexState>Primary Constraint</indexState>
<isSurrogateKey>false</isSurrogateKey>
<indexColumnUsage>
<colUsage columnID="ED9C2394-4A1B-94B8-4A4A-F1AEF79FDD1E"/>
</indexColumnUsage>
</ind_PK_UK>
<ind_PK_UK id="047CB3E3-EEC0-F750-309E-8691C292652E" name="ASIG_FECHA_EMP_UK">
<createdBy>mily_</createdBy>
<createdTime>2025-10-12 15:31:50 UTC</createdTime>
<ownerDesignName>Fase 1 y 2</ownerDesignName>
<indexState>Unique Constraint</indexState>
<isSurrogateKey>false</isSurrogateKey>
<indexColumnUsage>
<colUsage columnID="4C6362E6-E591-978D-4C8E-12D9B4DE77FD"/>
<colUsage columnID="4D5F722C-068E-CA3A-275C-EE36E54F8F6F"/>
</indexColumnUsage>
</ind_PK_UK>
<ind_PK_UK id="5CAFA732-2FC2-D8A7-D22C-07502E9298A6" name="ASIGNACION_TURNO_TURNO_FK">
<createdBy>mily_</createdBy>
<createdTime>2025-10-12 15:29:19 UTC</createdTime>
<generatorID>F7088CDD-35EB-C976-6BE2-EB91A4FFCE98</generatorID>
<ownerDesignName>Fase 1 y 2</ownerDesignName>
<indexState>Foreign Key</indexState>
<isSurrogateKey>false</isSurrogateKey>
<indexColumnUsage>
<colUsage columnID="0D0FFDEC-C43D-9078-EAED-120057C82E78"/>
</indexColumnUsage>
</ind_PK_UK>
<ind_PK_UK id="1C48EAF4-B423-97BD-89B8-0DCE3B9BA65A" name="ASIGNACION_TURNO_MAQUINA_FK">
<createdBy>mily_</createdBy>
<createdTime>2025-10-12 15:29:19 UTC</createdTime>
<generatorID>E0AEAEDC-58A2-3A94-13B2-1D8DA5D0930D</generatorID>
<ownerDesignName>Fase 1 y 2</ownerDesignName>
<indexState>Foreign Key</indexState>
<isSurrogateKey>false</isSurrogateKey>
<indexColumnUsage>
<colUsage columnID="C8595215-A0CE-B27C-BC1B-239A54DC6834"/>
<colUsage columnID="E47DAEF2-5EBC-B025-6E43-C7590A70A1B2"/>
</indexColumnUsage>
</ind_PK_UK>
<ind_PK_UK id="4C3B60FF-31BA-8211-67F7-69B2D48F9D8D" name="ASIGNACION_TURNO_EMPLEADO_FK">
<createdBy>mily_</createdBy>
<createdTime>2025-10-12 15:29:19 UTC</createdTime>
<generatorID>EA1E54A9-4397-7ABC-A4A5-AC8064313A17</generatorID>
<ownerDesignName>Fase 1 y 2</ownerDesignName>
<indexState>Foreign Key</indexState>
<isSurrogateKey>false</isSurrogateKey>
<indexColumnUsage>
<colUsage columnID="4D5F722C-068E-CA3A-275C-EE36E54F8F6F"/>
</indexColumnUsage>
</ind_PK_UK>
</indexes>
</Table>