<?xml version = '1.0' encoding = 'UTF-8'?>
<Table class="oracle.dbtools.crest.model.design.relational.Table" directorySegmentName="seg_0" id="0711F802-5E55-74E6-DD62-E8CB52EC85FD" name="EMPRESA">
<createdBy>milfernandez</createdBy>
<createdTime>2025-09-09 01:21:23 UTC</createdTime>
<ownerDesignName>Semana4 v1</ownerDesignName>
<ordsAlias>table_2</ordsAlias>
<allowColumnReorder>false</allowColumnReorder>
<existDependencyGenerateInDDl>true</existDependencyGenerateInDDl>
<parsed>true</parsed>
<columns itemClass="oracle.dbtools.crest.model.design.relational.Column">
<Column name="id_empresa" id="7AF56E39-C13D-B0AA-0ED9-9EF165489278">
<createdBy>milfernandez</createdBy>
<createdTime>2025-09-09 01:24:19 UTC</createdTime>
<ownerDesignName>Semana4 v1</ownerDesignName>
<useDomainConstraints>false</useDomainConstraints>
<use>1</use>
<logicalDatatype>LOGDT024</logicalDatatype>
<dataTypeSize>10</dataTypeSize>
<ownDataTypeParameters>10,,</ownDataTypeParameters>
<autoIncrementCycle>false</autoIncrementCycle>
</Column>
<Column name="nombre" id="84D0B693-76C2-B1D1-8597-9BD820258359">
<createdBy>milfernandez</createdBy>
<createdTime>2025-09-09 01:24:19 UTC</createdTime>
<ownerDesignName>Semana4 v1</ownerDesignName>
<useDomainConstraints>false</useDomainConstraints>
<use>1</use>
<logicalDatatype>LOGDT024</logicalDatatype>
<dataTypeSize>50</dataTypeSize>
<ownDataTypeParameters>50,,</ownDataTypeParameters>
<autoIncrementCycle>false</autoIncrementCycle>
</Column>
<Column name="direccion" id="8DE0160B-A4F0-5A20-CC84-BE39E53EE0F2">
<createdBy>milfernandez</createdBy>
<createdTime>2025-09-09 01:24:19 UTC</createdTime>
<ownerDesignName>Semana4 v1</ownerDesignName>
<useDomainConstraints>false</useDomainConstraints>
<use>1</use>
<logicalDatatype>LOGDT024</logicalDatatype>
<dataTypeSize>100</dataTypeSize>
<ownDataTypeParameters>100,,</ownDataTypeParameters>
<autoIncrementCycle>false</autoIncrementCycle>
</Column>
<Column name="ciudad" id="3632194E-EB2C-2BC8-7BBF-AEE76166F984">
<createdBy>milfernandez</createdBy>
<createdTime>2025-09-09 01:24:19 UTC</createdTime>
<ownerDesignName>Semana4 v1</ownerDesignName>
<useDomainConstraints>false</useDomainConstraints>
<use>1</use>
<logicalDatatype>LOGDT024</logicalDatatype>
<dataTypeSize>50</dataTypeSize>
<ownDataTypeParameters>50,,</ownDataTypeParameters>
<autoIncrementCycle>false</autoIncrementCycle>
</Column>
<Column name="pais" id="B9940D8E-8BAC-C054-F154-FA8E9EC95879">
<createdBy>milfernandez</createdBy>
<createdTime>2025-09-09 01:24:19 UTC</createdTime>
<ownerDesignName>Semana4 v1</ownerDesignName>
<useDomainConstraints>false</useDomainConstraints>
<use>1</use>
<logicalDatatype>LOGDT024</logicalDatatype>
<dataTypeSize>50</dataTypeSize>
<ownDataTypeParameters>50,,</ownDataTypeParameters>
<autoIncrementCycle>false</autoIncrementCycle>
</Column>
<Column name="remuneracion_max" id="F1BAC69D-3822-E156-AAEA-22244E93853D">
<createdBy>milfernandez</createdBy>
<createdTime>2025-09-09 01:24:19 UTC</createdTime>
<ownerDesignName>Semana4 v1</ownerDesignName>
<useDomainConstraints>false</useDomainConstraints>
<use>1</use>
<logicalDatatype>LOGDT019</logicalDatatype>
<dataTypePrecision>8</dataTypePrecision>
<ownDataTypeParameters>,8,</ownDataTypeParameters>
<autoIncrementCycle>false</autoIncrementCycle>
</Column>
</columns>
<indexes itemClass="oracle.dbtools.crest.model.design.relational.Index">
<ind_PK_UK id="E3CCE11A-6D5C-7046-96FF-11FA2F5C22E1" name="EMPRESA_PK">
<createdBy>milfernandez</createdBy>
<createdTime>2025-09-09 01:24:19 UTC</createdTime>
<ownerDesignName>Semana4 v1</ownerDesignName>
<pk>true</pk>
<indexState>Primary Constraint</indexState>
<isSurrogateKey>false</isSurrogateKey>
<indexColumnUsage>
<colUsage columnID="7AF56E39-C13D-B0AA-0ED9-9EF165489278"/>
</indexColumnUsage>
</ind_PK_UK>
</indexes>
<tableCheckConstraints itemClass="oracle.dbtools.crest.model.design.constraint.TableLevelConstraint">
<tableCheckConstraint name="CHK_EMPRESA_REMUN " directorySegmentName="seg_0" id="9ED862A4-133E-6F64-E960-8125D02E6255">
<createdBy>milfernandez</createdBy>
<createdTime>2025-09-09 01:24:19 UTC</createdTime>
<ownerDesignName>Semana4 v1</ownerDesignName>
<rule><![CDATA[remuneracion_max BETWEEN 1850000 AND 4800000
]]></rule>
</tableCheckConstraint>
</tableCheckConstraints>
</Table>