<?xml version = '1.0' encoding = 'UTF-8'?>
<Table class="oracle.dbtools.crest.model.design.relational.Table" directorySegmentName="seg_0" id="127EA32A-374A-9F26-6B7D-22C1978F1E5D" name="PROFESION">
<createdBy>milfernandez</createdBy>
<createdTime>2025-09-09 01:26:25 UTC</createdTime>
<ownerDesignName>Semana4 v1</ownerDesignName>
<ordsAlias>table_4</ordsAlias>
<allowColumnReorder>false</allowColumnReorder>
<existDependencyGenerateInDDl>true</existDependencyGenerateInDDl>
<parsed>true</parsed>
<columns itemClass="oracle.dbtools.crest.model.design.relational.Column">
<Column name="id_profesion" id="9744B674-E26E-F8C0-8BC9-08807602CD45">
<createdBy>milfernandez</createdBy>
<createdTime>2025-09-09 01:27:33 UTC</createdTime>
<ownerDesignName>Semana4 v1</ownerDesignName>
<useDomainConstraints>false</useDomainConstraints>
<use>1</use>
<logicalDatatype>LOGDT019</logicalDatatype>
<dataTypePrecision>5</dataTypePrecision>
<ownDataTypeParameters>,5,</ownDataTypeParameters>
<autoIncrementCycle>false</autoIncrementCycle>
</Column>
<Column name="nombre_profesion" id="51B8F565-F0C6-CE3B-2F59-938BE0BDD956">
<createdBy>milfernandez</createdBy>
<createdTime>2025-09-09 01:27:33 UTC</createdTime>
<ownerDesignName>Semana4 v1</ownerDesignName>
<useDomainConstraints>false</useDomainConstraints>
<use>1</use>
<logicalDatatype>LOGDT024</logicalDatatype>
<dataTypeSize>50</dataTypeSize>
<ownDataTypeParameters>50,,</ownDataTypeParameters>
<autoIncrementCycle>false</autoIncrementCycle>
</Column>
</columns>
<indexes itemClass="oracle.dbtools.crest.model.design.relational.Index">
<ind_PK_UK id="48C1426F-DF27-1E77-905C-0CD2139D5B3E" name="PROFESION_PK">
<createdBy>milfernandez</createdBy>
<createdTime>2025-09-09 01:27:33 UTC</createdTime>
<ownerDesignName>Semana4 v1</ownerDesignName>
<pk>true</pk>
<indexState>Primary Constraint</indexState>
<isSurrogateKey>false</isSurrogateKey>
<indexColumnUsage>
<colUsage columnID="9744B674-E26E-F8C0-8BC9-08807602CD45"/>
</indexColumnUsage>
</ind_PK_UK>
</indexes>
</Table>