<?xml version = '1.0' encoding = 'UTF-8'?>
<Table class="oracle.dbtools.crest.model.design.relational.Table" directorySegmentName="seg_0" id="2E2E2D85-BCBD-A587-B10F-BDF16E4A2437" name="POSTULANTE">
<createdBy>milfernandez</createdBy>
<createdTime>2025-09-08 20:13:05 UTC</createdTime>
<generatorID>BD484D33-1460-6574-3FCD-0CEA4DE395AA</generatorID>
<ownerDesignName>Semana4 v1</ownerDesignName>
<allowColumnReorder>false</allowColumnReorder>
<existDependencyGenerateInDDl>true</existDependencyGenerateInDDl>
<parsed>true</parsed>
<columns itemClass="oracle.dbtools.crest.model.design.relational.Column">
<Column name="folio_postulante" id="8BDF51A4-53DE-A9B4-6FCE-968758CA00CF">
<createdBy>milfernandez</createdBy>
<createdTime>2025-09-08 20:13:06 UTC</createdTime>
<generatorID>317D521C-0F67-B3DA-ED4D-6EA5B740901C</generatorID>
<ownerDesignName>Semana4 v1</ownerDesignName>
<useDomainConstraints>false</useDomainConstraints>
<use>1</use>
<logicalDatatype>LOGDT019</logicalDatatype>
<dataTypePrecision>6</dataTypePrecision>
<ownDataTypeParameters>,6,</ownDataTypeParameters>
<autoIncrementCycle>false</autoIncrementCycle>
</Column>
<Column name="nombre" id="089B63F9-8539-BCB4-4CC3-57F215894BCE">
<createdBy>milfernandez</createdBy>
<createdTime>2025-09-08 20:13:06 UTC</createdTime>
<generatorID>58E8B140-D4C6-A417-006F-3A095179723B</generatorID>
<ownerDesignName>Semana4 v1</ownerDesignName>
<useDomainConstraints>false</useDomainConstraints>
<use>1</use>
<logicalDatatype>LOGDT024</logicalDatatype>
<dataTypeSize>50</dataTypeSize>
<ownDataTypeParameters>50,,</ownDataTypeParameters>
<autoIncrementCycle>false</autoIncrementCycle>
</Column>
<Column name="nacionalidad" id="3FC88198-43BF-30A2-C267-AE1EED3A8623">
<createdBy>milfernandez</createdBy>
<createdTime>2025-09-08 20:13:06 UTC</createdTime>
<generatorID>0A522950-A134-FCDE-40E5-309F0C8ECA68</generatorID>
<ownerDesignName>Semana4 v1</ownerDesignName>
<useDomainConstraints>false</useDomainConstraints>
<use>1</use>
<logicalDatatype>LOGDT024</logicalDatatype>
<dataTypeSize>30</dataTypeSize>
<ownDataTypeParameters>30,,</ownDataTypeParameters>
<autoIncrementCycle>false</autoIncrementCycle>
</Column>
<Column name="residencia" id="3D39567A-F6B9-8008-14CB-844B45B6BD66">
<createdBy>milfernandez</createdBy>
<createdTime>2025-09-08 20:13:06 UTC</createdTime>
<generatorID>360FD300-44FD-44B5-8560-BE95B5F93CE8</generatorID>
<ownerDesignName>Semana4 v1</ownerDesignName>
<useDomainConstraints>false</useDomainConstraints>
<use>1</use>
<logicalDatatype>LOGDT024</logicalDatatype>
<dataTypeSize>30</dataTypeSize>
<ownDataTypeParameters>30,,</ownDataTypeParameters>
<autoIncrementCycle>false</autoIncrementCycle>
</Column>
<Column name="grado_academico" id="71FECDE0-73AE-9F8B-DB21-D8F09E968FA3">
<createdBy>milfernandez</createdBy>
<createdTime>2025-09-08 20:13:06 UTC</createdTime>
<commentInRDBMS><![CDATA[grado_academico IN ('Licenciado','Magíster','Doctorado')
]]></commentInRDBMS>
<generatorID>ACD1CFD3-6660-F268-0265-FC203C23AB66</generatorID>
<ownerDesignName>Semana4 v1</ownerDesignName>
<useDomainConstraints>false</useDomainConstraints>
<use>1</use>
<logicalDatatype>LOGDT024</logicalDatatype>
<dataTypeSize>15</dataTypeSize>
<ownDataTypeParameters>15,,</ownDataTypeParameters>
<autoIncrementCycle>false</autoIncrementCycle>
</Column>
<Column name="sitio_web" id="3DF9D08B-418C-E7A6-A516-719F83755378">
<createdBy>milfernandez</createdBy>
<createdTime>2025-09-08 20:13:06 UTC</createdTime>
<generatorID>60B409A5-28A2-53D8-C138-394ACFCFE55E</generatorID>
<ownerDesignName>Semana4 v1</ownerDesignName>
<nullsAllowed>true</nullsAllowed>
<useDomainConstraints>false</useDomainConstraints>
<use>1</use>
<logicalDatatype>LOGDT024</logicalDatatype>
<dataTypeSize>100</dataTypeSize>
<ownDataTypeParameters>100,,</ownDataTypeParameters>
<autoIncrementCycle>false</autoIncrementCycle>
</Column>
<Column name="rut" id="1A54475D-FAC2-E9A3-FBD8-77914C15976C">
<createdBy>milfernandez</createdBy>
<createdTime>2025-09-08 20:13:06 UTC</createdTime>
<generatorID>CC92FE8B-E7EF-7509-358B-4FC6CD694640</generatorID>
<ownerDesignName>Semana4 v1</ownerDesignName>
<nullsAllowed>true</nullsAllowed>
<useDomainConstraints>false</useDomainConstraints>
<use>1</use>
<logicalDatatype>LOGDT024</logicalDatatype>
<dataTypeSize>12</dataTypeSize>
<ownDataTypeParameters>12,,</ownDataTypeParameters>
<autoIncrementCycle>false</autoIncrementCycle>
</Column>
</columns>
<indexes itemClass="oracle.dbtools.crest.model.design.relational.Index">
<ind_PK_UK id="3EDBB4C0-BB3A-BE1F-B546-033B52835ECE" name="POSTULANTE_PK">
<createdBy>milfernandez</createdBy>
<createdTime>2025-09-08 20:13:06 UTC</createdTime>
<generatorID>82B4E620-C960-07D8-4734-DF958B37946F</generatorID>
<ownerDesignName>Semana4 v1</ownerDesignName>
<pk>true</pk>
<indexState>Primary Constraint</indexState>
<isSurrogateKey>false</isSurrogateKey>
<indexColumnUsage>
<colUsage columnID="8BDF51A4-53DE-A9B4-6FCE-968758CA00CF"/>
</indexColumnUsage>
</ind_PK_UK>
<ind_PK_UK id="7A6D356A-EAF3-073D-CE84-4A96AC33AE6E" name="UQ_POSTULANTE_SITIOWEB">
<createdBy>milfernandez</createdBy>
<createdTime>2025-09-08 20:17:50 UTC</createdTime>
<ownerDesignName>Semana4 v1</ownerDesignName>
<indexState>Unique Constraint</indexState>
<isSurrogateKey>false</isSurrogateKey>
<indexColumnUsage>
<colUsage columnID="3DF9D08B-418C-E7A6-A516-719F83755378"/>
</indexColumnUsage>
</ind_PK_UK>
</indexes>
<tableCheckConstraints itemClass="oracle.dbtools.crest.model.design.constraint.TableLevelConstraint">
<tableCheckConstraint name="CHK_POSTULANTE_GRADO" directorySegmentName="seg_0" id="8B820A1F-2728-0C9D-EFF9-4E403B694696">
<createdBy>milfernandez</createdBy>
<createdTime>2025-09-08 20:23:09 UTC</createdTime>
<ownerDesignName>Semana4 v1</ownerDesignName>
<rule><![CDATA[grado_academico IN ('Licenciado','Magíster','Doctorado')
]]></rule>
</tableCheckConstraint>
</tableCheckConstraints>
</Table>