<?xml version = '1.0' encoding = 'UTF-8'?>
<Table class="oracle.dbtools.crest.model.design.relational.Table" directorySegmentName="seg_0" id="4D4FA447-6601-D86E-FD02-FE39D99F3DC4" name="POSTULANTE_PROFESION">
<createdBy>milfernandez</createdBy>
<createdTime>2025-09-09 01:27:41 UTC</createdTime>
<ownerDesignName>Semana4 v1</ownerDesignName>
<ordsAlias>table_5</ordsAlias>
<allowColumnReorder>false</allowColumnReorder>
<existDependencyGenerateInDDl>true</existDependencyGenerateInDDl>
<parsed>true</parsed>
<columns itemClass="oracle.dbtools.crest.model.design.relational.Column">
<Column name="folio_postulante" id="510E9532-4F98-35E5-B417-346094E1E6F4">
<createdBy>milfernandez</createdBy>
<createdTime>2025-09-09 01:30:14 UTC</createdTime>
<ownerDesignName>Semana4 v1</ownerDesignName>
<useDomainConstraints>false</useDomainConstraints>
<use>1</use>
<logicalDatatype>LOGDT019</logicalDatatype>
<dataTypePrecision>6</dataTypePrecision>
<ownDataTypeParameters>,,</ownDataTypeParameters>
<autoIncrementCycle>false</autoIncrementCycle>
<associations>
<colAssociation fkAssociation="3FF793CA-F375-ADDF-1375-553FA7AC6B08" referredColumn="8BDF51A4-53DE-A9B4-6FCE-968758CA00CF"/>
</associations>
</Column>
<Column name="id_profesion" id="1674E927-332C-D416-08EC-0172FC521D23">
<createdBy>milfernandez</createdBy>
<createdTime>2025-09-09 01:30:14 UTC</createdTime>
<ownerDesignName>Semana4 v1</ownerDesignName>
<useDomainConstraints>false</useDomainConstraints>
<use>1</use>
<logicalDatatype>LOGDT019</logicalDatatype>
<dataTypePrecision>5</dataTypePrecision>
<ownDataTypeParameters>,5,</ownDataTypeParameters>
<autoIncrementCycle>false</autoIncrementCycle>
<associations>
<colAssociation fkAssociation="4E06EBC7-A08D-B172-5506-AB7E5BD858C0" referredColumn="9744B674-E26E-F8C0-8BC9-08807602CD45"/>
</associations>
</Column>
<Column name="fecha_obtencion" id="C192B85F-983C-3D22-B735-D2FE5B13FA7F">
<createdBy>milfernandez</createdBy>
<createdTime>2025-09-09 01:30:14 UTC</createdTime>
<ownerDesignName>Semana4 v1</ownerDesignName>
<useDomainConstraints>false</useDomainConstraints>
<use>1</use>
<logicalDatatype>LOGDT007</logicalDatatype>
<ownDataTypeParameters>,,</ownDataTypeParameters>
<autoIncrementCycle>false</autoIncrementCycle>
</Column>
</columns>
<indexes itemClass="oracle.dbtools.crest.model.design.relational.Index">
<ind_PK_UK id="F07843CC-EAF8-7B7E-A3D2-022DDEF91AD3" name="PK_POSTULANTE_PROF">
<createdBy>milfernandez</createdBy>
<createdTime>2025-09-09 01:34:27 UTC</createdTime>
<ownerDesignName>Semana4 v1</ownerDesignName>
<pk>true</pk>
<indexState>Primary Constraint</indexState>
<isSurrogateKey>false</isSurrogateKey>
<indexColumnUsage>
<colUsage columnID="510E9532-4F98-35E5-B417-346094E1E6F4"/>
<colUsage columnID="1674E927-332C-D416-08EC-0172FC521D23"/>
</indexColumnUsage>
</ind_PK_UK>
<ind_PK_UK id="B358534D-02CC-5DF0-6FA4-C9625122FCC8" name="FK_PP_POSTULANTE">
<createdBy>milfernandez</createdBy>
<createdTime>2025-09-09 01:38:17 UTC</createdTime>
<ownerDesignName>Semana4 v1</ownerDesignName>
<indexState>Foreign Key</indexState>
<isSurrogateKey>false</isSurrogateKey>
<indexColumnUsage>
<colUsage columnID="510E9532-4F98-35E5-B417-346094E1E6F4"/>
</indexColumnUsage>
</ind_PK_UK>
<ind_PK_UK id="4BA47D8C-98D3-198E-45FB-E2609D731622" name="FK_PP_PROFESION">
<createdBy>milfernandez</createdBy>
<createdTime>2025-09-09 01:39:51 UTC</createdTime>
<ownerDesignName>Semana4 v1</ownerDesignName>
<indexState>Foreign Key</indexState>
<isSurrogateKey>false</isSurrogateKey>
<indexColumnUsage>
<colUsage columnID="1674E927-332C-D416-08EC-0172FC521D23"/>
</indexColumnUsage>
</ind_PK_UK>
</indexes>
</Table>