<?xml version = '1.0' encoding = 'UTF-8'?>
<Table class="oracle.dbtools.crest.model.design.relational.Table" directorySegmentName="seg_0" id="7CE9A07D-7BC7-A7B5-FFB6-B5708AF83308" name="POSTULACION">
<createdBy>milfernandez</createdBy>
<createdTime>2025-09-09 01:41:06 UTC</createdTime>
<ownerDesignName>Semana4 v1</ownerDesignName>
<ordsAlias>table_6</ordsAlias>
<allowColumnReorder>false</allowColumnReorder>
<existDependencyGenerateInDDl>true</existDependencyGenerateInDDl>
<parsed>true</parsed>
<columns itemClass="oracle.dbtools.crest.model.design.relational.Column">
<Column name="id_postulacion" id="49C7EF6A-E556-DBF0-32FB-F7F176F4BB68">
<createdBy>milfernandez</createdBy>
<createdTime>2025-09-09 01:43:50 UTC</createdTime>
<ownerDesignName>Semana4 v1</ownerDesignName>
<useDomainConstraints>false</useDomainConstraints>
<use>1</use>
<logicalDatatype>LOGDT019</logicalDatatype>
<dataTypePrecision>5</dataTypePrecision>
<ownDataTypeParameters>,5,</ownDataTypeParameters>
<autoIncrementCycle>false</autoIncrementCycle>
</Column>
<Column name="folio_postulante" id="00A688CB-0F4D-86B2-FBC1-57B1B887BB33">
<createdBy>milfernandez</createdBy>
<createdTime>2025-09-09 01:43:50 UTC</createdTime>
<ownerDesignName>Semana4 v1</ownerDesignName>
<useDomainConstraints>false</useDomainConstraints>
<use>1</use>
<logicalDatatype>LOGDT019</logicalDatatype>
<dataTypePrecision>6</dataTypePrecision>
<ownDataTypeParameters>,6,</ownDataTypeParameters>
<autoIncrementCycle>false</autoIncrementCycle>
<associations>
<colAssociation fkAssociation="EB842107-00CB-4DCF-8A2F-FFBD13FD0A2D" referredColumn="8BDF51A4-53DE-A9B4-6FCE-968758CA00CF"/>
</associations>
</Column>
<Column name="id_empresa" id="06E9E1E9-CAB7-06DB-52B9-FFE6F96F8992">
<createdBy>milfernandez</createdBy>
<createdTime>2025-09-09 01:43:50 UTC</createdTime>
<ownerDesignName>Semana4 v1</ownerDesignName>
<useDomainConstraints>false</useDomainConstraints>
<use>1</use>
<logicalDatatype>LOGDT024</logicalDatatype>
<dataTypeSize>10</dataTypeSize>
<ownDataTypeParameters>10,,</ownDataTypeParameters>
<autoIncrementCycle>false</autoIncrementCycle>
<associations>
<colAssociation fkAssociation="85FF9439-2450-E89E-D251-D30BFED21DE9" referredColumn="7AF56E39-C13D-B0AA-0ED9-9EF165489278"/>
</associations>
</Column>
<Column name="pretension_renta" id="01F81896-9594-EBA6-04B6-74A0907BAA92">
<createdBy>milfernandez</createdBy>
<createdTime>2025-09-09 01:43:50 UTC</createdTime>
<ownerDesignName>Semana4 v1</ownerDesignName>
<nullsAllowed>true</nullsAllowed>
<useDomainConstraints>false</useDomainConstraints>
<use>1</use>
<logicalDatatype>LOGDT019</logicalDatatype>
<dataTypePrecision>8</dataTypePrecision>
<ownDataTypeParameters>,8,</ownDataTypeParameters>
<autoIncrementCycle>false</autoIncrementCycle>
</Column>
</columns>
<indexes itemClass="oracle.dbtools.crest.model.design.relational.Index">
<ind_PK_UK id="FC0AEE4A-7ED4-7C31-E68C-77613AAD3C71" name="POSTULACION_PK">
<createdBy>milfernandez</createdBy>
<createdTime>2025-09-09 01:43:50 UTC</createdTime>
<ownerDesignName>Semana4 v1</ownerDesignName>
<pk>true</pk>
<indexState>Primary Constraint</indexState>
<isSurrogateKey>false</isSurrogateKey>
<indexColumnUsage>
<colUsage columnID="49C7EF6A-E556-DBF0-32FB-F7F176F4BB68"/>
</indexColumnUsage>
</ind_PK_UK>
<ind_PK_UK id="7C806751-D892-4F79-3147-D4BB47ADF1FB" name="UQ_POSTULACION_FOLIO">
<createdBy>milfernandez</createdBy>
<createdTime>2025-09-09 01:45:54 UTC</createdTime>
<ownerDesignName>Semana4 v1</ownerDesignName>
<indexState>Unique Constraint</indexState>
<isSurrogateKey>false</isSurrogateKey>
<indexColumnUsage>
<colUsage columnID="00A688CB-0F4D-86B2-FBC1-57B1B887BB33"/>
</indexColumnUsage>
</ind_PK_UK>
<ind_PK_UK id="4F13020B-99B9-ECF1-39DB-BF4BDD6D9A3A" name="FK_POSTULACION_POSTULANTE">
<createdBy>milfernandez</createdBy>
<createdTime>2025-09-09 01:45:54 UTC</createdTime>
<ownerDesignName>Semana4 v1</ownerDesignName>
<indexState>Foreign Key</indexState>
<isSurrogateKey>false</isSurrogateKey>
<indexColumnUsage>
<colUsage columnID="00A688CB-0F4D-86B2-FBC1-57B1B887BB33"/>
</indexColumnUsage>
</ind_PK_UK>
<ind_PK_UK id="0CCA3011-8633-C088-2A49-6FBC030F3053" name="FK_POSTULACION_EMPRESA">
<createdBy>milfernandez</createdBy>
<createdTime>2025-09-09 01:45:54 UTC</createdTime>
<ownerDesignName>Semana4 v1</ownerDesignName>
<indexState>Foreign Key</indexState>
<isSurrogateKey>false</isSurrogateKey>
<indexColumnUsage>
<colUsage columnID="06E9E1E9-CAB7-06DB-52B9-FFE6F96F8992"/>
</indexColumnUsage>
</ind_PK_UK>
</indexes>
</Table>