<?xml version = '1.0' encoding = 'UTF-8'?>
<Table class="oracle.dbtools.crest.model.design.relational.Table" directorySegmentName="seg_0" id="8973A4C6-32D3-3C69-F439-4078C72D94C3" name="VISA">
<createdBy>milfernandez</createdBy>
<createdTime>2025-09-09 01:46:42 UTC</createdTime>
<ownerDesignName>Semana4 v1</ownerDesignName>
<ordsAlias>table_7</ordsAlias>
<allowColumnReorder>false</allowColumnReorder>
<existDependencyGenerateInDDl>true</existDependencyGenerateInDDl>
<parsed>true</parsed>
<columns itemClass="oracle.dbtools.crest.model.design.relational.Column">
<Column name="id_visa" id="01B366C5-29AE-584B-B776-27DEAE7B6D85">
<createdBy>milfernandez</createdBy>
<createdTime>2025-09-09 01:48:34 UTC</createdTime>
<ownerDesignName>Semana4 v1</ownerDesignName>
<useDomainConstraints>false</useDomainConstraints>
<use>1</use>
<logicalDatatype>LOGDT024</logicalDatatype>
<dataTypeSize>15</dataTypeSize>
<ownDataTypeParameters>15,,</ownDataTypeParameters>
<autoIncrementCycle>false</autoIncrementCycle>
</Column>
<Column name="id_postulacion" id="71C14B95-BE81-2AFF-9F00-949A8366F2B6">
<createdBy>milfernandez</createdBy>
<createdTime>2025-09-09 01:48:34 UTC</createdTime>
<ownerDesignName>Semana4 v1</ownerDesignName>
<useDomainConstraints>false</useDomainConstraints>
<use>1</use>
<logicalDatatype>LOGDT019</logicalDatatype>
<dataTypePrecision>5</dataTypePrecision>
<ownDataTypeParameters>,5,</ownDataTypeParameters>
<autoIncrementCycle>false</autoIncrementCycle>
<associations>
<colAssociation fkAssociation="80709196-BE6C-EDE6-C3AB-8C0BC8803B9E" referredColumn="49C7EF6A-E556-DBF0-32FB-F7F176F4BB68"/>
</associations>
</Column>
<Column name="nivel_idioma" id="DE4CC69C-E56F-7410-6C86-020DF696E4DC">
<createdBy>milfernandez</createdBy>
<createdTime>2025-09-09 01:48:34 UTC</createdTime>
<ownerDesignName>Semana4 v1</ownerDesignName>
<useDomainConstraints>false</useDomainConstraints>
<use>1</use>
<logicalDatatype>LOGDT024</logicalDatatype>
<dataTypeSize>20</dataTypeSize>
<ownDataTypeParameters>20,,</ownDataTypeParameters>
<autoIncrementCycle>false</autoIncrementCycle>
</Column>
<Column name="fecha_visa" id="02919A44-7A07-E4FE-5389-2E0583F5FE0F">
<createdBy>milfernandez</createdBy>
<createdTime>2025-09-09 01:48:34 UTC</createdTime>
<ownerDesignName>Semana4 v1</ownerDesignName>
<useDomainConstraints>false</useDomainConstraints>
<use>1</use>
<logicalDatatype>LOGDT007</logicalDatatype>
<ownDataTypeParameters>,,</ownDataTypeParameters>
<autoIncrementCycle>false</autoIncrementCycle>
</Column>
</columns>
<indexes itemClass="oracle.dbtools.crest.model.design.relational.Index">
<ind_PK_UK id="BBFF13BE-AC05-6F06-4FF3-CF7C7674C939" name="VISA_PKv2">
<createdBy>milfernandez</createdBy>
<createdTime>2025-09-09 01:52:32 UTC</createdTime>
<ownerDesignName>Semana4 v1</ownerDesignName>
<pk>true</pk>
<indexState>Primary Constraint</indexState>
<isSurrogateKey>false</isSurrogateKey>
<indexColumnUsage>
<colUsage columnID="01B366C5-29AE-584B-B776-27DEAE7B6D85"/>
</indexColumnUsage>
</ind_PK_UK>
<ind_PK_UK id="B2C64646-9F0B-22EF-B108-FF98FB4A8C17" name="UQ_VISA_POSTULACION">
<createdBy>milfernandez</createdBy>
<createdTime>2025-09-09 01:52:32 UTC</createdTime>
<ownerDesignName>Semana4 v1</ownerDesignName>
<indexState>Unique Constraint</indexState>
<isSurrogateKey>false</isSurrogateKey>
<indexColumnUsage>
<colUsage columnID="71C14B95-BE81-2AFF-9F00-949A8366F2B6"/>
</indexColumnUsage>
</ind_PK_UK>
<ind_PK_UK id="A67CD0B1-9F93-592C-311A-9D08EEB8DDF1" name="FK_VISA_POSTULACION">
<createdBy>milfernandez</createdBy>
<createdTime>2025-09-09 01:52:32 UTC</createdTime>
<ownerDesignName>Semana4 v1</ownerDesignName>
<indexState>Foreign Key</indexState>
<isSurrogateKey>false</isSurrogateKey>
<indexColumnUsage>
<colUsage columnID="71C14B95-BE81-2AFF-9F00-949A8366F2B6"/>
</indexColumnUsage>
</ind_PK_UK>
</indexes>
</Table>