<?xml version = '1.0' encoding = 'UTF-8'?>
<FKIndexAssociation class="oracle.dbtools.crest.model.design.relational.FKIndexAssociation" directorySegmentName="seg_0" id="21CC3509-9387-206D-3A3A-5D62AA8CE543" containerWithKeyObject="B3F4E91F-571E-35D6-5E55-60757CFA66F5" localFKIndex="9E33696B-2C9A-B2B0-5A5A-7F84DC4D0476" name="EMPLEADO_PLANTA_FK">
<createdBy>mily_</createdBy>
<createdTime>2025-10-12 15:10:41 UTC</createdTime>
<generatorID>32B6E837-BD5D-E636-0426-29577873E63B</generatorID>
<ownerDesignName>Fase 1 y 2</ownerDesignName>
<referredTableLongName>PLANTA</referredTableLongName>
<deleteRule>NO ACTION</deleteRule>
<referredTableID>D4883AD2-A0C5-AA43-132A-A738B3DF90BD</referredTableID>
<keyObject>CDEB42E6-DCD5-9783-4479-0A5EC63E3348</keyObject>
<referredKeyID>CDEB42E6-DCD5-9783-4479-0A5EC63E3348</referredKeyID>
<mandatory>true</mandatory>
<refColNames>id_planta</refColNames>
<transferable>true</transferable>
<rely>false</rely>
<columnDependencyConstraintGenerateInDDL>true</columnDependencyConstraintGenerateInDDL>
</FKIndexAssociation>