<?xml version = '1.0' encoding = 'UTF-8'?>
<FKIndexAssociation class="oracle.dbtools.crest.model.design.relational.FKIndexAssociation" directorySegmentName="seg_0" id="297FBE4C-DB12-DCAE-809F-41BA72369FB8" containerWithKeyObject="B3F4E91F-571E-35D6-5E55-60757CFA66F5" localFKIndex="890D6314-3BA8-21C5-FD13-94A82ADDE2FA" name="EMPLEADO_AFP_FK">
<createdBy>mily_</createdBy>
<createdTime>2025-10-12 15:10:41 UTC</createdTime>
<generatorID>7FC36E22-2CBC-5D36-4DAE-A5770F2AC6EC</generatorID>
<ownerDesignName>Fase 1 y 2</ownerDesignName>
<referredTableLongName>AFP</referredTableLongName>
<deleteRule>NO ACTION</deleteRule>
<referredTableID>8BE2393F-3E2B-800B-3890-B136CAE8F5CD</referredTableID>
<keyObject>6566E406-A872-95D1-B887-0CF449375563</keyObject>
<referredKeyID>6566E406-A872-95D1-B887-0CF449375563</referredKeyID>
<mandatory>true</mandatory>
<refColNames>id_afp</refColNames>
<transferable>true</transferable>
<rely>false</rely>
<columnDependencyConstraintGenerateInDDL>true</columnDependencyConstraintGenerateInDDL>
</FKIndexAssociation>