<?xml version = '1.0' encoding = 'UTF-8'?>
<FKIndexAssociation class="oracle.dbtools.crest.model.design.relational.FKIndexAssociation" directorySegmentName="seg_0" id="3781D5F8-B0D0-B401-EE7D-6BC3A270EBE7" containerWithKeyObject="11C35C01-DA87-A168-4857-F5C3FE2BAF06" localFKIndex="DCBFC892-AC64-66A5-A452-06C0AB1BC956" name="TECNICO_MANT_EMPLEADO_FK">
<createdBy>mily_</createdBy>
<createdTime>2025-10-12 16:10:39 UTC</createdTime>
<generatorID>868B3868-404D-427C-FFB8-DCF6D79CCE57</generatorID>
<ownerDesignName>Fase 1 y 2</ownerDesignName>
<referredTableLongName>EMPLEADO</referredTableLongName>
<arc>9E1E9A48-8FF8-4DC2-6A5F-68A049CE0CD5</arc>
<deleteRule>NO ACTION</deleteRule>
<referredTableID>B3F4E91F-571E-35D6-5E55-60757CFA66F5</referredTableID>
<keyObject>1FF054A4-4E8A-2222-0B50-4D1B7810E8B7</keyObject>
<referredKeyID>1FF054A4-4E8A-2222-0B50-4D1B7810E8B7</referredKeyID>
<mandatory>true</mandatory>
<refColNames>id_empleado</refColNames>
<transferable>true</transferable>
<rely>false</rely>
<discriminatorValue>TECNICO_MANT</discriminatorValue>
<columnDependencyConstraintGenerateInDDL>true</columnDependencyConstraintGenerateInDDL>
</FKIndexAssociation>