<?xml version = '1.0' encoding = 'UTF-8'?>
<FKIndexAssociation class="oracle.dbtools.crest.model.design.relational.FKIndexAssociation" directorySegmentName="seg_0" id="3A51A851-43F9-0953-6F82-6E89A3CCE1B0" containerWithKeyObject="F0EA79EE-9605-CDA3-58E2-1A7C202F0F45" localFKIndex="1C48EAF4-B423-97BD-89B8-0DCE3B9BA65A" name="ASIGNACION_TURNO_MAQUINA_FK">
<createdBy>mily_</createdBy>
<createdTime>2025-10-12 15:29:19 UTC</createdTime>
<generatorID>E0AEAEDC-58A2-3A94-13B2-1D8DA5D0930D</generatorID>
<ownerDesignName>Fase 1 y 2</ownerDesignName>
<referredTableLongName>MAQUINA</referredTableLongName>
<deleteRule>NO ACTION</deleteRule>
<referredTableID>40E365F6-CB50-E19D-5232-C8B12ABE1260</referredTableID>
<keyObject>F4946722-ACBC-9830-82E7-00388B0BE214</keyObject>
<referredKeyID>F4946722-ACBC-9830-82E7-00388B0BE214</referredKeyID>
<mandatory>true</mandatory>
<refColNames>PLANTA_id_planta,num_maquina</refColNames>
<transferable>true</transferable>
<rely>false</rely>
<columnDependencyConstraintGenerateInDDL>true</columnDependencyConstraintGenerateInDDL>
</FKIndexAssociation>