<?xml version = '1.0' encoding = 'UTF-8'?>
<FKIndexAssociation class="oracle.dbtools.crest.model.design.relational.FKIndexAssociation" directorySegmentName="seg_0" id="3EEA7814-F631-9104-8299-08D6C25DC2C5" containerWithKeyObject="18BEE2FE-192A-45B9-F1D4-3DF89E7CBDC1" localFKIndex="B2C3CFCE-45D5-15BA-C992-C4E8F0DF500E" name="OPERARIO_EMPLEADO_FK">
<createdBy>mily_</createdBy>
<createdTime>2025-10-12 16:10:39 UTC</createdTime>
<generatorID>8769737C-CE5F-507C-5CA4-60CB9CD28221</generatorID>
<ownerDesignName>Fase 1 y 2</ownerDesignName>
<referredTableLongName>EMPLEADO</referredTableLongName>
<arc>9E1E9A48-8FF8-4DC2-6A5F-68A049CE0CD5</arc>
<deleteRule>NO ACTION</deleteRule>
<referredTableID>B3F4E91F-571E-35D6-5E55-60757CFA66F5</referredTableID>
<keyObject>1FF054A4-4E8A-2222-0B50-4D1B7810E8B7</keyObject>
<referredKeyID>1FF054A4-4E8A-2222-0B50-4D1B7810E8B7</referredKeyID>
<mandatory>true</mandatory>
<refColNames>id_empleado</refColNames>
<transferable>true</transferable>
<rely>false</rely>
<discriminatorValue>OPERARIO</discriminatorValue>
<columnDependencyConstraintGenerateInDDL>true</columnDependencyConstraintGenerateInDDL>
</FKIndexAssociation>