<?xml version = '1.0' encoding = 'UTF-8'?>
<FKIndexAssociation class="oracle.dbtools.crest.model.design.relational.FKIndexAssociation" directorySegmentName="seg_0" id="49C1508C-7180-A6F7-B7FE-E56B204EA4CB" containerWithKeyObject="EDC1DA2F-FB42-32F1-FBA4-0D02D740C416" localFKIndex="46673CFD-FC9B-F1B7-B24B-8D566FE78E32" name="MANTENCION_MAQUINA_FK">
<createdBy>mily_</createdBy>
<createdTime>2025-10-12 15:38:32 UTC</createdTime>
<generatorID>B820235B-D0E4-9124-58B9-9CCB832673B1</generatorID>
<ownerDesignName>Fase 1 y 2</ownerDesignName>
<referredTableLongName>MAQUINA</referredTableLongName>
<deleteRule>NO ACTION</deleteRule>
<referredTableID>40E365F6-CB50-E19D-5232-C8B12ABE1260</referredTableID>
<keyObject>F4946722-ACBC-9830-82E7-00388B0BE214</keyObject>
<referredKeyID>F4946722-ACBC-9830-82E7-00388B0BE214</referredKeyID>
<mandatory>true</mandatory>
<refColNames>PLANTA_id_planta,num_maquina</refColNames>
<transferable>true</transferable>
<rely>false</rely>
<columnDependencyConstraintGenerateInDDL>true</columnDependencyConstraintGenerateInDDL>
</FKIndexAssociation>