<?xml version = '1.0' encoding = 'UTF-8'?>
<FKIndexAssociation class="oracle.dbtools.crest.model.design.relational.FKIndexAssociation" directorySegmentName="seg_0" id="5D839F53-4B87-22C6-9174-BC75F5AF5E69" containerWithKeyObject="40E365F6-CB50-E19D-5232-C8B12ABE1260" localFKIndex="2B385E12-6E60-913B-DB45-F2CEFA3482E3" name="MAQUINA_PLANTA_FK">
<createdBy>mily_</createdBy>
<createdTime>2025-10-12 14:53:01 UTC</createdTime>
<generatorID>89F64B11-5FF9-3C30-F747-3A3C0C2975A7</generatorID>
<ownerDesignName>Fase 1 y 2</ownerDesignName>
<referredTableLongName>PLANTA</referredTableLongName>
<deleteRule>NO ACTION</deleteRule>
<referredTableID>D4883AD2-A0C5-AA43-132A-A738B3DF90BD</referredTableID>
<keyObject>CDEB42E6-DCD5-9783-4479-0A5EC63E3348</keyObject>
<referredKeyID>CDEB42E6-DCD5-9783-4479-0A5EC63E3348</referredKeyID>
<mandatory>true</mandatory>
<refColNames>id_planta</refColNames>
<transferable>true</transferable>
<rely>false</rely>
<columnDependencyConstraintGenerateInDDL>true</columnDependencyConstraintGenerateInDDL>
</FKIndexAssociation>