<?xml version = '1.0' encoding = 'UTF-8'?>
<FKIndexAssociation class="oracle.dbtools.crest.model.design.relational.FKIndexAssociation" directorySegmentName="seg_0" id="785ABABE-41E9-337E-24A7-23263A0E09FF" containerWithKeyObject="EDC1DA2F-FB42-32F1-FBA4-0D02D740C416" localFKIndex="57854D39-3C17-4723-D939-CF90DBDA63A6" name="MANTENCION_TECNICO_MANT_FK">
<createdBy>mily_</createdBy>
<createdTime>2025-10-12 19:38:38 UTC</createdTime>
<generatorID>6580807E-98E2-2EC6-0276-99A695B9DD46</generatorID>
<ownerDesignName>Fase 1 y 2</ownerDesignName>
<referredTableLongName>TECNICO_MANT</referredTableLongName>
<deleteRule>NO ACTION</deleteRule>
<referredTableID>11C35C01-DA87-A168-4857-F5C3FE2BAF06</referredTableID>
<keyObject>74A12323-7889-6883-5EB5-B4D92E1FF779</keyObject>
<referredKeyID>74A12323-7889-6883-5EB5-B4D92E1FF779</referredKeyID>
<mandatory>true</mandatory>
<refColNames>id_empleado</refColNames>
<transferable>true</transferable>
<rely>false</rely>
<columnDependencyConstraintGenerateInDDL>true</columnDependencyConstraintGenerateInDDL>
</FKIndexAssociation>