<?xml version = '1.0' encoding = 'UTF-8'?>
<FKIndexAssociation class="oracle.dbtools.crest.model.design.relational.FKIndexAssociation" directorySegmentName="seg_0" id="90556157-2A9C-42B6-FFF6-B09804D024AC" containerWithKeyObject="F0EA79EE-9605-CDA3-58E2-1A7C202F0F45" localFKIndex="5CAFA732-2FC2-D8A7-D22C-07502E9298A6" name="ASIGNACION_TURNO_TURNO_FK">
<createdBy>mily_</createdBy>
<createdTime>2025-10-12 15:29:19 UTC</createdTime>
<generatorID>F7088CDD-35EB-C976-6BE2-EB91A4FFCE98</generatorID>
<ownerDesignName>Fase 1 y 2</ownerDesignName>
<referredTableLongName>TURNO</referredTableLongName>
<deleteRule>NO ACTION</deleteRule>
<referredTableID>A6BD4595-93B1-C6DB-1249-8F824230B5D3</referredTableID>
<keyObject>8404CC9D-A89F-FD8A-AA06-6848E0D87446</keyObject>
<referredKeyID>8404CC9D-A89F-FD8A-AA06-6848E0D87446</referredKeyID>
<mandatory>true</mandatory>
<refColNames>id_turno</refColNames>
<transferable>true</transferable>
<rely>false</rely>
<columnDependencyConstraintGenerateInDDL>true</columnDependencyConstraintGenerateInDDL>
</FKIndexAssociation>