<?xml version = '1.0' encoding = 'UTF-8'?>
<FKIndexAssociation class="oracle.dbtools.crest.model.design.relational.FKIndexAssociation" directorySegmentName="seg_0" id="92DE240F-C26A-532D-A320-A514B6156966" containerWithKeyObject="D4883AD2-A0C5-AA43-132A-A738B3DF90BD" localFKIndex="FB442477-A09B-4860-A139-596AB8C407E2" name="PLANTA_COMUNA_FK">
<createdBy>mily_</createdBy>
<createdTime>2025-10-12 14:42:50 UTC</createdTime>
<generatorID>5F20373E-6FBF-0561-E635-76AE6E8C4C53</generatorID>
<ownerDesignName>Fase 1 y 2</ownerDesignName>
<referredTableLongName>COMUNA</referredTableLongName>
<deleteRule>NO ACTION</deleteRule>
<referredTableID>32FF515A-5F17-7429-D764-D5F34C012B36</referredTableID>
<keyObject>D48372F7-ADD5-ADD6-7F5E-8A794DAEF46E</keyObject>
<referredKeyID>D48372F7-ADD5-ADD6-7F5E-8A794DAEF46E</referredKeyID>
<mandatory>true</mandatory>
<refColNames>id_comuna</refColNames>
<transferable>true</transferable>
<rely>false</rely>
<columnDependencyConstraintGenerateInDDL>true</columnDependencyConstraintGenerateInDDL>
</FKIndexAssociation>