<?xml version = '1.0' encoding = 'UTF-8'?>
<FKIndexAssociation class="oracle.dbtools.crest.model.design.relational.FKIndexAssociation" directorySegmentName="seg_0" id="99725886-9DC7-07AB-34F2-7FD39A3AFB25" containerWithKeyObject="F0EA79EE-9605-CDA3-58E2-1A7C202F0F45" localFKIndex="4C3B60FF-31BA-8211-67F7-69B2D48F9D8D" name="ASIGNACION_TURNO_EMPLEADO_FK">
<createdBy>mily_</createdBy>
<createdTime>2025-10-12 15:29:19 UTC</createdTime>
<generatorID>EA1E54A9-4397-7ABC-A4A5-AC8064313A17</generatorID>
<ownerDesignName>Fase 1 y 2</ownerDesignName>
<referredTableLongName>EMPLEADO</referredTableLongName>
<deleteRule>NO ACTION</deleteRule>
<referredTableID>B3F4E91F-571E-35D6-5E55-60757CFA66F5</referredTableID>
<keyObject>1FF054A4-4E8A-2222-0B50-4D1B7810E8B7</keyObject>
<referredKeyID>1FF054A4-4E8A-2222-0B50-4D1B7810E8B7</referredKeyID>
<mandatory>true</mandatory>
<refColNames>id_empleado</refColNames>
<transferable>true</transferable>
<rely>false</rely>
<columnDependencyConstraintGenerateInDDL>true</columnDependencyConstraintGenerateInDDL>
</FKIndexAssociation>