<?xml version = '1.0' encoding = 'UTF-8'?>
<FKIndexAssociation class="oracle.dbtools.crest.model.design.relational.FKIndexAssociation" directorySegmentName="seg_0" id="C6C8C3C6-11A8-D7FD-227E-06B92C549E1D" containerWithKeyObject="B3F4E91F-571E-35D6-5E55-60757CFA66F5" localFKIndex="1588BE1C-3B35-CDA7-7389-65CCB9C51FEF" name="EMPLEADO_SALUD_FK">
<createdBy>mily_</createdBy>
<createdTime>2025-10-12 15:10:41 UTC</createdTime>
<generatorID>662AA7F3-8B3A-1BB1-6EA5-0F7E46AD21DE</generatorID>
<ownerDesignName>Fase 1 y 2</ownerDesignName>
<referredTableLongName>SALUD</referredTableLongName>
<deleteRule>NO ACTION</deleteRule>
<referredTableID>2D796B29-3B0B-E695-ADA0-8464C3C7AB29</referredTableID>
<keyObject>DDB1CDFA-F409-6A9F-F7C1-7AC8343FF00B</keyObject>
<referredKeyID>DDB1CDFA-F409-6A9F-F7C1-7AC8343FF00B</referredKeyID>
<mandatory>true</mandatory>
<refColNames>id_salud</refColNames>
<transferable>true</transferable>
<rely>false</rely>
<columnDependencyConstraintGenerateInDDL>true</columnDependencyConstraintGenerateInDDL>
</FKIndexAssociation>