<?xml version = '1.0' encoding = 'UTF-8'?>
<FKIndexAssociation class="oracle.dbtools.crest.model.design.relational.FKIndexAssociation" directorySegmentName="seg_0" id="D7D1D2EF-8A2F-C8D6-0FEB-D88D59521C84" containerWithKeyObject="CCA9C608-B4E7-BD7F-0D13-8258E9C74342" localFKIndex="E2D74D3D-A199-993B-E8CB-AA26815689BA" name="JEFE_TURNO_EMPLEADO_FK">
<createdBy>mily_</createdBy>
<createdTime>2025-10-12 15:56:15 UTC</createdTime>
<generatorID>5DBDE9DD-50F4-5E9F-7497-93DB9416B190</generatorID>
<ownerDesignName>Fase 1 y 2</ownerDesignName>
<referredTableLongName>EMPLEADO</referredTableLongName>
<arc>9E1E9A48-8FF8-4DC2-6A5F-68A049CE0CD5</arc>
<deleteRule>NO ACTION</deleteRule>
<referredTableID>B3F4E91F-571E-35D6-5E55-60757CFA66F5</referredTableID>
<keyObject>1FF054A4-4E8A-2222-0B50-4D1B7810E8B7</keyObject>
<referredKeyID>1FF054A4-4E8A-2222-0B50-4D1B7810E8B7</referredKeyID>
<mandatory>true</mandatory>
<refColNames>id_empleado</refColNames>
<transferable>true</transferable>
<rely>false</rely>
<discriminatorValue>JEFE_TURNO</discriminatorValue>
<columnDependencyConstraintGenerateInDDL>true</columnDependencyConstraintGenerateInDDL>
</FKIndexAssociation>