<?xml version = '1.0' encoding = 'UTF-8'?>
<FKIndexAssociation class="oracle.dbtools.crest.model.design.relational.FKIndexAssociation" directorySegmentName="seg_0" id="EB31DE1F-1337-E871-AF78-B543C635CFFD" containerWithKeyObject="40E365F6-CB50-E19D-5232-C8B12ABE1260" localFKIndex="6810BD9E-43DE-095B-E7EA-FE0AFB1FADB3" name="MAQUINA_TIPO_MAQUINA_FK">
<createdBy>mily_</createdBy>
<createdTime>2025-10-12 15:02:37 UTC</createdTime>
<generatorID>20694C94-C68E-64C2-39A5-E7287B90488A</generatorID>
<ownerDesignName>Fase 1 y 2</ownerDesignName>
<referredTableLongName>TIPO_MAQUINA</referredTableLongName>
<deleteRule>NO ACTION</deleteRule>
<referredTableID>5C9D8F1A-D6DB-F747-982B-17478D3414E5</referredTableID>
<keyObject>1FF9C252-3378-D095-F68E-E3A85B5DDFCE</keyObject>
<referredKeyID>1FF9C252-3378-D095-F68E-E3A85B5DDFCE</referredKeyID>
<mandatory>true</mandatory>
<refColNames>id_tipo</refColNames>
<transferable>true</transferable>
<rely>false</rely>
<columnDependencyConstraintGenerateInDDL>true</columnDependencyConstraintGenerateInDDL>
</FKIndexAssociation>