<?xml version = '1.0' encoding = 'UTF-8'?>
<FKIndexAssociation class="oracle.dbtools.crest.model.design.relational.FKIndexAssociation" directorySegmentName="seg_0" id="F6BB8538-16F8-D2E9-7067-753FBE193206" containerWithKeyObject="32FF515A-5F17-7429-D764-D5F34C012B36" localFKIndex="50A34590-6E1D-1458-392E-357D484F7AEE" name="COMUNA_REGION_FK">
<createdBy>mily_</createdBy>
<createdTime>2025-10-12 14:42:50 UTC</createdTime>
<generatorID>7CB86085-D8F9-3633-6B84-FFFB8B37DBCF</generatorID>
<ownerDesignName>Fase 1 y 2</ownerDesignName>
<referredTableLongName>REGION</referredTableLongName>
<deleteRule>NO ACTION</deleteRule>
<referredTableID>2D1748B8-FF23-0F18-A445-7AF9548E5879</referredTableID>
<keyObject>28E92635-C712-305C-BC41-40B52E69A4E1</keyObject>
<referredKeyID>28E92635-C712-305C-BC41-40B52E69A4E1</referredKeyID>
<mandatory>true</mandatory>
<refColNames>id_region</refColNames>
<transferable>true</transferable>
<rely>false</rely>
<columnDependencyConstraintGenerateInDDL>true</columnDependencyConstraintGenerateInDDL>
</FKIndexAssociation>