<?xml version = '1.0' encoding = 'UTF-8'?>
<FKArc class="oracle.dbtools.crest.model.design.relational.FKArc" directorySegmentName="seg_0" id="399AC643-825C-29E0-4D20-0AD4E0047380" name="FKArc_1">
<createdBy>milfernandez</createdBy>
<createdTime>2025-09-01 21:21:36 UTC</createdTime>
<ownerDesignName>Tarea semana 3</ownerDesignName>
<mandatory>false</mandatory>
<reverseArc>true</reverseArc>
<table>A191DA3E-F485-E7BC-C75E-A4B7E01B169E</table>
<discriminatorColumn>00D4D7AA-9B1A-DB57-90DE-8D0300486A2C</discriminatorColumn>
<fkeys>
<fkeyID>5425A8E8-1D3C-4431-A402-B48045CE9188</fkeyID>
<fkeyID>B44353D7-30FF-AA1F-C2A8-259FB2DCA294</fkeyID>
</fkeys>
</FKArc>