<?xml version = '1.0' encoding = 'UTF-8'?>
<FKArc class="oracle.dbtools.crest.model.design.relational.FKArc" directorySegmentName="seg_0" id="BF23E3D5-3600-3D00-83A6-A06347F1A258" name="FKArc_2">
<createdBy>milfernandez</createdBy>
<createdTime>2025-09-01 21:21:36 UTC</createdTime>
<ownerDesignName>Tarea semana 3</ownerDesignName>
<mandatory>false</mandatory>
<reverseArc>true</reverseArc>
<table>3CA80F0E-AE94-D651-587F-12838E9783E8</table>
<discriminatorColumn>464569DA-A92A-9FA0-6B7A-3357F52FBB9C</discriminatorColumn>
<fkeys>
<fkeyID>F9DE03E4-C966-B661-AA67-12F0AB8DDF47</fkeyID>
<fkeyID>E11D7122-FF66-AA68-43A7-C32025C9C6E1</fkeyID>
</fkeys>
</FKArc>