<?xml version = '1.0' encoding = 'UTF-8'?>
<Relation class="oracle.dbtools.crest.model.design.logical.Relation" name="TABLE_9_MEDICO_FK" directorySegmentName="seg_0" id="1AAA68B3-1843-D0B2-D892-76BA941C8E1E">
<createdBy>milfernandez</createdBy>
<createdTime>2025-09-16 01:18:07 UTC</createdTime>
<generatorID>38F6E9B3-8326-CF2F-1F3A-7006D8A422B8</generatorID>
<ownerDesignName>semana 5</ownerDesignName>
<engineerTo>
<item key="AAE4C4EB-601B-0362-805C-EB62FBA01C9D" value="true"/>
</engineerTo>
<sourcePk>5FF528FD-3EC0-0065-2E20-04F86A26C75D</sourcePk>
<identifying>false</identifying>
<nameOnSource>realiza</nameOnSource>
<nameOnTarget>es realizada por</nameOnTarget>
<optionalSource>true</optionalSource>
<optionalTarget>false</optionalTarget>
<sourceCardinality>1</sourceCardinality>
<sourceEntity>681668E2-0369-DF0B-19AC-3DD0C0C16725</sourceEntity>
<targetCardinalityString>*</targetCardinalityString>
<targetEntity>D1695CAA-464E-70EF-5D72-94837CF70628</targetEntity>
<transferable>true</transferable>
<deleteRule>NO ACTION</deleteRule>
</Relation>