<?xml version = '1.0' encoding = 'UTF-8'?>
<Relation class="oracle.dbtools.crest.model.design.logical.Relation" name="TABLE_8_ESPECIALIDAD_FK" directorySegmentName="seg_0" id="54067234-5CB9-56EB-74FC-7CC732527E9F">
<createdBy>milfernandez</createdBy>
<createdTime>2025-09-16 01:18:07 UTC</createdTime>
<generatorID>2539D295-5359-7513-178A-3CBE0074FF7F</generatorID>
<ownerDesignName>semana 5</ownerDesignName>
<engineerTo>
<item key="AAE4C4EB-601B-0362-805C-EB62FBA01C9D" value="true"/>
</engineerTo>
<sourcePk>0035B8A1-06FB-AEE2-C02E-6860F8FC1D7F</sourcePk>
<identifying>false</identifying>
<nameOnSource>tiene médicos</nameOnSource>
<nameOnTarget>posee</nameOnTarget>
<optionalSource>true</optionalSource>
<optionalTarget>false</optionalTarget>
<sourceCardinality>1</sourceCardinality>
<sourceEntity>DF68C60B-EADC-36F0-3F40-A36BCB9DB080</sourceEntity>
<targetCardinalityString>*</targetCardinalityString>
<targetEntity>681668E2-0369-DF0B-19AC-3DD0C0C16725</targetEntity>
<transferable>true</transferable>
<deleteRule>NO ACTION</deleteRule>
</Relation>