<?xml version = '1.0' encoding = 'UTF-8'?>
<Relation class="oracle.dbtools.crest.model.design.logical.Relation" name="MEDICO_MEDICO_FK" directorySegmentName="seg_0" id="6234685A-187A-FA18-A288-03CED30173FE">
<createdBy>milfernandez</createdBy>
<createdTime>2025-09-16 01:18:07 UTC</createdTime>
<generatorID>C324257F-7785-F23F-CBC9-F5AC01EFAFFB</generatorID>
<ownerDesignName>semana 5</ownerDesignName>
<engineerTo>
<item key="AAE4C4EB-601B-0362-805C-EB62FBA01C9D" value="true"/>
</engineerTo>
<targetPk>5FF528FD-3EC0-0065-2E20-04F86A26C75D</targetPk>
<identifying>false</identifying>
<nameOnSource>supervisa</nameOnSource>
<nameOnTarget>es supervisado por</nameOnTarget>
<optionalSource>true</optionalSource>
<optionalTarget>false</optionalTarget>
<sourceCardinality>1</sourceCardinality>
<sourceEntity>681668E2-0369-DF0B-19AC-3DD0C0C16725</sourceEntity>
<targetCardinalityString>1</targetCardinalityString>
<targetEntity>681668E2-0369-DF0B-19AC-3DD0C0C16725</targetEntity>
<transferable>true</transferable>
<deleteRule>NO ACTION</deleteRule>
</Relation>