<?xml version = '1.0' encoding = 'UTF-8'?>
<Relation class="oracle.dbtools.crest.model.design.logical.Relation" name="TABLE_8_SALUD_FK" directorySegmentName="seg_0" id="74F8D08D-9A79-988F-8285-36B0375C4C6F">
<createdBy>milfernandez</createdBy>
<createdTime>2025-09-16 01:18:07 UTC</createdTime>
<generatorID>905B8431-C7C0-CED0-3367-E1C65F470E35</generatorID>
<ownerDesignName>semana 5</ownerDesignName>
<engineerTo>
<item key="AAE4C4EB-601B-0362-805C-EB62FBA01C9D" value="true"/>
</engineerTo>
<sourcePk>4E512B7B-D14F-161B-E850-D29853FE27D3</sourcePk>
<identifying>false</identifying>
<nameOnSource>cubre</nameOnSource>
<nameOnTarget>está adscrito a</nameOnTarget>
<optionalSource>true</optionalSource>
<optionalTarget>false</optionalTarget>
<sourceCardinality>1</sourceCardinality>
<sourceEntity>2A2BAE93-1044-2E54-2D2C-0E946B3A0DBA</sourceEntity>
<targetCardinalityString>*</targetCardinalityString>
<targetEntity>681668E2-0369-DF0B-19AC-3DD0C0C16725</targetEntity>
<transferable>true</transferable>
<deleteRule>NO ACTION</deleteRule>
</Relation>