<?xml version = '1.0' encoding = 'UTF-8'?>
<Relation class="oracle.dbtools.crest.model.design.logical.Relation" name="TABLE_9_PACIENTE_FK" directorySegmentName="seg_0" id="7FB27A61-9532-7912-841F-D5AE7733E116">
<createdBy>milfernandez</createdBy>
<createdTime>2025-09-16 01:18:07 UTC</createdTime>
<generatorID>53157C96-99BE-D485-BF7F-08E716CFD106</generatorID>
<ownerDesignName>semana 5</ownerDesignName>
<engineerTo>
<item key="AAE4C4EB-601B-0362-805C-EB62FBA01C9D" value="true"/>
</engineerTo>
<sourcePk>B0221F6B-0EEA-0BDB-6332-BBE69628AAED</sourcePk>
<identifying>false</identifying>
<nameOnSource>agenda</nameOnSource>
<nameOnTarget>registra</nameOnTarget>
<optionalSource>true</optionalSource>
<optionalTarget>false</optionalTarget>
<sourceCardinality>1</sourceCardinality>
<sourceEntity>84AEE76C-28BA-9E2B-0761-5D85DCB82B9A</sourceEntity>
<targetCardinalityString>*</targetCardinalityString>
<targetEntity>D1695CAA-464E-70EF-5D72-94837CF70628</targetEntity>
<transferable>true</transferable>
<deleteRule>NO ACTION</deleteRule>
</Relation>