<?xml version = '1.0' encoding = 'UTF-8'?>
<Relation class="oracle.dbtools.crest.model.design.logical.Relation" name="TABLE_12_EXAMEN_FK" directorySegmentName="seg_0" id="8CB0780F-8E48-1266-3806-E95D0B221A5E">
<createdBy>milfernandez</createdBy>
<createdTime>2025-09-16 01:18:07 UTC</createdTime>
<generatorID>72970B2A-50E1-F9DF-FA09-230DAD2060D1</generatorID>
<ownerDesignName>semana 5</ownerDesignName>
<engineerTo>
<item key="AAE4C4EB-601B-0362-805C-EB62FBA01C9D" value="true"/>
</engineerTo>
<sourcePk>90E8E9E0-8528-60B7-092C-5F88D1C570A4</sourcePk>
<identifying>true</identifying>
<optionalSource>true</optionalSource>
<optionalTarget>false</optionalTarget>
<sourceCardinality>1</sourceCardinality>
<sourceEntity>F9F4E123-02D2-42DA-B9A6-A13B9C25BA60</sourceEntity>
<targetCardinalityString>*</targetCardinalityString>
<targetEntity>7D251484-EE4A-4304-5A72-333AFC2ABA00</targetEntity>
<transferable>true</transferable>
<deleteRule>NO ACTION</deleteRule>
</Relation>