<?xml version = '1.0' encoding = 'UTF-8'?>
<Relation class="oracle.dbtools.crest.model.design.logical.Relation" name="COMUNA_REGION_FK" directorySegmentName="seg_0" id="8DB766C2-7613-4C95-F738-CD8E5C020B61">
<createdBy>milfernandez</createdBy>
<createdTime>2025-09-16 01:18:07 UTC</createdTime>
<generatorID>11F38783-39EF-A1EA-D83F-6831E2DF4C52</generatorID>
<ownerDesignName>semana 5</ownerDesignName>
<engineerTo>
<item key="AAE4C4EB-601B-0362-805C-EB62FBA01C9D" value="true"/>
</engineerTo>
<sourcePk>5C758F3E-BBB0-A670-408B-0920DCC09B27</sourcePk>
<identifying>true</identifying>
<nameOnSource>tiene</nameOnSource>
<nameOnTarget>pertenece a</nameOnTarget>
<optionalSource>true</optionalSource>
<optionalTarget>false</optionalTarget>
<sourceCardinality>1</sourceCardinality>
<sourceEntity>AD7EAC7E-0659-27F2-DE0B-3D9207F99E49</sourceEntity>
<targetCardinalityString>*</targetCardinalityString>
<targetEntity>AB3514E4-FBBE-8B8E-5AC6-1DBF162F5E5D</targetEntity>
<transferable>true</transferable>
<deleteRule>NO ACTION</deleteRule>
</Relation>