<?xml version = '1.0' encoding = 'UTF-8'?>
<Relation class="oracle.dbtools.crest.model.design.logical.Relation" name="TABLE_4_COMUNA_FK" directorySegmentName="seg_0" id="A9B81986-EF2B-A8F8-8928-C0BE50B11CF3">
<createdBy>milfernandez</createdBy>
<createdTime>2025-09-16 01:18:07 UTC</createdTime>
<generatorID>1F55A5D6-0E2A-4662-2E79-F1B8BEA71A3B</generatorID>
<ownerDesignName>semana 5</ownerDesignName>
<engineerTo>
<item key="AAE4C4EB-601B-0362-805C-EB62FBA01C9D" value="true"/>
</engineerTo>
<sourcePk>5688A23D-D9CB-E40B-7014-0AD732E74146</sourcePk>
<identifying>false</identifying>
<nameOnSource>tiene</nameOnSource>
<nameOnTarget>reside en</nameOnTarget>
<optionalSource>true</optionalSource>
<optionalTarget>false</optionalTarget>
<sourceCardinality>1</sourceCardinality>
<sourceEntity>AB3514E4-FBBE-8B8E-5AC6-1DBF162F5E5D</sourceEntity>
<targetCardinalityString>*</targetCardinalityString>
<targetEntity>84AEE76C-28BA-9E2B-0761-5D85DCB82B9A</targetEntity>
<transferable>true</transferable>
<deleteRule>NO ACTION</deleteRule>
</Relation>