<?xml version = '1.0' encoding = 'UTF-8'?>
<Relation class="oracle.dbtools.crest.model.design.logical.Relation" name="PAGO_ATENCION_ATENCION_FK" directorySegmentName="seg_0" id="A9B980C9-F60E-D23A-BAC8-212C182A17C0">
<createdBy>milfernandez</createdBy>
<createdTime>2025-09-16 01:18:07 UTC</createdTime>
<generatorID>9E063952-B18D-00F2-9455-897A5555E46B</generatorID>
<ownerDesignName>semana 5</ownerDesignName>
<engineerTo>
<item key="AAE4C4EB-601B-0362-805C-EB62FBA01C9D" value="true"/>
</engineerTo>
<sourcePk>89D53D77-B06C-6028-66FD-89B2EE4E4E6C</sourcePk>
<dominantRole>D1695CAA-464E-70EF-5D72-94837CF70628</dominantRole>
<identifying>false</identifying>
<nameOnSource>genera</nameOnSource>
<nameOnTarget>corresponde a</nameOnTarget>
<optionalSource>true</optionalSource>
<optionalTarget>false</optionalTarget>
<sourceCardinality>1</sourceCardinality>
<sourceEntity>D1695CAA-464E-70EF-5D72-94837CF70628</sourceEntity>
<targetCardinalityString>1</targetCardinalityString>
<targetEntity>DD089D97-532E-4D2D-B0CF-773E5090B610</targetEntity>
<transferable>true</transferable>
<deleteRule>NO ACTION</deleteRule>
</Relation>