<?xml version = '1.0' encoding = 'UTF-8'?>
<Relation class="oracle.dbtools.crest.model.design.logical.Relation" name="TABLE_8_AFP_FK" directorySegmentName="seg_0" id="B9ABD980-0E34-617B-DCF4-49ED62DC9000">
<createdBy>milfernandez</createdBy>
<createdTime>2025-09-16 01:18:07 UTC</createdTime>
<generatorID>4255AA14-FF5C-0A67-63ED-36A311BB07F6</generatorID>
<ownerDesignName>semana 5</ownerDesignName>
<engineerTo>
<item key="AAE4C4EB-601B-0362-805C-EB62FBA01C9D" value="true"/>
</engineerTo>
<sourcePk>D3315B49-CF26-4445-64AD-3648D244932C</sourcePk>
<identifying>false</identifying>
<nameOnSource>afilia</nameOnSource>
<nameOnTarget>está afiliado a</nameOnTarget>
<optionalSource>true</optionalSource>
<optionalTarget>false</optionalTarget>
<sourceCardinality>1</sourceCardinality>
<sourceEntity>C917CC24-D359-9970-1EE5-4C5B5CCFA720</sourceEntity>
<targetCardinalityString>*</targetCardinalityString>
<targetEntity>681668E2-0369-DF0B-19AC-3DD0C0C16725</targetEntity>
<transferable>true</transferable>
<deleteRule>NO ACTION</deleteRule>
</Relation>