<?xml version = '1.0' encoding = 'UTF-8'?>
<Relation class="oracle.dbtools.crest.model.design.logical.Relation" name="TABLE_12_ATENCION_FK" directorySegmentName="seg_0" id="CC9126F2-A25B-761B-2CED-4FFA8F49DE8C">
<createdBy>milfernandez</createdBy>
<createdTime>2025-09-16 01:18:07 UTC</createdTime>
<generatorID>506B52FE-A61A-FC87-39C0-C2500F6767F4</generatorID>
<ownerDesignName>semana 5</ownerDesignName>
<engineerTo>
<item key="AAE4C4EB-601B-0362-805C-EB62FBA01C9D" value="true"/>
</engineerTo>
<sourcePk>89D53D77-B06C-6028-66FD-89B2EE4E4E6C</sourcePk>
<identifying>true</identifying>
<nameOnSource>solicita</nameOnSource>
<nameOnTarget>es solicitado en</nameOnTarget>
<optionalSource>true</optionalSource>
<optionalTarget>false</optionalTarget>
<sourceCardinality>1</sourceCardinality>
<sourceEntity>D1695CAA-464E-70EF-5D72-94837CF70628</sourceEntity>
<targetCardinalityString>*</targetCardinalityString>
<targetEntity>7D251484-EE4A-4304-5A72-333AFC2ABA00</targetEntity>
<transferable>true</transferable>
<deleteRule>NO ACTION</deleteRule>
</Relation>