<?xml version = '1.0' encoding = 'UTF-8'?>
<Diagram class="oracle.dbtools.crest.swingui.logical.DPVLogicalSubView" name="Logical - SubView_1" id="0D932B5A-5673-3F7E-C50B-F069BFA565B6">
<createdBy>mily_</createdBy>
<modifiedBy>mily_</modifiedBy>
<createdTime>2025-10-12 15:47:34 UTC</createdTime>
<autoRoute>false</autoRoute>
<boxInbox>true</boxInbox>
<showLegend>false</showLegend>
<showLabels>false</showLabels>
<showRelAttributes>false</showRelAttributes>
<gridEnabled>false</gridEnabled>
<showGrid>false</showGrid>
<diagramColor>-1</diagramColor>
<display>false</display>
<notation>1</notation>
<objectViews>
<OView class="oracle.dbtools.crest.swingui.logical.TVEntity" oid="F6CB15ED-1247-F07E-7C9D-FE29055F1245" otype="Entity" vid="8AB6CF6B-0FA2-EB80-D38A-2F45E5B84B87">
<hideElementsInCurrentOnly>false</hideElementsInCurrentOnly>
<bounds x="901" y="424" width="427" height="338"/>
</OView>
</objectViews>
<connectors>
<Connector class="oracle.dbtools.crest.swingui.logical.TVRelation" oid="E02432BD-F3EB-9A01-F15A-72ED4C3A244C" otype="Relation" vid_source="8AB6CF6B-0FA2-EB80-D38A-2F45E5B84B87" vid_target="8AB6CF6B-0FA2-EB80-D38A-2F45E5B84B87">
<hideElementsInCurrentOnly>false</hideElementsInCurrentOnly>
<backgroundColor>-16777216</backgroundColor>
<lineWidth>1</lineWidth>
<points>
<point x="1328" y="622"/>
<point x="1903" y="622"/>
<point x="1903" y="1337"/>
<point x="1152" y="1337"/>
<point x="1152" y="762"/>
</points>
</Connector>
</connectors>
</Diagram>