<?xml version = '1.0' encoding = 'UTF-8'?>
<Diagram class="oracle.dbtools.crest.swingui.logical.DPVLogical" name="Logical" id="5EC48758-F67D-F7F7-7678-B6E7D943D9F2">
<createdBy>mily_</createdBy>
<modifiedBy>mily_</modifiedBy>
<createdTime>2025-10-12 14:27:11 UTC</createdTime>
<autoRoute>false</autoRoute>
<boxInbox>true</boxInbox>
<showLegend>false</showLegend>
<showLabels>true</showLabels>
<showRelAttributes>true</showRelAttributes>
<gridEnabled>false</gridEnabled>
<showGrid>false</showGrid>
<diagramColor>-1</diagramColor>
<display>false</display>
<notation>1</notation>
<objectViews>
<OView class="oracle.dbtools.crest.swingui.logical.TVEntity" oid="030AEB45-9DBA-8A9D-78D8-75C1CCD6F4E4" otype="Entity" vid="A9C7EB4E-6E47-EE98-CC8A-B7BD488700D6">
<hideElementsInCurrentOnly>false</hideElementsInCurrentOnly>
<bounds x="715" y="949" width="193" height="117"/>
</OView>
<OView class="oracle.dbtools.crest.swingui.logical.TVEntity" oid="0E0262A7-9B48-37F2-CD46-45A5701EADF1" otype="Entity" vid="DFF6FD6F-B111-FD26-8E8A-037F1D79971A">
<hideElementsInCurrentOnly>false</hideElementsInCurrentOnly>
<bounds x="376" y="788" width="311" height="147"/>
</OView>
<OView class="oracle.dbtools.crest.swingui.logical.TVEntity" oid="255E1C54-3095-1BDB-51D5-16023BE35D3B" otype="Entity" vid="9A6377A4-DFE7-60AE-D1F8-B15121CDE466">
<hideElementsInCurrentOnly>false</hideElementsInCurrentOnly>
<bounds x="1337" y="829" width="188" height="133"/>
</OView>
<OView class="oracle.dbtools.crest.swingui.logical.TVEntity" oid="35F0AAFF-1315-9C09-89BB-4E8AB7E7F1A3" otype="Entity" vid="1EABAC7A-0A5B-FAB6-FC9C-7ED8418CBD60">
<hideElementsInCurrentOnly>false</hideElementsInCurrentOnly>
<bounds x="366" y="510" width="468" height="210"/>
</OView>
<OView class="oracle.dbtools.crest.swingui.logical.TVEntity" oid="6D1FA657-E5ED-7551-5CB7-1B332FB36D6B" otype="Entity" vid="8F4B32FE-8818-4FF1-41A6-CECD9FD59545">
<hideElementsInCurrentOnly>false</hideElementsInCurrentOnly>
<bounds x="1149" y="242" width="203" height="114"/>
</OView>
<OView class="oracle.dbtools.crest.swingui.logical.TVEntity" oid="92D08851-BAA4-D480-803E-8335A0685C92" otype="Entity" vid="226CADF8-3AB7-2068-3A2C-EFC4C5BE6413">
<hideElementsInCurrentOnly>false</hideElementsInCurrentOnly>
<bounds x="28" y="34" width="263" height="126"/>
</OView>
<OView class="oracle.dbtools.crest.swingui.logical.TVEntity" oid="96481ACF-C4DD-8465-7DEB-1047939AD189" otype="Entity" vid="2D1B62B0-A5BB-BFD3-8D26-67451E437F5E">
<hideElementsInCurrentOnly>false</hideElementsInCurrentOnly>
<bounds x="1121" y="816" width="205" height="150"/>
</OView>
<OView class="oracle.dbtools.crest.swingui.logical.TVEntity" oid="96B9E53F-9077-D414-743C-3844F1317498" otype="Entity" vid="E4A19DA6-0D9A-C525-0AF7-E0220BD1B893">
<hideElementsInCurrentOnly>false</hideElementsInCurrentOnly>
<bounds x="889" y="240" width="237" height="118"/>
</OView>
<OView class="oracle.dbtools.crest.swingui.logical.TVEntity" oid="A2B5FB08-4EF3-6451-7D8A-DAAE475FD2C8" otype="Entity" vid="5C8CA0B5-3492-FA9F-D52A-51F49B0233C1">
<hideElementsInCurrentOnly>false</hideElementsInCurrentOnly>
<bounds x="0" y="424" width="303" height="491"/>
</OView>
<OView class="oracle.dbtools.crest.swingui.logical.TVEntity" oid="B080FE3B-48E6-625A-FADD-7253DF1DA14B" otype="Entity" vid="59403F26-852C-B740-EC23-AB2DA7089964">
<hideElementsInCurrentOnly>false</hideElementsInCurrentOnly>
<bounds x="393" y="36" width="264" height="133"/>
</OView>
<OView class="oracle.dbtools.crest.swingui.logical.TVEntity" oid="CA474AE9-29BF-3417-77AC-4DCD5BA02E4A" otype="Entity" vid="27992511-4BB9-E3FA-04B0-4E873D3325DB">
<hideElementsInCurrentOnly>false</hideElementsInCurrentOnly>
<bounds x="913" y="820" width="207" height="136"/>
</OView>
<OView class="oracle.dbtools.crest.swingui.logical.TVEntity" oid="EDD0B053-3AA6-B1AA-6808-6D059EB6FC65" otype="Entity" vid="D5CCA56D-3C46-4B5A-D203-97A63D1A35B6">
<hideElementsInCurrentOnly>false</hideElementsInCurrentOnly>
<bounds x="21" y="189" width="269" height="126"/>
</OView>
<OView class="oracle.dbtools.crest.swingui.logical.TVEntity" oid="F33652DA-F286-9A18-F581-277DE73E9BDB" otype="Entity" vid="F0B91958-767F-72E2-7C0C-C55BC8924138">
<hideElementsInCurrentOnly>false</hideElementsInCurrentOnly>
<bounds x="464" y="346" width="267" height="136"/>
</OView>
<OView class="oracle.dbtools.crest.swingui.logical.TVEntity" oid="F6CB15ED-1247-F07E-7C9D-FE29055F1245" otype="Entity" vid="CF057E60-1783-03FC-981E-6A1C3EA27614">
<hideElementsInCurrentOnly>false</hideElementsInCurrentOnly>
<bounds x="901" y="395" width="650" height="590"/>
</OView>
</objectViews>
<connectors>
<Connector class="oracle.dbtools.crest.swingui.logical.TVRelation" oid="20694C94-C68E-64C2-39A5-E7287B90488A" otype="Relation" vid_source="D5CCA56D-3C46-4B5A-D203-97A63D1A35B6" vid_target="5C8CA0B5-3492-FA9F-D52A-51F49B0233C1">
<hideElementsInCurrentOnly>false</hideElementsInCurrentOnly>
<backgroundColor>-16777216</backgroundColor>
<lineWidth>1</lineWidth>
<points>
<point x="155" y="315"/>
<point x="155" y="424"/>
</points>
</Connector>
<Connector class="oracle.dbtools.crest.swingui.logical.TVRelation" oid="32B6E837-BD5D-E636-0426-29577873E63B" otype="Relation" vid_source="F0B91958-767F-72E2-7C0C-C55BC8924138" vid_target="CF057E60-1783-03FC-981E-6A1C3EA27614">
<hideElementsInCurrentOnly>false</hideElementsInCurrentOnly>
<backgroundColor>-16777216</backgroundColor>
<lineWidth>1</lineWidth>
<points>
<point x="731" y="408"/>
<point x="901" y="408"/>
</points>
</Connector>
<Connector class="oracle.dbtools.crest.swingui.logical.TVInheritanceRelation" oid="5DBDE9DD-50F4-5E9F-7497-93DB9416B190" otype="Hierarchy relation" vid_source="CF057E60-1783-03FC-981E-6A1C3EA27614" vid_target="9A6377A4-DFE7-60AE-D1F8-B15121CDE466">
<hideElementsInCurrentOnly>false</hideElementsInCurrentOnly>
<backgroundColor>-65536</backgroundColor>
<lineWidth>1</lineWidth>
</Connector>
<Connector class="oracle.dbtools.crest.swingui.logical.TVRelation" oid="5F20373E-6FBF-0561-E635-76AE6E8C4C53" otype="Relation" vid_source="59403F26-852C-B740-EC23-AB2DA7089964" vid_target="F0B91958-767F-72E2-7C0C-C55BC8924138">
<hideElementsInCurrentOnly>false</hideElementsInCurrentOnly>
<backgroundColor>-16777216</backgroundColor>
<lineWidth>1</lineWidth>
<points>
<point x="560" y="169"/>
<point x="560" y="346"/>
</points>
</Connector>
<Connector class="oracle.dbtools.crest.swingui.logical.TVRelation" oid="6580807E-98E2-2EC6-0276-99A695B9DD46" otype="Relation" vid_source="27992511-4BB9-E3FA-04B0-4E873D3325DB" vid_target="DFF6FD6F-B111-FD26-8E8A-037F1D79971A">
<hideElementsInCurrentOnly>false</hideElementsInCurrentOnly>
<backgroundColor>-16777216</backgroundColor>
<lineWidth>1</lineWidth>
<points>
<point x="913" y="877"/>
<point x="687" y="877"/>
</points>
</Connector>
<Connector class="oracle.dbtools.crest.swingui.logical.TVRelation" oid="662AA7F3-8B3A-1BB1-6EA5-0F7E46AD21DE" otype="Relation" vid_source="E4A19DA6-0D9A-C525-0AF7-E0220BD1B893" vid_target="CF057E60-1783-03FC-981E-6A1C3EA27614">
<hideElementsInCurrentOnly>false</hideElementsInCurrentOnly>
<backgroundColor>-16777216</backgroundColor>
<lineWidth>1</lineWidth>
<points>
<point x="908" y="358"/>
<point x="908" y="395"/>
</points>
</Connector>
<Connector class="oracle.dbtools.crest.swingui.logical.TVRelation" oid="7CB86085-D8F9-3633-6B84-FFFB8B37DBCF" otype="Relation" vid_source="226CADF8-3AB7-2068-3A2C-EFC4C5BE6413" vid_target="59403F26-852C-B740-EC23-AB2DA7089964">
<hideElementsInCurrentOnly>false</hideElementsInCurrentOnly>
<backgroundColor>-16777216</backgroundColor>
<lineWidth>1</lineWidth>
<points>
<point x="291" y="98"/>
<point x="393" y="98"/>
</points>
</Connector>
<Connector class="oracle.dbtools.crest.swingui.logical.TVRelation" oid="7FC36E22-2CBC-5D36-4DAE-A5770F2AC6EC" otype="Relation" vid_source="8F4B32FE-8818-4FF1-41A6-CECD9FD59545" vid_target="CF057E60-1783-03FC-981E-6A1C3EA27614">
<hideElementsInCurrentOnly>false</hideElementsInCurrentOnly>
<backgroundColor>-16777216</backgroundColor>
<lineWidth>1</lineWidth>
<points>
<point x="1160" y="356"/>
<point x="1160" y="395"/>
</points>
</Connector>
<Connector class="oracle.dbtools.crest.swingui.logical.TVInheritanceRelation" oid="868B3868-404D-427C-FFB8-DCF6D79CCE57" otype="Hierarchy relation" vid_source="CF057E60-1783-03FC-981E-6A1C3EA27614" vid_target="27992511-4BB9-E3FA-04B0-4E873D3325DB">
<hideElementsInCurrentOnly>false</hideElementsInCurrentOnly>
<backgroundColor>-65536</backgroundColor>
<lineWidth>1</lineWidth>
</Connector>
<Connector class="oracle.dbtools.crest.swingui.logical.TVInheritanceRelation" oid="8769737C-CE5F-507C-5CA4-60CB9CD28221" otype="Hierarchy relation" vid_source="CF057E60-1783-03FC-981E-6A1C3EA27614" vid_target="2D1B62B0-A5BB-BFD3-8D26-67451E437F5E">
<hideElementsInCurrentOnly>false</hideElementsInCurrentOnly>
<backgroundColor>-65536</backgroundColor>
<lineWidth>1</lineWidth>
</Connector>
<Connector class="oracle.dbtools.crest.swingui.logical.TVRelation" oid="89F64B11-5FF9-3C30-F747-3A3C0C2975A7" otype="Relation" vid_source="F0B91958-767F-72E2-7C0C-C55BC8924138" vid_target="5C8CA0B5-3492-FA9F-D52A-51F49B0233C1">
<hideElementsInCurrentOnly>false</hideElementsInCurrentOnly>
<backgroundColor>-16777216</backgroundColor>
<lineWidth>1</lineWidth>
<points>
<point x="464" y="453"/>
<point x="303" y="453"/>
</points>
</Connector>
<Connector class="oracle.dbtools.crest.swingui.logical.TVRelation" oid="B820235B-D0E4-9124-58B9-9CCB832673B1" otype="Relation" vid_source="5C8CA0B5-3492-FA9F-D52A-51F49B0233C1" vid_target="DFF6FD6F-B111-FD26-8E8A-037F1D79971A">
<hideElementsInCurrentOnly>false</hideElementsInCurrentOnly>
<backgroundColor>-16777216</backgroundColor>
<lineWidth>1</lineWidth>
<points>
<point x="303" y="866"/>
<point x="376" y="866"/>
</points>
</Connector>
<Connector class="oracle.dbtools.crest.swingui.logical.TVRelation" oid="E02432BD-F3EB-9A01-F15A-72ED4C3A244C" otype="Relation" vid_source="CF057E60-1783-03FC-981E-6A1C3EA27614" vid_target="CF057E60-1783-03FC-981E-6A1C3EA27614">
<hideElementsInCurrentOnly>false</hideElementsInCurrentOnly>
<backgroundColor>-16777216</backgroundColor>
<lineWidth>1</lineWidth>
<points>
<point x="1551" y="742"/>
<point x="1589" y="742"/>
<point x="1590" y="1006"/>
<point x="1308" y="1006"/>
<point x="1308" y="985"/>
</points>
</Connector>
<Connector class="oracle.dbtools.crest.swingui.logical.TVRelation" oid="E0AEAEDC-58A2-3A94-13B2-1D8DA5D0930D" otype="Relation" vid_source="5C8CA0B5-3492-FA9F-D52A-51F49B0233C1" vid_target="1EABAC7A-0A5B-FAB6-FC9C-7ED8418CBD60">
<hideElementsInCurrentOnly>false</hideElementsInCurrentOnly>
<backgroundColor>-16777216</backgroundColor>
<lineWidth>1</lineWidth>
<points>
<point x="303" y="615"/>
<point x="366" y="615"/>
</points>
</Connector>
<Connector class="oracle.dbtools.crest.swingui.logical.TVRelation" oid="EA1E54A9-4397-7ABC-A4A5-AC8064313A17" otype="Relation" vid_source="CF057E60-1783-03FC-981E-6A1C3EA27614" vid_target="1EABAC7A-0A5B-FAB6-FC9C-7ED8418CBD60">
<hideElementsInCurrentOnly>false</hideElementsInCurrentOnly>
<backgroundColor>-16777216</backgroundColor>
<lineWidth>1</lineWidth>
<points>
<point x="901" y="540"/>
<point x="834" y="540"/>
</points>
</Connector>
<Connector class="oracle.dbtools.crest.swingui.logical.TVRelation" oid="F7088CDD-35EB-C976-6BE2-EB91A4FFCE98" otype="Relation" vid_source="A9C7EB4E-6E47-EE98-CC8A-B7BD488700D6" vid_target="1EABAC7A-0A5B-FAB6-FC9C-7ED8418CBD60">
<hideElementsInCurrentOnly>false</hideElementsInCurrentOnly>
<backgroundColor>-16777216</backgroundColor>
<lineWidth>1</lineWidth>
<points>
<point x="774" y="949"/>
<point x="774" y="720"/>
</points>
</Connector>
</connectors>
</Diagram>