<?xml version = '1.0' encoding = 'UTF-8'?>
<relationalModel class="oracle.dbtools.crest.model.design.relational.RelationalDesign" name="Relational_2" id="C14A3F7F-C075-2B26-F4C4-86332B559F90" mainViewID="CF1BDB0D-D347-C090-CFEF-02462B00B88E">
<createdBy>milfernandez</createdBy>
<createdTime>2025-09-01 21:21:28 UTC</createdTime>
<ownerDesignName>Tarea semana 3</ownerDesignName>
<shouldBeOpen>false</shouldBeOpen>
<selectedRDBMSSite>32076570-2523-435C-2E92-BF29817DFF70</selectedRDBMSSite>
</relationalModel>