<?xml version = '1.0' encoding = 'UTF-8'?>
<Relation class="oracle.dbtools.crest.model.design.logical.Relation" name="MAQUINA TIPO MAQUINA FK" directorySegmentName="seg_0" id="20694C94-C68E-64C2-39A5-E7287B90488A">
<createdBy>mily_</createdBy>
<createdTime>2025-10-12 15:01:03 UTC</createdTime>
<ownerDesignName>Fase 1 y 2</ownerDesignName>
<engineerTo>
<item key="C7255D90-E931-C901-ECB8-DCDFEBFAA6EB" value="true"/>
</engineerTo>
<sourcePk>F789D4FA-6C0B-23C7-C5A9-0C00565C11DD</sourcePk>
<identifying>false</identifying>
<optionalSource>true</optionalSource>
<optionalTarget>false</optionalTarget>
<sourceCardinality>1</sourceCardinality>
<sourceEntity>EDD0B053-3AA6-B1AA-6808-6D059EB6FC65</sourceEntity>
<targetCardinalityString>*</targetCardinalityString>
<targetEntity>A2B5FB08-4EF3-6451-7D8A-DAAE475FD2C8</targetEntity>
<transferable>true</transferable>
<deleteRule>NO ACTION</deleteRule>
</Relation>