<?xml version = '1.0' encoding = 'UTF-8'?>
<Relation class="oracle.dbtools.crest.model.design.logical.Relation" name="EMPLEADO PLANTA FK" directorySegmentName="seg_0" id="32B6E837-BD5D-E636-0426-29577873E63B">
<createdBy>mily_</createdBy>
<createdTime>2025-10-12 15:10:00 UTC</createdTime>
<ownerDesignName>Fase 1 y 2</ownerDesignName>
<engineerTo>
<item key="C7255D90-E931-C901-ECB8-DCDFEBFAA6EB" value="true"/>
</engineerTo>
<sourcePk>C8BF4B9F-DF38-8E50-EE7F-502B3EE15EA8</sourcePk>
<identifying>false</identifying>
<optionalSource>true</optionalSource>
<optionalTarget>false</optionalTarget>
<sourceCardinality>1</sourceCardinality>
<sourceEntity>F33652DA-F286-9A18-F581-277DE73E9BDB</sourceEntity>
<targetCardinalityString>*</targetCardinalityString>
<targetEntity>F6CB15ED-1247-F07E-7C9D-FE29055F1245</targetEntity>
<transferable>true</transferable>
<deleteRule>NO ACTION</deleteRule>
</Relation>