<?xml version = '1.0' encoding = 'UTF-8'?>
<Relation class="oracle.dbtools.crest.model.design.logical.Relation" name="PLANTA COMUNA FK" directorySegmentName="seg_0" id="5F20373E-6FBF-0561-E635-76AE6E8C4C53">
<createdBy>mily_</createdBy>
<createdTime>2025-10-12 14:39:21 UTC</createdTime>
<ownerDesignName>Fase 1 y 2</ownerDesignName>
<engineerTo>
<item key="C7255D90-E931-C901-ECB8-DCDFEBFAA6EB" value="true"/>
</engineerTo>
<sourcePk>5060EACD-44D8-5C09-6D6B-8C1C7079CC35</sourcePk>
<identifying>false</identifying>
<nameOnSource>Ubicada en</nameOnSource>
<optionalSource>true</optionalSource>
<optionalTarget>false</optionalTarget>
<sourceCardinality>1</sourceCardinality>
<sourceEntity>B080FE3B-48E6-625A-FADD-7253DF1DA14B</sourceEntity>
<targetCardinalityString>*</targetCardinalityString>
<targetEntity>F33652DA-F286-9A18-F581-277DE73E9BDB</targetEntity>
<transferable>true</transferable>
<deleteRule>NO ACTION</deleteRule>
</Relation>