<?xml version = '1.0' encoding = 'UTF-8'?>
<Relation class="oracle.dbtools.crest.model.design.logical.Relation" name="MANTENCION TECNICO MANT FK" directorySegmentName="seg_0" id="6580807E-98E2-2EC6-0276-99A695B9DD46">
<createdBy>mily_</createdBy>
<createdTime>2025-10-12 19:38:26 UTC</createdTime>
<ownerDesignName>Fase 1 y 2</ownerDesignName>
<engineerTo>
<item key="C7255D90-E931-C901-ECB8-DCDFEBFAA6EB" value="true"/>
</engineerTo>
<sourcePk>7B85CDE4-5312-7816-DC90-2B9EF6C6EA97</sourcePk>
<identifying>false</identifying>
<optionalSource>true</optionalSource>
<optionalTarget>false</optionalTarget>
<sourceCardinality>1</sourceCardinality>
<sourceEntity>CA474AE9-29BF-3417-77AC-4DCD5BA02E4A</sourceEntity>
<targetCardinalityString>*</targetCardinalityString>
<targetEntity>0E0262A7-9B48-37F2-CD46-45A5701EADF1</targetEntity>
<transferable>true</transferable>
<deleteRule>NO ACTION</deleteRule>
</Relation>