<?xml version = '1.0' encoding = 'UTF-8'?>
<Relation class="oracle.dbtools.crest.model.design.logical.Relation" name="EMPLEADO SALUD FK" directorySegmentName="seg_0" id="662AA7F3-8B3A-1BB1-6EA5-0F7E46AD21DE">
<createdBy>mily_</createdBy>
<createdTime>2025-10-12 15:10:05 UTC</createdTime>
<ownerDesignName>Fase 1 y 2</ownerDesignName>
<engineerTo>
<item key="C7255D90-E931-C901-ECB8-DCDFEBFAA6EB" value="true"/>
</engineerTo>
<sourcePk>F0362DA1-6369-2EC0-2BE8-EE04FC9AAA53</sourcePk>
<identifying>false</identifying>
<optionalSource>true</optionalSource>
<optionalTarget>false</optionalTarget>
<sourceCardinality>1</sourceCardinality>
<sourceEntity>96B9E53F-9077-D414-743C-3844F1317498</sourceEntity>
<targetCardinalityString>*</targetCardinalityString>
<targetEntity>F6CB15ED-1247-F07E-7C9D-FE29055F1245</targetEntity>
<transferable>true</transferable>
<deleteRule>NO ACTION</deleteRule>
</Relation>