<?xml version = '1.0' encoding = 'UTF-8'?>
<Relation class="oracle.dbtools.crest.model.design.logical.Relation" name="COMUNA REGION FK" directorySegmentName="seg_0" id="7CB86085-D8F9-3633-6B84-FFFB8B37DBCF">
<createdBy>mily_</createdBy>
<createdTime>2025-10-12 14:36:53 UTC</createdTime>
<ownerDesignName>Fase 1 y 2</ownerDesignName>
<engineerTo>
<item key="C7255D90-E931-C901-ECB8-DCDFEBFAA6EB" value="true"/>
</engineerTo>
<sourcePk>576975A6-7CB7-C2A6-3479-F9FDD99F6C24</sourcePk>
<identifying>false</identifying>
<optionalSource>true</optionalSource>
<optionalTarget>false</optionalTarget>
<sourceCardinality>1</sourceCardinality>
<sourceEntity>92D08851-BAA4-D480-803E-8335A0685C92</sourceEntity>
<targetCardinalityString>*</targetCardinalityString>
<targetEntity>B080FE3B-48E6-625A-FADD-7253DF1DA14B</targetEntity>
<transferable>true</transferable>
<deleteRule>NO ACTION</deleteRule>
</Relation>