<?xml version = '1.0' encoding = 'UTF-8'?>
<Relation class="oracle.dbtools.crest.model.design.logical.Relation" name="EMPLEADO AFP FK" directorySegmentName="seg_0" id="7FC36E22-2CBC-5D36-4DAE-A5770F2AC6EC">
<createdBy>mily_</createdBy>
<createdTime>2025-10-12 15:10:13 UTC</createdTime>
<ownerDesignName>Fase 1 y 2</ownerDesignName>
<engineerTo>
<item key="C7255D90-E931-C901-ECB8-DCDFEBFAA6EB" value="true"/>
</engineerTo>
<sourcePk>4088C1F1-2EF0-3C78-6254-1D4B800EE6DB</sourcePk>
<identifying>false</identifying>
<optionalSource>true</optionalSource>
<optionalTarget>false</optionalTarget>
<sourceCardinality>1</sourceCardinality>
<sourceEntity>6D1FA657-E5ED-7551-5CB7-1B332FB36D6B</sourceEntity>
<targetCardinalityString>*</targetCardinalityString>
<targetEntity>F6CB15ED-1247-F07E-7C9D-FE29055F1245</targetEntity>
<transferable>true</transferable>
<deleteRule>NO ACTION</deleteRule>
</Relation>