<?xml version = '1.0' encoding = 'UTF-8'?>
<Relation class="oracle.dbtools.crest.model.design.logical.Relation" name="MAQUINA PLANTA FK" directorySegmentName="seg_0" id="89F64B11-5FF9-3C30-F747-3A3C0C2975A7">
<createdBy>mily_</createdBy>
<createdTime>2025-10-12 14:51:34 UTC</createdTime>
<ownerDesignName>Fase 1 y 2</ownerDesignName>
<engineerTo>
<item key="C7255D90-E931-C901-ECB8-DCDFEBFAA6EB" value="true"/>
</engineerTo>
<sourcePk>C8BF4B9F-DF38-8E50-EE7F-502B3EE15EA8</sourcePk>
<identifying>true</identifying>
<optionalSource>true</optionalSource>
<optionalTarget>false</optionalTarget>
<sourceCardinality>1</sourceCardinality>
<sourceEntity>F33652DA-F286-9A18-F581-277DE73E9BDB</sourceEntity>
<targetCardinalityString>*</targetCardinalityString>
<targetEntity>A2B5FB08-4EF3-6451-7D8A-DAAE475FD2C8</targetEntity>
<transferable>true</transferable>
<deleteRule>NO ACTION</deleteRule>
</Relation>