<?xml version = '1.0' encoding = 'UTF-8'?>
<Relation class="oracle.dbtools.crest.model.design.logical.Relation" name="MANTENCION MAQUINA FK" directorySegmentName="seg_0" id="B820235B-D0E4-9124-58B9-9CCB832673B1">
<createdBy>mily_</createdBy>
<createdTime>2025-10-12 15:38:05 UTC</createdTime>
<ownerDesignName>Fase 1 y 2</ownerDesignName>
<engineerTo>
<item key="C7255D90-E931-C901-ECB8-DCDFEBFAA6EB" value="true"/>
</engineerTo>
<sourcePk>84A0867F-ABAC-A049-370B-69F5913C129C</sourcePk>
<identifying>false</identifying>
<optionalSource>true</optionalSource>
<optionalTarget>false</optionalTarget>
<sourceCardinality>1</sourceCardinality>
<sourceEntity>A2B5FB08-4EF3-6451-7D8A-DAAE475FD2C8</sourceEntity>
<targetCardinalityString>*</targetCardinalityString>
<targetEntity>0E0262A7-9B48-37F2-CD46-45A5701EADF1</targetEntity>
<transferable>true</transferable>
<deleteRule>NO ACTION</deleteRule>
</Relation>