<?xml version = '1.0' encoding = 'UTF-8'?>
<Relation class="oracle.dbtools.crest.model.design.logical.Relation" name="EMPLEADO_JEFE" directorySegmentName="seg_0" id="E02432BD-F3EB-9A01-F15A-72ED4C3A244C">
<createdBy>mily_</createdBy>
<createdTime>2025-10-12 19:59:34 UTC</createdTime>
<ownerDesignName>Fase 1 y 2</ownerDesignName>
<engineerTo>
<item key="C7255D90-E931-C901-ECB8-DCDFEBFAA6EB" value="true"/>
</engineerTo>
<targetPk>7B85CDE4-5312-7816-DC90-2B9EF6C6EA97</targetPk>
<identifying>false</identifying>
<optionalSource>true</optionalSource>
<optionalTarget>false</optionalTarget>
<sourceCardinality>*</sourceCardinality>
<sourceEntity>F6CB15ED-1247-F07E-7C9D-FE29055F1245</sourceEntity>
<targetCardinalityString>1</targetCardinalityString>
<targetEntity>F6CB15ED-1247-F07E-7C9D-FE29055F1245</targetEntity>
<transferable>true</transferable>
<deleteRule>NO ACTION</deleteRule>
</Relation>