<?xml version = '1.0' encoding = 'UTF-8'?>
<Relation class="oracle.dbtools.crest.model.design.logical.Relation" name="ASIGNACION TURNO MAQUINA FK" directorySegmentName="seg_0" id="E0AEAEDC-58A2-3A94-13B2-1D8DA5D0930D">
<createdBy>mily_</createdBy>
<createdTime>2025-10-12 15:28:14 UTC</createdTime>
<ownerDesignName>Fase 1 y 2</ownerDesignName>
<engineerTo>
<item key="C7255D90-E931-C901-ECB8-DCDFEBFAA6EB" value="true"/>
</engineerTo>
<sourcePk>84A0867F-ABAC-A049-370B-69F5913C129C</sourcePk>
<identifying>false</identifying>
<optionalSource>true</optionalSource>
<optionalTarget>false</optionalTarget>
<sourceCardinality>1</sourceCardinality>
<sourceEntity>A2B5FB08-4EF3-6451-7D8A-DAAE475FD2C8</sourceEntity>
<targetCardinalityString>*</targetCardinalityString>
<targetEntity>35F0AAFF-1315-9C09-89BB-4E8AB7E7F1A3</targetEntity>
<transferable>true</transferable>
<deleteRule>NO ACTION</deleteRule>
</Relation>