<?xml version = '1.0' encoding = 'UTF-8'?>
<Relation class="oracle.dbtools.crest.model.design.logical.Relation" name="ASIGNACION TURNO EMPLEADO FK" directorySegmentName="seg_0" id="EA1E54A9-4397-7ABC-A4A5-AC8064313A17">
<createdBy>mily_</createdBy>
<createdTime>2025-10-12 15:27:21 UTC</createdTime>
<ownerDesignName>Fase 1 y 2</ownerDesignName>
<engineerTo>
<item key="C7255D90-E931-C901-ECB8-DCDFEBFAA6EB" value="true"/>
</engineerTo>
<sourcePk>7B85CDE4-5312-7816-DC90-2B9EF6C6EA97</sourcePk>
<identifying>false</identifying>
<optionalSource>true</optionalSource>
<optionalTarget>false</optionalTarget>
<sourceCardinality>1</sourceCardinality>
<sourceEntity>F6CB15ED-1247-F07E-7C9D-FE29055F1245</sourceEntity>
<targetCardinalityString>*</targetCardinalityString>
<targetEntity>35F0AAFF-1315-9C09-89BB-4E8AB7E7F1A3</targetEntity>
<transferable>true</transferable>
<deleteRule>NO ACTION</deleteRule>
</Relation>