<?xml version = '1.0' encoding = 'UTF-8'?>
<Relation class="oracle.dbtools.crest.model.design.logical.Relation" name="ASIGNACION TURNO TURNO FK" directorySegmentName="seg_0" id="F7088CDD-35EB-C976-6BE2-EB91A4FFCE98">
<createdBy>mily_</createdBy>
<createdTime>2025-10-12 15:27:32 UTC</createdTime>
<ownerDesignName>Fase 1 y 2</ownerDesignName>
<engineerTo>
<item key="C7255D90-E931-C901-ECB8-DCDFEBFAA6EB" value="true"/>
</engineerTo>
<sourcePk>7BE2884E-CAD1-3ED0-502F-7A3080F0B7DA</sourcePk>
<identifying>false</identifying>
<optionalSource>true</optionalSource>
<optionalTarget>false</optionalTarget>
<sourceCardinality>1</sourceCardinality>
<sourceEntity>030AEB45-9DBA-8A9D-78D8-75C1CCD6F4E4</sourceEntity>
<targetCardinalityString>*</targetCardinalityString>
<targetEntity>35F0AAFF-1315-9C09-89BB-4E8AB7E7F1A3</targetEntity>
<transferable>true</transferable>
<deleteRule>NO ACTION</deleteRule>
</Relation>