<?xml version = '1.0' encoding = 'UTF-8'?>
<Relation class="oracle.dbtools.crest.model.design.logical.InheritanceRelation" name="Hierarchy_4" directorySegmentName="seg_0" id="941A962D-91F0-96FE-005B-96364D182DCD">
<createdBy>milfernandez</createdBy>
<createdTime>2025-09-01 19:28:05 UTC</createdTime>
<ownerDesignName>exptest</ownerDesignName>
<engineerTo>
<item key="C14A3F7F-C075-2B26-F4C4-86332B559F90" value="true"/>
<item key="E55491FF-277C-6A09-09AE-1BC802D4EF89" value="true"/>
</engineerTo>
<identifying>false</identifying>
<nameOnSource>Super Type</nameOnSource>
<nameOnTarget>Sub Type</nameOnTarget>
<optionalSource>true</optionalSource>
<optionalTarget>true</optionalTarget>
<sourceEntity>A3CA9B98-4B7F-75CB-6AC3-F3CE4A0E6464</sourceEntity>
<targetEntity>33FFF21F-8F4C-660A-329A-64C76EAFADAC</targetEntity>
<transferable>true</transferable>
<deleteRule>NO ACTION</deleteRule>
</Relation>