<?xml version = '1.0' encoding = 'UTF-8'?>
<Relation class="oracle.dbtools.crest.model.design.logical.InheritanceRelation" name="Hierarchy_1" directorySegmentName="seg_0" id="96E33E4A-FC6E-3070-BACB-BD99694CE061">
<createdBy>milfernandez</createdBy>
<createdTime>2025-09-01 19:18:10 UTC</createdTime>
<ownerDesignName>exptest</ownerDesignName>
<engineerTo>
<item key="C14A3F7F-C075-2B26-F4C4-86332B559F90" value="true"/>
<item key="E55491FF-277C-6A09-09AE-1BC802D4EF89" value="true"/>
</engineerTo>
<identifying>false</identifying>
<nameOnSource>Super Type</nameOnSource>
<nameOnTarget>Sub Type</nameOnTarget>
<optionalSource>true</optionalSource>
<optionalTarget>true</optionalTarget>
<sourceEntity>567733AF-F72A-D752-503B-1EEABC19D437</sourceEntity>
<targetEntity>6E5D8CB3-4559-BF08-501D-9A7620FACC20</targetEntity>
<transferable>true</transferable>
<deleteRule>NO ACTION</deleteRule>
</Relation>