<?xml version = '1.0' encoding = 'UTF-8'?>
<Relation class="oracle.dbtools.crest.model.design.logical.InheritanceRelation" name="Hierarchy_2" directorySegmentName="seg_0" id="DD351382-2675-7DB3-A172-ABA79E84012A">
<createdBy>milfernandez</createdBy>
<createdTime>2025-09-01 19:18:28 UTC</createdTime>
<ownerDesignName>exptest</ownerDesignName>
<engineerTo>
<item key="C14A3F7F-C075-2B26-F4C4-86332B559F90" value="true"/>
<item key="E55491FF-277C-6A09-09AE-1BC802D4EF89" value="true"/>
</engineerTo>
<identifying>false</identifying>
<nameOnSource>Super Type</nameOnSource>
<nameOnTarget>Sub Type</nameOnTarget>
<optionalSource>true</optionalSource>
<optionalTarget>true</optionalTarget>
<sourceEntity>567733AF-F72A-D752-503B-1EEABC19D437</sourceEntity>
<targetEntity>05A498E7-28C3-A24A-CABD-6B3C5EF5EF48</targetEntity>
<transferable>true</transferable>
<deleteRule>NO ACTION</deleteRule>
</Relation>