<?xml version = '1.0' encoding = 'UTF-8'?>
<Table class="oracle.dbtools.crest.model.design.relational.Table" directorySegmentName="seg_0" id="3802C6DC-628C-7F81-1D8F-B5FDC303562A" name="EXAMEN">
<createdBy>milfernandez</createdBy>
<createdTime>2025-09-16 01:05:05 UTC</createdTime>
<ownerDesignName>semana 5</ownerDesignName>
<ordsAlias>table_11</ordsAlias>
<allowColumnReorder>false</allowColumnReorder>
<existDependencyGenerateInDDl>true</existDependencyGenerateInDDl>
<parsed>true</parsed>
<columns itemClass="oracle.dbtools.crest.model.design.relational.Column">
<Column name="id_examen" id="A0D5373E-B5E9-C9F4-4E98-2476C7043A9E">
<createdBy>milfernandez</createdBy>
<createdTime>2025-09-16 01:06:15 UTC</createdTime>
<ownerDesignName>semana 5</ownerDesignName>
<useDomainConstraints>false</useDomainConstraints>
<use>1</use>
<logicalDatatype>LOGDT019</logicalDatatype>
<dataTypePrecision>5</dataTypePrecision>
<ownDataTypeParameters>,5,</ownDataTypeParameters>
<autoIncrementCycle>false</autoIncrementCycle>
</Column>
<Column name="nombre_examen" id="0123AE97-C769-8671-5E98-E526660888D4">
<createdBy>milfernandez</createdBy>
<createdTime>2025-09-16 01:06:15 UTC</createdTime>
<ownerDesignName>semana 5</ownerDesignName>
<useDomainConstraints>false</useDomainConstraints>
<use>1</use>
<logicalDatatype>LOGDT024</logicalDatatype>
<dataTypeSize>80</dataTypeSize>
<ownDataTypeParameters>80,,</ownDataTypeParameters>
<autoIncrementCycle>false</autoIncrementCycle>
</Column>
<Column name="tipo_muestra" id="550D482F-AD33-ED13-95A2-FC52D8161FDB">
<createdBy>milfernandez</createdBy>
<createdTime>2025-09-16 01:06:15 UTC</createdTime>
<ownerDesignName>semana 5</ownerDesignName>
<useDomainConstraints>false</useDomainConstraints>
<use>1</use>
<logicalDatatype>LOGDT024</logicalDatatype>
<dataTypeSize>40</dataTypeSize>
<ownDataTypeParameters>40,,</ownDataTypeParameters>
<autoIncrementCycle>false</autoIncrementCycle>
</Column>
<Column name="condiciones" id="C78BE3E7-9535-6051-47E8-B51CF6C9B74B">
<createdBy>milfernandez</createdBy>
<createdTime>2025-09-16 01:06:15 UTC</createdTime>
<ownerDesignName>semana 5</ownerDesignName>
<nullsAllowed>true</nullsAllowed>
<useDomainConstraints>false</useDomainConstraints>
<use>1</use>
<logicalDatatype>LOGDT024</logicalDatatype>
<dataTypeSize>120</dataTypeSize>
<ownDataTypeParameters>120,,</ownDataTypeParameters>
<autoIncrementCycle>false</autoIncrementCycle>
</Column>
</columns>
<indexes itemClass="oracle.dbtools.crest.model.design.relational.Index">
<ind_PK_UK id="B987ADE7-07E1-6906-DD2C-E7B9910C2314" name="EXAMEN_PK">
<createdBy>milfernandez</createdBy>
<createdTime>2025-09-16 01:06:15 UTC</createdTime>
<ownerDesignName>semana 5</ownerDesignName>
<pk>true</pk>
<indexState>Primary Constraint</indexState>
<isSurrogateKey>false</isSurrogateKey>
<indexColumnUsage>
<colUsage columnID="A0D5373E-B5E9-C9F4-4E98-2476C7043A9E"/>
</indexColumnUsage>
</ind_PK_UK>
<ind_PK_UK id="0EA22C21-384E-EA22-06A2-5A2EBD2FF853" name="EXAMEN__UN">
<createdBy>milfernandez</createdBy>
<createdTime>2025-09-16 01:06:15 UTC</createdTime>
<ownerDesignName>semana 5</ownerDesignName>
<indexState>Unique Constraint</indexState>
<isSurrogateKey>false</isSurrogateKey>
<indexColumnUsage>
<colUsage columnID="0123AE97-C769-8671-5E98-E526660888D4"/>
</indexColumnUsage>
</ind_PK_UK>
</indexes>
</Table>