<?xml version = '1.0' encoding = 'UTF-8'?>
<Table class="oracle.dbtools.crest.model.design.relational.Table" directorySegmentName="seg_0" id="4FA670B6-42B8-4CE4-3DC9-8388FD0B5E28" name="REGION">
<createdBy>milfernandez</createdBy>
<createdTime>2025-09-16 00:39:38 UTC</createdTime>
<ownerDesignName>semana 5</ownerDesignName>
<ordsAlias>table_2</ordsAlias>
<allowColumnReorder>false</allowColumnReorder>
<existDependencyGenerateInDDl>true</existDependencyGenerateInDDl>
<parsed>true</parsed>
<columns itemClass="oracle.dbtools.crest.model.design.relational.Column">
<Column name="id_region" id="36C1CAB9-D020-910B-DCC7-8375BF92A07B">
<createdBy>milfernandez</createdBy>
<createdTime>2025-09-16 00:40:46 UTC</createdTime>
<ownerDesignName>semana 5</ownerDesignName>
<useDomainConstraints>false</useDomainConstraints>
<use>1</use>
<logicalDatatype>LOGDT019</logicalDatatype>
<dataTypePrecision>4</dataTypePrecision>
<ownDataTypeParameters>,4,</ownDataTypeParameters>
<autoIncrementCycle>false</autoIncrementCycle>
</Column>
<Column name="nombre_region" id="B60417DF-664F-758F-2809-A0ED9EE0709B">
<createdBy>milfernandez</createdBy>
<createdTime>2025-09-16 00:40:46 UTC</createdTime>
<ownerDesignName>semana 5</ownerDesignName>
<useDomainConstraints>false</useDomainConstraints>
<use>1</use>
<logicalDatatype>LOGDT024</logicalDatatype>
<dataTypeSize>50</dataTypeSize>
<ownDataTypeParameters>50,,</ownDataTypeParameters>
<autoIncrementCycle>false</autoIncrementCycle>
</Column>
</columns>
<indexes itemClass="oracle.dbtools.crest.model.design.relational.Index">
<ind_PK_UK id="E5A449B6-A1FF-F31B-16D2-E304B8E156F2" name="REGION_PK">
<createdBy>milfernandez</createdBy>
<createdTime>2025-09-16 00:40:46 UTC</createdTime>
<ownerDesignName>semana 5</ownerDesignName>
<pk>true</pk>
<indexState>Primary Constraint</indexState>
<isSurrogateKey>false</isSurrogateKey>
<indexColumnUsage>
<colUsage columnID="36C1CAB9-D020-910B-DCC7-8375BF92A07B"/>
</indexColumnUsage>
</ind_PK_UK>
<ind_PK_UK id="ABA3DB7F-6364-CD6A-0ED9-6420F731392C" name="REGION__UN">
<createdBy>milfernandez</createdBy>
<createdTime>2025-09-16 00:40:46 UTC</createdTime>
<ownerDesignName>semana 5</ownerDesignName>
<indexState>Unique Constraint</indexState>
<isSurrogateKey>false</isSurrogateKey>
<indexColumnUsage>
<colUsage columnID="B60417DF-664F-758F-2809-A0ED9EE0709B"/>
</indexColumnUsage>
</ind_PK_UK>
</indexes>
</Table>