<?xml version = '1.0' encoding = 'UTF-8'?>
<Table class="oracle.dbtools.crest.model.design.relational.Table" directorySegmentName="seg_0" id="591F5F39-20AC-8186-51FA-06018595055E" name="COMUNA">
<createdBy>milfernandez</createdBy>
<createdTime>2025-09-16 00:41:08 UTC</createdTime>
<ownerDesignName>semana 5</ownerDesignName>
<ordsAlias>table_3</ordsAlias>
<allowColumnReorder>false</allowColumnReorder>
<existDependencyGenerateInDDl>true</existDependencyGenerateInDDl>
<parsed>true</parsed>
<columns itemClass="oracle.dbtools.crest.model.design.relational.Column">
<Column name="id_comuna" id="20E56765-4961-9024-B9FA-27F63E2A1952">
<createdBy>milfernandez</createdBy>
<createdTime>2025-09-16 00:45:04 UTC</createdTime>
<ownerDesignName>semana 5</ownerDesignName>
<useDomainConstraints>false</useDomainConstraints>
<use>1</use>
<logicalDatatype>LOGDT019</logicalDatatype>
<dataTypePrecision>4</dataTypePrecision>
<ownDataTypeParameters>,4,</ownDataTypeParameters>
<autoIncrementCycle>false</autoIncrementCycle>
</Column>
<Column name="nombre_comuna" id="FA273AD3-5363-B411-4A2D-AA7443D304F8">
<createdBy>milfernandez</createdBy>
<createdTime>2025-09-16 00:45:04 UTC</createdTime>
<ownerDesignName>semana 5</ownerDesignName>
<useDomainConstraints>false</useDomainConstraints>
<use>1</use>
<logicalDatatype>LOGDT024</logicalDatatype>
<dataTypeSize>50</dataTypeSize>
<ownDataTypeParameters>50,,</ownDataTypeParameters>
<autoIncrementCycle>false</autoIncrementCycle>
</Column>
<Column name="id_region" id="408F4AFE-5CAD-7BD6-7683-66EE2F22BFC0">
<createdBy>milfernandez</createdBy>
<createdTime>2025-09-16 00:45:04 UTC</createdTime>
<ownerDesignName>semana 5</ownerDesignName>
<useDomainConstraints>false</useDomainConstraints>
<use>1</use>
<logicalDatatype>LOGDT019</logicalDatatype>
<dataTypePrecision>4</dataTypePrecision>
<ownDataTypeParameters>,4,</ownDataTypeParameters>
<autoIncrementCycle>false</autoIncrementCycle>
<associations>
<colAssociation fkAssociation="11F38783-39EF-A1EA-D83F-6831E2DF4C52" referredColumn="36C1CAB9-D020-910B-DCC7-8375BF92A07B"/>
</associations>
</Column>
</columns>
<indexes itemClass="oracle.dbtools.crest.model.design.relational.Index">
<ind_PK_UK id="184CAF70-2ADF-F36A-57F5-CAE1295F1298" name="COMUNA_PK">
<createdBy>milfernandez</createdBy>
<createdTime>2025-09-16 00:45:04 UTC</createdTime>
<ownerDesignName>semana 5</ownerDesignName>
<pk>true</pk>
<indexState>Primary Constraint</indexState>
<isSurrogateKey>false</isSurrogateKey>
<indexColumnUsage>
<colUsage columnID="20E56765-4961-9024-B9FA-27F63E2A1952"/>
</indexColumnUsage>
</ind_PK_UK>
<ind_PK_UK id="B4602E0A-AB26-9D95-0123-20E9066FE1B3" name="COMUNA__UN">
<createdBy>milfernandez</createdBy>
<createdTime>2025-09-16 00:45:04 UTC</createdTime>
<ownerDesignName>semana 5</ownerDesignName>
<indexState>Unique Constraint</indexState>
<isSurrogateKey>false</isSurrogateKey>
<indexColumnUsage>
<colUsage columnID="FA273AD3-5363-B411-4A2D-AA7443D304F8"/>
</indexColumnUsage>
</ind_PK_UK>
<ind_PK_UK id="24CAA074-EDFF-2A25-D74F-9D3801E4B474" name="COMUNA_REGION_FK">
<createdBy>milfernandez</createdBy>
<createdTime>2025-09-16 00:45:59 UTC</createdTime>
<ownerDesignName>semana 5</ownerDesignName>
<indexState>Foreign Key</indexState>
<isSurrogateKey>false</isSurrogateKey>
<indexColumnUsage>
<colUsage columnID="408F4AFE-5CAD-7BD6-7683-66EE2F22BFC0"/>
</indexColumnUsage>
</ind_PK_UK>
</indexes>
</Table>