<?xml version = '1.0' encoding = 'UTF-8'?>
<Table class="oracle.dbtools.crest.model.design.relational.Table" directorySegmentName="seg_0" id="73DA98E1-BAA1-FA3C-790C-0A29A5CE8DFD" name="PACIENTE">
<createdBy>milfernandez</createdBy>
<createdTime>2025-09-16 00:46:51 UTC</createdTime>
<ownerDesignName>semana 5</ownerDesignName>
<ordsAlias>table_4</ordsAlias>
<allowColumnReorder>false</allowColumnReorder>
<existDependencyGenerateInDDl>true</existDependencyGenerateInDDl>
<parsed>true</parsed>
<columns itemClass="oracle.dbtools.crest.model.design.relational.Column">
<Column name="rut_paciente" id="96FF277D-4DBB-E0C4-930E-14A8EB85608A">
<createdBy>milfernandez</createdBy>
<createdTime>2025-09-16 00:50:45 UTC</createdTime>
<ownerDesignName>semana 5</ownerDesignName>
<useDomainConstraints>false</useDomainConstraints>
<use>1</use>
<logicalDatatype>LOGDT024</logicalDatatype>
<dataTypeSize>12</dataTypeSize>
<ownDataTypeParameters>12,,</ownDataTypeParameters>
<autoIncrementCycle>false</autoIncrementCycle>
</Column>
<Column name="nombre_completo" id="AA76137D-06ED-E8F0-B5F9-9FEA2D4E7550">
<createdBy>milfernandez</createdBy>
<createdTime>2025-09-16 00:50:45 UTC</createdTime>
<ownerDesignName>semana 5</ownerDesignName>
<useDomainConstraints>false</useDomainConstraints>
<use>1</use>
<logicalDatatype>LOGDT024</logicalDatatype>
<dataTypeSize>100</dataTypeSize>
<ownDataTypeParameters>100,,</ownDataTypeParameters>
<autoIncrementCycle>false</autoIncrementCycle>
</Column>
<Column name="sexo" id="991AF51B-4786-A285-A570-D7B0BDA4104E">
<createdBy>milfernandez</createdBy>
<createdTime>2025-09-16 00:50:45 UTC</createdTime>
<ownerDesignName>semana 5</ownerDesignName>
<useDomainConstraints>false</useDomainConstraints>
<use>1</use>
<logicalDatatype>LOGDT024</logicalDatatype>
<dataTypeSize>1</dataTypeSize>
<ownDataTypeParameters>1,,</ownDataTypeParameters>
<autoIncrementCycle>false</autoIncrementCycle>
</Column>
<Column name="fecha_nacimiento" id="746089FB-EA92-899A-AAF3-09998816D18C">
<createdBy>milfernandez</createdBy>
<createdTime>2025-09-16 00:50:45 UTC</createdTime>
<ownerDesignName>semana 5</ownerDesignName>
<useDomainConstraints>false</useDomainConstraints>
<use>1</use>
<logicalDatatype>LOGDT007</logicalDatatype>
<ownDataTypeParameters>,,</ownDataTypeParameters>
<autoIncrementCycle>false</autoIncrementCycle>
</Column>
<Column name="direccion" id="1A1665B3-1301-2F53-74F0-147AE8AE7BB1">
<createdBy>milfernandez</createdBy>
<createdTime>2025-09-16 00:50:45 UTC</createdTime>
<ownerDesignName>semana 5</ownerDesignName>
<useDomainConstraints>false</useDomainConstraints>
<use>1</use>
<logicalDatatype>LOGDT024</logicalDatatype>
<dataTypeSize>120</dataTypeSize>
<ownDataTypeParameters>120,,</ownDataTypeParameters>
<autoIncrementCycle>false</autoIncrementCycle>
</Column>
<Column name="tipo_usuario" id="2156C482-42AB-5404-045F-2E2A435D9D7B">
<createdBy>milfernandez</createdBy>
<createdTime>2025-09-16 00:50:45 UTC</createdTime>
<ownerDesignName>semana 5</ownerDesignName>
<useDomainConstraints>false</useDomainConstraints>
<use>1</use>
<logicalDatatype>LOGDT024</logicalDatatype>
<dataTypeSize>20</dataTypeSize>
<ownDataTypeParameters>20,,</ownDataTypeParameters>
<autoIncrementCycle>false</autoIncrementCycle>
</Column>
<Column name="id_comuna" id="127AE61E-9713-E0A4-2045-AC913003E29E">
<createdBy>milfernandez</createdBy>
<createdTime>2025-09-16 00:50:45 UTC</createdTime>
<ownerDesignName>semana 5</ownerDesignName>
<useDomainConstraints>false</useDomainConstraints>
<use>1</use>
<logicalDatatype>LOGDT019</logicalDatatype>
<dataTypePrecision>4</dataTypePrecision>
<ownDataTypeParameters>,4,</ownDataTypeParameters>
<autoIncrementCycle>false</autoIncrementCycle>
<associations>
<colAssociation fkAssociation="1F55A5D6-0E2A-4662-2E79-F1B8BEA71A3B" referredColumn="20E56765-4961-9024-B9FA-27F63E2A1952"/>
</associations>
</Column>
</columns>
<indexes itemClass="oracle.dbtools.crest.model.design.relational.Index">
<ind_PK_UK id="C6DE81FE-5DEA-4AE3-0AAC-13FE5CA94CF6" name="PACIENTE_PK">
<createdBy>milfernandez</createdBy>
<createdTime>2025-09-16 00:50:45 UTC</createdTime>
<ownerDesignName>semana 5</ownerDesignName>
<pk>true</pk>
<indexState>Primary Constraint</indexState>
<isSurrogateKey>false</isSurrogateKey>
<indexColumnUsage>
<colUsage columnID="96FF277D-4DBB-E0C4-930E-14A8EB85608A"/>
</indexColumnUsage>
</ind_PK_UK>
<ind_PK_UK id="56E38F01-4E50-B9CC-352E-A12FFB6D3F94" name="PACIENTE__UN">
<createdBy>milfernandez</createdBy>
<createdTime>2025-09-16 00:50:45 UTC</createdTime>
<ownerDesignName>semana 5</ownerDesignName>
<indexState>Unique Constraint</indexState>
<isSurrogateKey>false</isSurrogateKey>
<indexColumnUsage>
<colUsage columnID="96FF277D-4DBB-E0C4-930E-14A8EB85608A"/>
</indexColumnUsage>
</ind_PK_UK>
<ind_PK_UK id="4AE94E77-8370-EED5-AEB3-822DA5331DE9" name="TABLE_4_COMUNA_FK">
<createdBy>milfernandez</createdBy>
<createdTime>2025-09-16 00:50:45 UTC</createdTime>
<ownerDesignName>semana 5</ownerDesignName>
<indexState>Foreign Key</indexState>
<isSurrogateKey>false</isSurrogateKey>
<indexColumnUsage>
<colUsage columnID="127AE61E-9713-E0A4-2045-AC913003E29E"/>
</indexColumnUsage>
</ind_PK_UK>
</indexes>
<tableCheckConstraints itemClass="oracle.dbtools.crest.model.design.constraint.TableLevelConstraint">
<tableCheckConstraint name="PACIENTE_CK_1" directorySegmentName="seg_0" id="5BAB6FC7-4866-C006-2AA5-E9AB20D13694">
<createdBy>milfernandez</createdBy>
<createdTime>2025-09-16 00:50:45 UTC</createdTime>
<ownerDesignName>semana 5</ownerDesignName>
<rule><![CDATA[sexo IN ('M','F','O')]]></rule>
</tableCheckConstraint>
<tableCheckConstraint name="PACIENTE_CK_2" directorySegmentName="seg_0" id="A2814A5F-0837-87F2-8B44-041D76C795FF">
<createdBy>milfernandez</createdBy>
<createdTime>2025-09-16 00:50:45 UTC</createdTime>
<ownerDesignName>semana 5</ownerDesignName>
<rule><![CDATA[tipo_usuario IN ('Estudiante','Funcionario','Externo')]]></rule>
</tableCheckConstraint>
</tableCheckConstraints>
</Table>