<?xml version = '1.0' encoding = 'UTF-8'?>
<Table class="oracle.dbtools.crest.model.design.relational.Table" directorySegmentName="seg_0" id="848FCD95-5DD9-4079-8F9A-BE1A7D822198" name="PAGO_ATENCION">
<createdBy>milfernandez</createdBy>
<createdTime>2025-09-16 01:02:52 UTC</createdTime>
<ownerDesignName>semana 5</ownerDesignName>
<ordsAlias>table_10</ordsAlias>
<allowColumnReorder>false</allowColumnReorder>
<existDependencyGenerateInDDl>true</existDependencyGenerateInDDl>
<parsed>true</parsed>
<columns itemClass="oracle.dbtools.crest.model.design.relational.Column">
<Column name="id_pago" id="9179542E-BE5A-FE2B-01AC-D0CD85096852">
<createdBy>milfernandez</createdBy>
<createdTime>2025-09-16 01:04:36 UTC</createdTime>
<ownerDesignName>semana 5</ownerDesignName>
<useDomainConstraints>false</useDomainConstraints>
<use>1</use>
<logicalDatatype>LOGDT019</logicalDatatype>
<dataTypePrecision>6</dataTypePrecision>
<ownDataTypeParameters>,6,</ownDataTypeParameters>
<autoIncrementCycle>false</autoIncrementCycle>
</Column>
<Column name="monto" id="01F011C3-4F7A-CD77-63B5-07E7EB67541C">
<createdBy>milfernandez</createdBy>
<createdTime>2025-09-16 01:04:36 UTC</createdTime>
<ownerDesignName>semana 5</ownerDesignName>
<useDomainConstraints>false</useDomainConstraints>
<use>1</use>
<logicalDatatype>LOGDT019</logicalDatatype>
<dataTypePrecision>10</dataTypePrecision>
<dataTypeScale>2</dataTypeScale>
<ownDataTypeParameters>,10,2</ownDataTypeParameters>
<autoIncrementCycle>false</autoIncrementCycle>
</Column>
<Column name="tipo_pago" id="290A0AE0-4F94-BD6F-8AB2-3C775CD383F1">
<createdBy>milfernandez</createdBy>
<createdTime>2025-09-16 01:04:36 UTC</createdTime>
<ownerDesignName>semana 5</ownerDesignName>
<useDomainConstraints>false</useDomainConstraints>
<use>1</use>
<logicalDatatype>LOGDT024</logicalDatatype>
<dataTypeSize>20</dataTypeSize>
<ownDataTypeParameters>20,,</ownDataTypeParameters>
<autoIncrementCycle>false</autoIncrementCycle>
</Column>
<Column name="id_atencion" id="234C7367-9203-3B85-6BE8-2DAB9CF24261">
<createdBy>milfernandez</createdBy>
<createdTime>2025-09-16 01:04:36 UTC</createdTime>
<ownerDesignName>semana 5</ownerDesignName>
<useDomainConstraints>false</useDomainConstraints>
<use>1</use>
<logicalDatatype>LOGDT019</logicalDatatype>
<dataTypePrecision>6</dataTypePrecision>
<ownDataTypeParameters>,,</ownDataTypeParameters>
<autoIncrementCycle>false</autoIncrementCycle>
<associations>
<colAssociation fkAssociation="9E063952-B18D-00F2-9455-897A5555E46B" referredColumn="71E18363-8F17-5F68-BB74-F1612072440D"/>
</associations>
</Column>
</columns>
<indexes itemClass="oracle.dbtools.crest.model.design.relational.Index">
<ind_PK_UK id="5F274568-F399-79AB-50A4-40FC99363997" name="PAGO_ATENCION_PK">
<createdBy>milfernandez</createdBy>
<createdTime>2025-09-16 01:04:36 UTC</createdTime>
<ownerDesignName>semana 5</ownerDesignName>
<pk>true</pk>
<indexState>Primary Constraint</indexState>
<isSurrogateKey>false</isSurrogateKey>
<indexColumnUsage>
<colUsage columnID="9179542E-BE5A-FE2B-01AC-D0CD85096852"/>
</indexColumnUsage>
</ind_PK_UK>
<ind_PK_UK id="79BA5F97-E67C-DE40-5AC5-AC11FF1A640A" name="PAGO_ATENCION__UN">
<createdBy>milfernandez</createdBy>
<createdTime>2025-09-16 01:04:52 UTC</createdTime>
<ownerDesignName>semana 5</ownerDesignName>
<indexState>Unique Constraint</indexState>
<isSurrogateKey>false</isSurrogateKey>
<indexColumnUsage>
<colUsage columnID="234C7367-9203-3B85-6BE8-2DAB9CF24261"/>
</indexColumnUsage>
</ind_PK_UK>
<ind_PK_UK id="0C1BE57A-34DC-7266-FB00-21FEF37A8389" name="PAGO_ATENCION_ATENCION_FK">
<createdBy>milfernandez</createdBy>
<createdTime>2025-09-16 01:04:36 UTC</createdTime>
<ownerDesignName>semana 5</ownerDesignName>
<indexState>Foreign Key</indexState>
<isSurrogateKey>false</isSurrogateKey>
<indexColumnUsage>
<colUsage columnID="234C7367-9203-3B85-6BE8-2DAB9CF24261"/>
</indexColumnUsage>
</ind_PK_UK>
</indexes>
<tableCheckConstraints itemClass="oracle.dbtools.crest.model.design.constraint.TableLevelConstraint">
<tableCheckConstraint name="PAGO_ATENCION_CK_1" directorySegmentName="seg_0" id="CEE2874D-DA97-74F0-6540-FF0EC9151DD8">
<createdBy>milfernandez</createdBy>
<createdTime>2025-09-16 01:04:36 UTC</createdTime>
<ownerDesignName>semana 5</ownerDesignName>
<rule><![CDATA[monto > 0]]></rule>
</tableCheckConstraint>
<tableCheckConstraint name="PAGO_ATENCION_CK_2" directorySegmentName="seg_0" id="DD87344E-CC89-66F3-2293-C121D1A84735">
<createdBy>milfernandez</createdBy>
<createdTime>2025-09-16 01:04:36 UTC</createdTime>
<ownerDesignName>semana 5</ownerDesignName>
<rule><![CDATA[tipo_pago IN ('Efectivo','Tarjeta','Convenio')]]></rule>
</tableCheckConstraint>
</tableCheckConstraints>
</Table>