<?xml version = '1.0' encoding = 'UTF-8'?>
<Table class="oracle.dbtools.crest.model.design.relational.Table" directorySegmentName="seg_0" id="A85D7082-17DE-DA06-AFA6-3D07619FF51A" name="ESPECIALIDAD">
<createdBy>milfernandez</createdBy>
<createdTime>2025-09-16 00:51:23 UTC</createdTime>
<ownerDesignName>semana 5</ownerDesignName>
<ordsAlias>table_5</ordsAlias>
<allowColumnReorder>false</allowColumnReorder>
<existDependencyGenerateInDDl>true</existDependencyGenerateInDDl>
<parsed>true</parsed>
<columns itemClass="oracle.dbtools.crest.model.design.relational.Column">
<Column name="id_especialidad" id="B2840F98-B1EB-7DDC-B972-E995B82223A2">
<createdBy>milfernandez</createdBy>
<createdTime>2025-09-16 00:52:28 UTC</createdTime>
<ownerDesignName>semana 5</ownerDesignName>
<useDomainConstraints>false</useDomainConstraints>
<use>1</use>
<logicalDatatype>LOGDT019</logicalDatatype>
<dataTypePrecision>4</dataTypePrecision>
<ownDataTypeParameters>,4,</ownDataTypeParameters>
<autoIncrementCycle>false</autoIncrementCycle>
</Column>
<Column name="nombre_especialidad" id="430E8196-50C8-FD1E-ACA5-8F9199CD2851">
<createdBy>milfernandez</createdBy>
<createdTime>2025-09-16 00:52:28 UTC</createdTime>
<ownerDesignName>semana 5</ownerDesignName>
<useDomainConstraints>false</useDomainConstraints>
<use>1</use>
<logicalDatatype>LOGDT024</logicalDatatype>
<dataTypeSize>60</dataTypeSize>
<ownDataTypeParameters>60,,</ownDataTypeParameters>
<autoIncrementCycle>false</autoIncrementCycle>
</Column>
</columns>
<indexes itemClass="oracle.dbtools.crest.model.design.relational.Index">
<ind_PK_UK id="A0F5E4D8-4C5C-EABE-390D-E47B6F1E0EEA" name="ESPECIALIDAD_PK">
<createdBy>milfernandez</createdBy>
<createdTime>2025-09-16 00:52:28 UTC</createdTime>
<ownerDesignName>semana 5</ownerDesignName>
<pk>true</pk>
<indexState>Primary Constraint</indexState>
<isSurrogateKey>false</isSurrogateKey>
<indexColumnUsage>
<colUsage columnID="B2840F98-B1EB-7DDC-B972-E995B82223A2"/>
</indexColumnUsage>
</ind_PK_UK>
<ind_PK_UK id="ABB7E30D-0F0F-EBE7-212C-508F4749CA0E" name="ESPECIALIDAD__UN">
<createdBy>milfernandez</createdBy>
<createdTime>2025-09-16 00:52:28 UTC</createdTime>
<ownerDesignName>semana 5</ownerDesignName>
<indexState>Unique Constraint</indexState>
<isSurrogateKey>false</isSurrogateKey>
<indexColumnUsage>
<colUsage columnID="430E8196-50C8-FD1E-ACA5-8F9199CD2851"/>
</indexColumnUsage>
</ind_PK_UK>
</indexes>
</Table>