<?xml version = '1.0' encoding = 'UTF-8'?>
<Table class="oracle.dbtools.crest.model.design.relational.Table" directorySegmentName="seg_0" id="C8F2BCD5-1FD5-CEC8-A601-8F13EFEDB5C5" name="MEDICO">
<createdBy>milfernandez</createdBy>
<createdTime>2025-09-16 00:56:42 UTC</createdTime>
<ownerDesignName>semana 5</ownerDesignName>
<ordsAlias>table_8</ordsAlias>
<allowColumnReorder>false</allowColumnReorder>
<existDependencyGenerateInDDl>true</existDependencyGenerateInDDl>
<parsed>true</parsed>
<columns itemClass="oracle.dbtools.crest.model.design.relational.Column">
<Column name="rut_medico" id="A559C10D-F2DC-1F88-E470-367DE67D8DB9">
<createdBy>milfernandez</createdBy>
<createdTime>2025-09-16 00:59:48 UTC</createdTime>
<ownerDesignName>semana 5</ownerDesignName>
<useDomainConstraints>false</useDomainConstraints>
<use>1</use>
<logicalDatatype>LOGDT024</logicalDatatype>
<dataTypeSize>12</dataTypeSize>
<ownDataTypeParameters>12,,</ownDataTypeParameters>
<autoIncrementCycle>false</autoIncrementCycle>
<associations>
<colAssociation fkAssociation="C324257F-7785-F23F-CBC9-F5AC01EFAFFB" referredColumn="A559C10D-F2DC-1F88-E470-367DE67D8DB9"/>
</associations>
</Column>
<Column name="nombre_completo" id="6310F8B9-44BF-B04C-D9BD-9547733CEFC1">
<createdBy>milfernandez</createdBy>
<createdTime>2025-09-16 00:59:48 UTC</createdTime>
<ownerDesignName>semana 5</ownerDesignName>
<useDomainConstraints>false</useDomainConstraints>
<use>1</use>
<logicalDatatype>LOGDT024</logicalDatatype>
<dataTypeSize>100</dataTypeSize>
<ownDataTypeParameters>100,,</ownDataTypeParameters>
<autoIncrementCycle>false</autoIncrementCycle>
</Column>
<Column name="fecha_ingreso" id="C11F63F8-34B0-3320-6C7C-358FD00DA796">
<createdBy>milfernandez</createdBy>
<createdTime>2025-09-16 00:59:48 UTC</createdTime>
<ownerDesignName>semana 5</ownerDesignName>
<useDomainConstraints>false</useDomainConstraints>
<use>1</use>
<logicalDatatype>LOGDT007</logicalDatatype>
<ownDataTypeParameters>,,</ownDataTypeParameters>
<autoIncrementCycle>false</autoIncrementCycle>
</Column>
<Column name="id_especialidad" id="09DE9ECE-465F-0344-CF3D-665B1289466B">
<createdBy>milfernandez</createdBy>
<createdTime>2025-09-16 00:59:48 UTC</createdTime>
<ownerDesignName>semana 5</ownerDesignName>
<useDomainConstraints>false</useDomainConstraints>
<use>1</use>
<logicalDatatype>LOGDT019</logicalDatatype>
<dataTypePrecision>4</dataTypePrecision>
<ownDataTypeParameters>,,</ownDataTypeParameters>
<autoIncrementCycle>false</autoIncrementCycle>
<associations>
<colAssociation fkAssociation="2539D295-5359-7513-178A-3CBE0074FF7F" referredColumn="B2840F98-B1EB-7DDC-B972-E995B82223A2"/>
</associations>
</Column>
<Column name="id_afp" id="6352234E-769B-7F96-C827-8D1F73E56C88">
<createdBy>milfernandez</createdBy>
<createdTime>2025-09-16 00:59:48 UTC</createdTime>
<ownerDesignName>semana 5</ownerDesignName>
<useDomainConstraints>false</useDomainConstraints>
<use>1</use>
<logicalDatatype>LOGDT019</logicalDatatype>
<dataTypePrecision>4</dataTypePrecision>
<ownDataTypeParameters>,,</ownDataTypeParameters>
<autoIncrementCycle>false</autoIncrementCycle>
<associations>
<colAssociation fkAssociation="4255AA14-FF5C-0A67-63ED-36A311BB07F6" referredColumn="97900432-203F-9B8B-E7BF-0A9636E0C7DE"/>
</associations>
</Column>
<Column name="id_salud" id="6E892EFA-B211-FCD0-57EC-F310932C32AA">
<createdBy>milfernandez</createdBy>
<createdTime>2025-09-16 00:59:48 UTC</createdTime>
<ownerDesignName>semana 5</ownerDesignName>
<useDomainConstraints>false</useDomainConstraints>
<use>1</use>
<logicalDatatype>LOGDT019</logicalDatatype>
<dataTypePrecision>4</dataTypePrecision>
<ownDataTypeParameters>,,</ownDataTypeParameters>
<autoIncrementCycle>false</autoIncrementCycle>
<associations>
<colAssociation fkAssociation="905B8431-C7C0-CED0-3367-E1C65F470E35" referredColumn="068128B3-EABD-AA12-D934-7D306989DEB1"/>
</associations>
</Column>
<Column name="rut_supervisor" id="FE0720A8-FAC6-E54F-AC1B-7E92863BE4FB">
<createdBy>milfernandez</createdBy>
<createdTime>2025-09-16 00:59:48 UTC</createdTime>
<ownerDesignName>semana 5</ownerDesignName>
<nullsAllowed>true</nullsAllowed>
<useDomainConstraints>false</useDomainConstraints>
<use>1</use>
<logicalDatatype>LOGDT024</logicalDatatype>
<dataTypeSize>12</dataTypeSize>
<ownDataTypeParameters>12,,</ownDataTypeParameters>
<autoIncrementCycle>false</autoIncrementCycle>
</Column>
</columns>
<indexes itemClass="oracle.dbtools.crest.model.design.relational.Index">
<ind_PK_UK id="E8033114-264A-9F9C-31DB-661C8D4CE84C" name="MEDICO_PK">
<createdBy>milfernandez</createdBy>
<createdTime>2025-09-16 00:59:48 UTC</createdTime>
<ownerDesignName>semana 5</ownerDesignName>
<pk>true</pk>
<indexState>Primary Constraint</indexState>
<isSurrogateKey>false</isSurrogateKey>
<indexColumnUsage>
<colUsage columnID="A559C10D-F2DC-1F88-E470-367DE67D8DB9"/>
</indexColumnUsage>
</ind_PK_UK>
<ind_PK_UK id="EED8FACC-41A6-7E52-BBAA-5D0BC66E897A" name="MEDICO__UN">
<createdBy>milfernandez</createdBy>
<createdTime>2025-09-16 00:59:48 UTC</createdTime>
<ownerDesignName>semana 5</ownerDesignName>
<indexState>Unique Constraint</indexState>
<isSurrogateKey>false</isSurrogateKey>
<indexColumnUsage>
<colUsage columnID="A559C10D-F2DC-1F88-E470-367DE67D8DB9"/>
</indexColumnUsage>
</ind_PK_UK>
<ind_PK_UK id="3DCBCBFA-98FF-2A86-948F-6F87DF06FA17" name="TABLE_8_ESPECIALIDAD_FK">
<createdBy>milfernandez</createdBy>
<createdTime>2025-09-16 00:59:48 UTC</createdTime>
<ownerDesignName>semana 5</ownerDesignName>
<indexState>Foreign Key</indexState>
<isSurrogateKey>false</isSurrogateKey>
<indexColumnUsage>
<colUsage columnID="09DE9ECE-465F-0344-CF3D-665B1289466B"/>
</indexColumnUsage>
</ind_PK_UK>
<ind_PK_UK id="1EECDC65-E593-3176-2275-7FF61D579224" name="TABLE_8_AFP_FK">
<createdBy>milfernandez</createdBy>
<createdTime>2025-09-16 00:59:48 UTC</createdTime>
<ownerDesignName>semana 5</ownerDesignName>
<indexState>Foreign Key</indexState>
<isSurrogateKey>false</isSurrogateKey>
<indexColumnUsage>
<colUsage columnID="6352234E-769B-7F96-C827-8D1F73E56C88"/>
</indexColumnUsage>
</ind_PK_UK>
<ind_PK_UK id="51375995-EAE8-9660-2095-DF1786D67179" name="TABLE_8_SALUD_FK">
<createdBy>milfernandez</createdBy>
<createdTime>2025-09-16 00:59:48 UTC</createdTime>
<ownerDesignName>semana 5</ownerDesignName>
<indexState>Foreign Key</indexState>
<isSurrogateKey>false</isSurrogateKey>
<indexColumnUsage>
<colUsage columnID="6E892EFA-B211-FCD0-57EC-F310932C32AA"/>
</indexColumnUsage>
</ind_PK_UK>
<ind_PK_UK id="1C4A9A71-40AB-49AE-90EA-D2A62371688F" name="MEDICO_MEDICO_FK">
<createdBy>milfernandez</createdBy>
<createdTime>2025-09-16 01:00:22 UTC</createdTime>
<ownerDesignName>semana 5</ownerDesignName>
<indexState>Foreign Key</indexState>
<isSurrogateKey>false</isSurrogateKey>
<indexColumnUsage>
<colUsage columnID="A559C10D-F2DC-1F88-E470-367DE67D8DB9"/>
</indexColumnUsage>
</ind_PK_UK>
</indexes>
</Table>