<?xml version = '1.0' encoding = 'UTF-8'?>
<Table class="oracle.dbtools.crest.model.design.relational.Table" directorySegmentName="seg_0" id="C9C28BFC-ACA7-12D5-5A4F-C74B84168776" name="AFP">
<createdBy>milfernandez</createdBy>
<createdTime>2025-09-16 00:54:24 UTC</createdTime>
<ownerDesignName>semana 5</ownerDesignName>
<ordsAlias>table_6</ordsAlias>
<allowColumnReorder>false</allowColumnReorder>
<existDependencyGenerateInDDl>true</existDependencyGenerateInDDl>
<parsed>true</parsed>
<columns itemClass="oracle.dbtools.crest.model.design.relational.Column">
<Column name="id_afp" id="97900432-203F-9B8B-E7BF-0A9636E0C7DE">
<createdBy>milfernandez</createdBy>
<createdTime>2025-09-16 00:55:32 UTC</createdTime>
<ownerDesignName>semana 5</ownerDesignName>
<useDomainConstraints>false</useDomainConstraints>
<use>1</use>
<logicalDatatype>LOGDT019</logicalDatatype>
<dataTypePrecision>4</dataTypePrecision>
<ownDataTypeParameters>,4,</ownDataTypeParameters>
<autoIncrementCycle>false</autoIncrementCycle>
</Column>
<Column name="nombre_afp" id="EEC9482E-29AC-45E3-FFEF-3A1128789791">
<createdBy>milfernandez</createdBy>
<createdTime>2025-09-16 00:55:32 UTC</createdTime>
<ownerDesignName>semana 5</ownerDesignName>
<useDomainConstraints>false</useDomainConstraints>
<use>1</use>
<logicalDatatype>LOGDT024</logicalDatatype>
<dataTypeSize>50</dataTypeSize>
<ownDataTypeParameters>50,,</ownDataTypeParameters>
<autoIncrementCycle>false</autoIncrementCycle>
</Column>
</columns>
<indexes itemClass="oracle.dbtools.crest.model.design.relational.Index">
<ind_PK_UK id="FE629FAC-168D-BB62-44D0-17EDEFEB5448" name="AFP_PK">
<createdBy>milfernandez</createdBy>
<createdTime>2025-09-16 00:55:32 UTC</createdTime>
<ownerDesignName>semana 5</ownerDesignName>
<pk>true</pk>
<indexState>Primary Constraint</indexState>
<isSurrogateKey>false</isSurrogateKey>
<indexColumnUsage>
<colUsage columnID="97900432-203F-9B8B-E7BF-0A9636E0C7DE"/>
</indexColumnUsage>
</ind_PK_UK>
<ind_PK_UK id="682FEE48-4A3D-6DE9-A9E8-33C174BF1E88" name="AFP__UN">
<createdBy>milfernandez</createdBy>
<createdTime>2025-09-16 00:55:32 UTC</createdTime>
<ownerDesignName>semana 5</ownerDesignName>
<indexState>Unique Constraint</indexState>
<isSurrogateKey>false</isSurrogateKey>
<indexColumnUsage>
<colUsage columnID="EEC9482E-29AC-45E3-FFEF-3A1128789791"/>
</indexColumnUsage>
</ind_PK_UK>
</indexes>
</Table>