<?xml version = '1.0' encoding = 'UTF-8'?>
<Table class="oracle.dbtools.crest.model.design.relational.Table" directorySegmentName="seg_0" id="D1BBA641-2B47-41AA-1A59-508F4994270C" name="SALUD">
<createdBy>milfernandez</createdBy>
<createdTime>2025-09-16 00:55:38 UTC</createdTime>
<ownerDesignName>semana 5</ownerDesignName>
<ordsAlias>table_7</ordsAlias>
<allowColumnReorder>false</allowColumnReorder>
<existDependencyGenerateInDDl>true</existDependencyGenerateInDDl>
<parsed>true</parsed>
<columns itemClass="oracle.dbtools.crest.model.design.relational.Column">
<Column name="id_salud" id="068128B3-EABD-AA12-D934-7D306989DEB1">
<createdBy>milfernandez</createdBy>
<createdTime>2025-09-16 00:56:29 UTC</createdTime>
<ownerDesignName>semana 5</ownerDesignName>
<useDomainConstraints>false</useDomainConstraints>
<use>1</use>
<logicalDatatype>LOGDT019</logicalDatatype>
<dataTypePrecision>4</dataTypePrecision>
<ownDataTypeParameters>,4,</ownDataTypeParameters>
<autoIncrementCycle>false</autoIncrementCycle>
</Column>
<Column name="nombre_salud" id="7DF550DF-366D-8AB5-56B2-CAF6E6E02D9C">
<createdBy>milfernandez</createdBy>
<createdTime>2025-09-16 00:56:29 UTC</createdTime>
<ownerDesignName>semana 5</ownerDesignName>
<useDomainConstraints>false</useDomainConstraints>
<use>1</use>
<logicalDatatype>LOGDT024</logicalDatatype>
<dataTypeSize>50</dataTypeSize>
<ownDataTypeParameters>50,,</ownDataTypeParameters>
<autoIncrementCycle>false</autoIncrementCycle>
</Column>
</columns>
<indexes itemClass="oracle.dbtools.crest.model.design.relational.Index">
<ind_PK_UK id="D1D19A1A-B9FC-C023-9429-55A692E7EF69" name="SALUD_PK">
<createdBy>milfernandez</createdBy>
<createdTime>2025-09-16 00:56:29 UTC</createdTime>
<ownerDesignName>semana 5</ownerDesignName>
<pk>true</pk>
<indexState>Primary Constraint</indexState>
<isSurrogateKey>false</isSurrogateKey>
<indexColumnUsage>
<colUsage columnID="068128B3-EABD-AA12-D934-7D306989DEB1"/>
</indexColumnUsage>
</ind_PK_UK>
<ind_PK_UK id="C2F7CE22-83B1-919D-ABA4-5448E6C38661" name="SALUD__UN">
<createdBy>milfernandez</createdBy>
<createdTime>2025-09-16 00:56:29 UTC</createdTime>
<ownerDesignName>semana 5</ownerDesignName>
<indexState>Unique Constraint</indexState>
<isSurrogateKey>false</isSurrogateKey>
<indexColumnUsage>
<colUsage columnID="7DF550DF-366D-8AB5-56B2-CAF6E6E02D9C"/>
</indexColumnUsage>
</ind_PK_UK>
</indexes>
</Table>