<?xml version = '1.0' encoding = 'UTF-8'?>
<Table class="oracle.dbtools.crest.model.design.relational.Table" directorySegmentName="seg_0" id="D41ADE8D-B160-4483-489D-D1810A442331" name="ATENCION">
<createdBy>milfernandez</createdBy>
<createdTime>2025-09-16 01:00:31 UTC</createdTime>
<ownerDesignName>semana 5</ownerDesignName>
<ordsAlias>table_9</ordsAlias>
<allowColumnReorder>false</allowColumnReorder>
<existDependencyGenerateInDDl>true</existDependencyGenerateInDDl>
<parsed>true</parsed>
<columns itemClass="oracle.dbtools.crest.model.design.relational.Column">
<Column name="id_atencion" id="71E18363-8F17-5F68-BB74-F1612072440D">
<createdBy>milfernandez</createdBy>
<createdTime>2025-09-16 01:02:43 UTC</createdTime>
<ownerDesignName>semana 5</ownerDesignName>
<useDomainConstraints>false</useDomainConstraints>
<use>1</use>
<logicalDatatype>LOGDT019</logicalDatatype>
<dataTypePrecision>6</dataTypePrecision>
<ownDataTypeParameters>,6,</ownDataTypeParameters>
<autoIncrementCycle>false</autoIncrementCycle>
</Column>
<Column name="fecha" id="4CEF03C3-8192-87D3-248F-52DE1BA63A4D">
<createdBy>milfernandez</createdBy>
<createdTime>2025-09-16 01:02:43 UTC</createdTime>
<ownerDesignName>semana 5</ownerDesignName>
<useDomainConstraints>false</useDomainConstraints>
<use>1</use>
<logicalDatatype>LOGDT007</logicalDatatype>
<ownDataTypeParameters>,,</ownDataTypeParameters>
<autoIncrementCycle>false</autoIncrementCycle>
</Column>
<Column name="tipo" id="041AE1F8-B40B-207C-3D91-4C5269C83FAC">
<createdBy>milfernandez</createdBy>
<createdTime>2025-09-16 01:02:43 UTC</createdTime>
<ownerDesignName>semana 5</ownerDesignName>
<useDomainConstraints>false</useDomainConstraints>
<use>1</use>
<logicalDatatype>LOGDT024</logicalDatatype>
<dataTypeSize>20</dataTypeSize>
<ownDataTypeParameters>20,,</ownDataTypeParameters>
<autoIncrementCycle>false</autoIncrementCycle>
</Column>
<Column name="diagnostico" id="9A86BB46-5682-50CA-C223-18BFA7CC2C87">
<createdBy>milfernandez</createdBy>
<createdTime>2025-09-16 01:02:43 UTC</createdTime>
<ownerDesignName>semana 5</ownerDesignName>
<nullsAllowed>true</nullsAllowed>
<useDomainConstraints>false</useDomainConstraints>
<use>1</use>
<logicalDatatype>LOGDT024</logicalDatatype>
<dataTypeSize>255</dataTypeSize>
<ownDataTypeParameters>255,,</ownDataTypeParameters>
<autoIncrementCycle>false</autoIncrementCycle>
</Column>
<Column name="rut_paciente" id="2295091C-B01F-68AA-B5C9-FA0340A0A8EE">
<createdBy>milfernandez</createdBy>
<createdTime>2025-09-16 01:02:43 UTC</createdTime>
<ownerDesignName>semana 5</ownerDesignName>
<useDomainConstraints>false</useDomainConstraints>
<use>1</use>
<logicalDatatype>LOGDT024</logicalDatatype>
<dataTypeSize>12</dataTypeSize>
<ownDataTypeParameters>12,,</ownDataTypeParameters>
<autoIncrementCycle>false</autoIncrementCycle>
<associations>
<colAssociation fkAssociation="53157C96-99BE-D485-BF7F-08E716CFD106" referredColumn="96FF277D-4DBB-E0C4-930E-14A8EB85608A"/>
</associations>
</Column>
<Column name="rut_medico" id="5D0D941A-782A-550E-22F8-A3EC4C1CD638">
<createdBy>milfernandez</createdBy>
<createdTime>2025-09-16 01:02:43 UTC</createdTime>
<ownerDesignName>semana 5</ownerDesignName>
<useDomainConstraints>false</useDomainConstraints>
<use>1</use>
<logicalDatatype>LOGDT024</logicalDatatype>
<dataTypeSize>12</dataTypeSize>
<ownDataTypeParameters>12,,</ownDataTypeParameters>
<autoIncrementCycle>false</autoIncrementCycle>
<associations>
<colAssociation fkAssociation="38F6E9B3-8326-CF2F-1F3A-7006D8A422B8" referredColumn="A559C10D-F2DC-1F88-E470-367DE67D8DB9"/>
</associations>
</Column>
</columns>
<indexes itemClass="oracle.dbtools.crest.model.design.relational.Index">
<ind_PK_UK id="A53EE6C7-82F1-0A13-9223-6449B2FEE092" name="ATENCION_PK">
<createdBy>milfernandez</createdBy>
<createdTime>2025-09-16 01:02:43 UTC</createdTime>
<ownerDesignName>semana 5</ownerDesignName>
<pk>true</pk>
<indexState>Primary Constraint</indexState>
<isSurrogateKey>false</isSurrogateKey>
<indexColumnUsage>
<colUsage columnID="71E18363-8F17-5F68-BB74-F1612072440D"/>
</indexColumnUsage>
</ind_PK_UK>
<ind_PK_UK id="F797400B-2CC3-9177-C3F5-E9E42D784B79" name="TABLE_9_PACIENTE_FK">
<createdBy>milfernandez</createdBy>
<createdTime>2025-09-16 01:02:43 UTC</createdTime>
<ownerDesignName>semana 5</ownerDesignName>
<indexState>Foreign Key</indexState>
<isSurrogateKey>false</isSurrogateKey>
<indexColumnUsage>
<colUsage columnID="2295091C-B01F-68AA-B5C9-FA0340A0A8EE"/>
</indexColumnUsage>
</ind_PK_UK>
<ind_PK_UK id="0435D95A-CDE6-EC2B-9FA2-09DB646BEFF9" name="TABLE_9_MEDICO_FK">
<createdBy>milfernandez</createdBy>
<createdTime>2025-09-16 01:02:43 UTC</createdTime>
<ownerDesignName>semana 5</ownerDesignName>
<indexState>Foreign Key</indexState>
<isSurrogateKey>false</isSurrogateKey>
<indexColumnUsage>
<colUsage columnID="5D0D941A-782A-550E-22F8-A3EC4C1CD638"/>
</indexColumnUsage>
</ind_PK_UK>
</indexes>
<tableCheckConstraints itemClass="oracle.dbtools.crest.model.design.constraint.TableLevelConstraint">
<tableCheckConstraint name="ATENCION_CK_1" directorySegmentName="seg_0" id="0FE695AC-EA3E-D5BF-E8EE-E12DB2563588">
<createdBy>milfernandez</createdBy>
<createdTime>2025-09-16 01:02:43 UTC</createdTime>
<ownerDesignName>semana 5</ownerDesignName>
<rule><![CDATA[tipo IN ('General','Urgencia','Preventiva')]]></rule>
</tableCheckConstraint>
</tableCheckConstraints>
</Table>