<?xml version = '1.0' encoding = 'UTF-8'?>
<Table class="oracle.dbtools.crest.model.design.relational.Table" directorySegmentName="seg_0" id="DCF98BF0-68DD-F5E3-1664-ED49F89429B5" name="SOLICITUD_EXAMEN">
<createdBy>milfernandez</createdBy>
<createdTime>2025-09-16 01:07:50 UTC</createdTime>
<ownerDesignName>semana 5</ownerDesignName>
<ordsAlias>table_12</ordsAlias>
<allowColumnReorder>false</allowColumnReorder>
<existDependencyGenerateInDDl>true</existDependencyGenerateInDDl>
<parsed>true</parsed>
<columns itemClass="oracle.dbtools.crest.model.design.relational.Column">
<Column name="id_atencion" id="0D401B0C-4658-B196-BF5E-A8E902B9BE92">
<createdBy>milfernandez</createdBy>
<createdTime>2025-09-16 01:09:28 UTC</createdTime>
<ownerDesignName>semana 5</ownerDesignName>
<useDomainConstraints>false</useDomainConstraints>
<use>1</use>
<logicalDatatype>LOGDT019</logicalDatatype>
<dataTypePrecision>6</dataTypePrecision>
<ownDataTypeParameters>,6,</ownDataTypeParameters>
<autoIncrementCycle>false</autoIncrementCycle>
<associations>
<colAssociation fkAssociation="506B52FE-A61A-FC87-39C0-C2500F6767F4" referredColumn="71E18363-8F17-5F68-BB74-F1612072440D"/>
</associations>
</Column>
<Column name="id_examen" id="7A12ECDC-9961-DA2A-01D2-3F88A98C1A0A">
<createdBy>milfernandez</createdBy>
<createdTime>2025-09-16 01:09:28 UTC</createdTime>
<ownerDesignName>semana 5</ownerDesignName>
<useDomainConstraints>false</useDomainConstraints>
<use>1</use>
<logicalDatatype>LOGDT019</logicalDatatype>
<dataTypePrecision>5</dataTypePrecision>
<ownDataTypeParameters>,5,</ownDataTypeParameters>
<autoIncrementCycle>false</autoIncrementCycle>
<associations>
<colAssociation fkAssociation="72970B2A-50E1-F9DF-FA09-230DAD2060D1" referredColumn="A0D5373E-B5E9-C9F4-4E98-2476C7043A9E"/>
</associations>
</Column>
</columns>
<indexes itemClass="oracle.dbtools.crest.model.design.relational.Index">
<ind_PK_UK id="5F96D5FC-30C7-543D-7524-6D3F51DA53E9" name="PK">
<createdBy>milfernandez</createdBy>
<createdTime>2025-09-16 01:09:28 UTC</createdTime>
<ownerDesignName>semana 5</ownerDesignName>
<pk>true</pk>
<indexState>Primary Constraint</indexState>
<isSurrogateKey>false</isSurrogateKey>
<indexColumnUsage>
<colUsage columnID="0D401B0C-4658-B196-BF5E-A8E902B9BE92"/>
<colUsage columnID="7A12ECDC-9961-DA2A-01D2-3F88A98C1A0A"/>
</indexColumnUsage>
</ind_PK_UK>
<ind_PK_UK id="9FF4729B-0ECE-3889-A69F-B29CF7C9C799" name="TABLE_12_ATENCION_FK">
<createdBy>milfernandez</createdBy>
<createdTime>2025-09-16 01:09:28 UTC</createdTime>
<ownerDesignName>semana 5</ownerDesignName>
<indexState>Foreign Key</indexState>
<isSurrogateKey>false</isSurrogateKey>
<indexColumnUsage>
<colUsage columnID="0D401B0C-4658-B196-BF5E-A8E902B9BE92"/>
</indexColumnUsage>
</ind_PK_UK>
<ind_PK_UK id="56D94163-4426-84A2-A891-78262809F775" name="TABLE_12_EXAMEN_FK">
<createdBy>milfernandez</createdBy>
<createdTime>2025-09-16 01:09:28 UTC</createdTime>
<ownerDesignName>semana 5</ownerDesignName>
<indexState>Foreign Key</indexState>
<isSurrogateKey>false</isSurrogateKey>
<indexColumnUsage>
<colUsage columnID="7A12ECDC-9961-DA2A-01D2-3F88A98C1A0A"/>
</indexColumnUsage>
</ind_PK_UK>
</indexes>
</Table>