<?xml version = '1.0' encoding = 'UTF-8'?>
<Relation class="oracle.dbtools.crest.model.design.logical.Relation" name="RESIDENCIA → HABITACION" directorySegmentName="seg_0" id="29193807-48F1-ADCB-DB51-72BD9A328BD2">
<createdBy>milfernandez</createdBy>
<createdTime>2025-09-01 21:14:07 UTC</createdTime>
<ownerDesignName>Tarea semana 3</ownerDesignName>
<engineerTo>
<item key="C14A3F7F-C075-2B26-F4C4-86332B559F90" value="true"/>
<item key="E55491FF-277C-6A09-09AE-1BC802D4EF89" value="true"/>
</engineerTo>
<sourcePk>45148ACA-46E6-26B1-E16B-F0DA5FAA6448</sourcePk>
<targetPk>F26E3550-7166-B959-0C4D-6AEDE13BF8F3</targetPk>
<identifying>false</identifying>
<optionalSource>false</optionalSource>
<optionalTarget>false</optionalTarget>
<sourceCardinality>*</sourceCardinality>
<sourceEntity>09DFAC00-6DFC-6D2C-8C74-DAA120B07A62</sourceEntity>
<targetCardinalityString>1</targetCardinalityString>
<targetEntity>8A88D0A5-7B13-2E12-E99C-3B3BDFD09AA8</targetEntity>
<transferable>true</transferable>
<deleteRule>NO ACTION</deleteRule>
</Relation>