<?xml version = '1.0' encoding = 'UTF-8'?>
<Relation class="oracle.dbtools.crest.model.design.logical.Relation" name="APODERADO → CONTRATO" directorySegmentName="seg_0" id="47999020-8767-1254-46EC-253390DFC84A">
<createdBy>milfernandez</createdBy>
<createdTime>2025-09-01 21:30:18 UTC</createdTime>
<ownerDesignName>Tarea semana 3</ownerDesignName>
<engineerTo>
<item key="C14A3F7F-C075-2B26-F4C4-86332B559F90" value="true"/>
</engineerTo>
<sourcePk>9172A790-3EA6-AB83-F748-0CC8D1FAC2EB</sourcePk>
<targetPk>BE440F86-0EF0-BA03-0E49-1DEDCD621447</targetPk>
<identifying>false</identifying>
<nameOnSource>firma</nameOnSource>
<nameOnTarget>es_firmado_por</nameOnTarget>
<optionalSource>true</optionalSource>
<optionalTarget>false</optionalTarget>
<sourceCardinality>*</sourceCardinality>
<sourceEntity>47ED4C04-DE60-5515-92AB-774D72894204</sourceEntity>
<targetCardinalityString>1</targetCardinalityString>
<targetEntity>8D1EF135-916A-83F1-F2E7-49493F8B35B5</targetEntity>
<transferable>true</transferable>
<deleteRule>NO ACTION</deleteRule>
</Relation>