<?xml version = '1.0' encoding = 'UTF-8'?>
<Relation class="oracle.dbtools.crest.model.design.logical.Relation" name="RESIDENTE → ANEXO" directorySegmentName="seg_0" id="486061DA-54CB-E49B-CB14-F4BF40F1CC76">
<createdBy>milfernandez</createdBy>
<createdTime>2025-09-01 21:37:00 UTC</createdTime>
<ownerDesignName>Tarea semana 3</ownerDesignName>
<engineerTo>
<item key="C14A3F7F-C075-2B26-F4C4-86332B559F90" value="true"/>
</engineerTo>
<sourcePk>2A364A95-3860-C24D-AB5F-4A140F11FA68</sourcePk>
<targetPk>7A1F9564-3855-A792-06F5-1FBE4A464799</targetPk>
<identifying>false</identifying>
<nameOnSource>tiene</nameOnSource>
<nameOnTarget>corresponde_a</nameOnTarget>
<optionalSource>true</optionalSource>
<optionalTarget>false</optionalTarget>
<sourceCardinality>*</sourceCardinality>
<sourceEntity>567733AF-F72A-D752-503B-1EEABC19D437</sourceEntity>
<targetCardinalityString>1</targetCardinalityString>
<targetEntity>C21C0AFA-46AB-F2D0-1632-733B119279CF</targetEntity>
<transferable>true</transferable>
<deleteRule>NO ACTION</deleteRule>
</Relation>