<?xml version = '1.0' encoding = 'UTF-8'?>
<Relation class="oracle.dbtools.crest.model.design.logical.Relation" name="HABITACION → RESIDENTE" directorySegmentName="seg_0" id="79160E3E-7C82-7A46-A771-E57E557058D4">
<createdBy>milfernandez</createdBy>
<createdTime>2025-09-01 21:38:23 UTC</createdTime>
<ownerDesignName>Tarea semana 3</ownerDesignName>
<engineerTo>
<item key="C14A3F7F-C075-2B26-F4C4-86332B559F90" value="true"/>
</engineerTo>
<sourceTransferable>false</sourceTransferable>
<targetTransferable>false</targetTransferable>
<sourcePk>F26E3550-7166-B959-0C4D-6AEDE13BF8F3</sourcePk>
<identifying>false</identifying>
<nameOnSource>es_ocupada_por</nameOnSource>
<nameOnTarget>ocupa</nameOnTarget>
<optionalSource>true</optionalSource>
<optionalTarget>false</optionalTarget>
<sourceCardinality>1</sourceCardinality>
<sourceEntity>8A88D0A5-7B13-2E12-E99C-3B3BDFD09AA8</sourceEntity>
<targetCardinalityString>1</targetCardinalityString>
<targetEntity>567733AF-F72A-D752-503B-1EEABC19D437</targetEntity>
<transferable>true</transferable>
<deleteRule>NO ACTION</deleteRule>
</Relation>