<?xml version = '1.0' encoding = 'UTF-8'?>
<Relation class="oracle.dbtools.crest.model.design.logical.Relation" name="CONTRATO → ANEXO" directorySegmentName="seg_0" id="883A813E-85C8-A7E7-5C3C-712C551914DA">
<createdBy>milfernandez</createdBy>
<createdTime>2025-09-01 21:33:49 UTC</createdTime>
<ownerDesignName>Tarea semana 3</ownerDesignName>
<engineerTo>
<item key="C14A3F7F-C075-2B26-F4C4-86332B559F90" value="true"/>
</engineerTo>
<sourcePk>BE440F86-0EF0-BA03-0E49-1DEDCD621447</sourcePk>
<targetPk>7A1F9564-3855-A792-06F5-1FBE4A464799</targetPk>
<identifying>false</identifying>
<nameOnSource>incluye</nameOnSource>
<nameOnTarget>pertenece_a</nameOnTarget>
<optionalSource>true</optionalSource>
<optionalTarget>false</optionalTarget>
<sourceCardinality>*</sourceCardinality>
<sourceEntity>8D1EF135-916A-83F1-F2E7-49493F8B35B5</sourceEntity>
<targetCardinalityString>1</targetCardinalityString>
<targetEntity>C21C0AFA-46AB-F2D0-1632-733B119279CF</targetEntity>
<transferable>true</transferable>
<deleteRule>NO ACTION</deleteRule>
</Relation>