<?xml version = '1.0' encoding = 'UTF-8'?>
<Relation class="oracle.dbtools.crest.model.design.logical.Relation" name="RESIDENCIA → PERSONAL" directorySegmentName="seg_0" id="91E13D44-94B1-54B6-53C1-8104CCFF531F">
<createdBy>milfernandez</createdBy>
<createdTime>2025-09-01 21:22:33 UTC</createdTime>
<ownerDesignName>Tarea semana 3</ownerDesignName>
<engineerTo>
<item key="C14A3F7F-C075-2B26-F4C4-86332B559F90" value="true"/>
<item key="E55491FF-277C-6A09-09AE-1BC802D4EF89" value="true"/>
</engineerTo>
<sourceTransferable>false</sourceTransferable>
<targetTransferable>false</targetTransferable>
<sourcePk>45148ACA-46E6-26B1-E16B-F0DA5FAA6448</sourcePk>
<targetPk>C0C5AA1E-C477-E7D3-CC0C-59B3378D7F26</targetPk>
<identifying>false</identifying>
<nameOnSource>tiene</nameOnSource>
<nameOnTarget>trabaja_en</nameOnTarget>
<optionalSource>false</optionalSource>
<optionalTarget>false</optionalTarget>
<sourceCardinality>*</sourceCardinality>
<sourceEntity>09DFAC00-6DFC-6D2C-8C74-DAA120B07A62</sourceEntity>
<targetCardinalityString>1</targetCardinalityString>
<targetEntity>A3CA9B98-4B7F-75CB-6AC3-F3CE4A0E6464</targetEntity>
<transferable>true</transferable>
<deleteRule>NO ACTION</deleteRule>
</Relation>