<?xml version = '1.0' encoding = 'UTF-8'?>
<Relation class="oracle.dbtools.crest.model.design.logical.Relation" name="MÉDICO → MÉDICO" directorySegmentName="seg_0" id="EE98CB32-6805-463A-D186-D3C4B411A56B">
<createdBy>milfernandez</createdBy>
<createdTime>2025-09-01 21:41:06 UTC</createdTime>
<ownerDesignName>Tarea semana 3</ownerDesignName>
<engineerTo>
<item key="C14A3F7F-C075-2B26-F4C4-86332B559F90" value="true"/>
</engineerTo>
<sourcePk>82969A30-C36C-C279-6798-1BBD44990340</sourcePk>
<targetPk>82969A30-C36C-C279-6798-1BBD44990340</targetPk>
<identifying>false</identifying>
<nameOnSource>supervisa</nameOnSource>
<nameOnTarget>es_supervisado_por</nameOnTarget>
<optionalSource>false</optionalSource>
<optionalTarget>false</optionalTarget>
<sourceCardinality>*</sourceCardinality>
<sourceEntity>33FFF21F-8F4C-660A-329A-64C76EAFADAC</sourceEntity>
<targetCardinalityString>1</targetCardinalityString>
<targetEntity>33FFF21F-8F4C-660A-329A-64C76EAFADAC</targetEntity>
<transferable>true</transferable>
<deleteRule>NO ACTION</deleteRule>
</Relation>