<?xml version = '1.0' encoding = 'UTF-8'?>
<Entity class="oracle.dbtools.crest.model.design.logical.Entity" directorySegmentName="seg_0" id="030AEB45-9DBA-8A9D-78D8-75C1CCD6F4E4" name="TURNO">
<createdBy>mily_</createdBy>
<createdTime>2025-10-12 15:21:38 UTC</createdTime>
<ownerDesignName>Fase 1 y 2</ownerDesignName>
<engineerTo>
<item key="C7255D90-E931-C901-ECB8-DCDFEBFAA6EB" value="true"/>
</engineerTo>
<adequatelyNormalized>NO</adequatelyNormalized>
<expectedVolumes>0</expectedVolumes>
<fwdEngineeringStrategyName>Single Table</fwdEngineeringStrategyName>
<growthPercent>0</growthPercent>
<growthType>Year</growthType>
<maxVolumes>9999999</maxVolumes>
<minVolumes>0</minVolumes>
<normalForm>Third</normalForm>
<attributes itemClass="oracle.dbtools.crest.model.design.logical.Attribute">
<Attribute name="id turno" id="7872A62E-B9BC-85D6-BB88-01AD65457303">
<createdBy>mily_</createdBy>
<createdTime>2025-10-12 15:21:49 UTC</createdTime>
<ownerDesignName>Fase 1 y 2</ownerDesignName>
<engineerTo>
<item key="C7255D90-E931-C901-ECB8-DCDFEBFAA6EB" value="true"/>
</engineerTo>
<useDomainConstraints>false</useDomainConstraints>
<use>1</use>
<logicalDatatype>LOGDT019</logicalDatatype>
<ownDataTypeParameters>,,</ownDataTypeParameters>
</Attribute>
<Attribute name="nombre turno" id="59946F36-C812-92F6-9DCA-326CE3314307">
<createdBy>mily_</createdBy>
<createdTime>2025-10-12 15:22:21 UTC</createdTime>
<ownerDesignName>Fase 1 y 2</ownerDesignName>
<engineerTo>
<item key="C7255D90-E931-C901-ECB8-DCDFEBFAA6EB" value="true"/>
</engineerTo>
<useDomainConstraints>false</useDomainConstraints>
<use>1</use>
<logicalDatatype>LOGDT024</logicalDatatype>
<dataTypeSize>30</dataTypeSize>
<ownDataTypeParameters>30,,</ownDataTypeParameters>
</Attribute>
<Attribute name="hora inicio" id="FC7FABE2-EB40-AA89-A3B0-D252093729CB">
<createdBy>mily_</createdBy>
<createdTime>2025-10-12 15:24:00 UTC</createdTime>
<ownerDesignName>Fase 1 y 2</ownerDesignName>
<engineerTo>
<item key="C7255D90-E931-C901-ECB8-DCDFEBFAA6EB" value="true"/>
</engineerTo>
<useDomainConstraints>false</useDomainConstraints>
<use>1</use>
<logicalDatatype>LOGDT025</logicalDatatype>
<dataTypeSize>5</dataTypeSize>
<ownDataTypeParameters>5,,</ownDataTypeParameters>
</Attribute>
<Attribute name="hora termino" id="D26905A9-2B6A-035A-E20A-F66FF8635170">
<createdBy>mily_</createdBy>
<createdTime>2025-10-12 15:24:22 UTC</createdTime>
<ownerDesignName>Fase 1 y 2</ownerDesignName>
<engineerTo>
<item key="C7255D90-E931-C901-ECB8-DCDFEBFAA6EB" value="true"/>
</engineerTo>
<useDomainConstraints>false</useDomainConstraints>
<use>1</use>
<logicalDatatype>LOGDT025</logicalDatatype>
<dataTypeSize>5</dataTypeSize>
<ownDataTypeParameters>5,,</ownDataTypeParameters>
</Attribute>
</attributes>
<identifiers itemClass="oracle.dbtools.crest.model.design.logical.CandidateKey">
<identifier id="7BE2884E-CAD1-3ED0-502F-7A3080F0B7DA" name="TURNO PK">
<createdBy>mily_</createdBy>
<createdTime>2025-10-12 15:22:12 UTC</createdTime>
<ownerDesignName>Fase 1 y 2</ownerDesignName>
<shouldEngineer>false</shouldEngineer>
<engineerTo>
<item key="C7255D90-E931-C901-ECB8-DCDFEBFAA6EB" value="false"/>
</engineerTo>
<pk>true</pk>
<usedAttributes>
<attributeRef>7872A62E-B9BC-85D6-BB88-01AD65457303</attributeRef>
</usedAttributes>
</identifier>
<identifier id="E822AAEB-06C1-41DC-F938-232B783E088C" name="TURNO_nombre_turno_UN">
<createdBy>mily_</createdBy>
<createdTime>2025-10-12 15:22:56 UTC</createdTime>
<generatorID>8EBF973D-E25B-3D29-B510-5D8BD7EC4D05</generatorID>
<ownerDesignName>Fase 1 y 2</ownerDesignName>
<shouldEngineer>false</shouldEngineer>
<engineerTo>
<item key="C7255D90-E931-C901-ECB8-DCDFEBFAA6EB" value="false"/>
</engineerTo>
<usedAttributes>
<attributeRef>59946F36-C812-92F6-9DCA-326CE3314307</attributeRef>
</usedAttributes>
</identifier>
</identifiers>
</Entity>