<?xml version = '1.0' encoding = 'UTF-8'?>
<Entity class="oracle.dbtools.crest.model.design.logical.Entity" directorySegmentName="seg_0" id="0E0262A7-9B48-37F2-CD46-45A5701EADF1" name="MANTENCION">
<createdBy>mily_</createdBy>
<createdTime>2025-10-12 15:37:53 UTC</createdTime>
<generatorID>EDC1DA2F-FB42-32F1-FBA4-0D02D740C416</generatorID>
<ownerDesignName>Fase 1 y 2</ownerDesignName>
<engineerTo>
<item key="C7255D90-E931-C901-ECB8-DCDFEBFAA6EB" value="true"/>
</engineerTo>
<adequatelyNormalized>NO</adequatelyNormalized>
<expectedVolumes>0</expectedVolumes>
<fwdEngineeringStrategyName>Single Table</fwdEngineeringStrategyName>
<growthPercent>0</growthPercent>
<growthType>Year</growthType>
<maxVolumes>9999999</maxVolumes>
<minVolumes>0</minVolumes>
<normalForm>Third</normalForm>
<attributes itemClass="oracle.dbtools.crest.model.design.logical.Attribute">
<Attribute name="id om" id="C1E26DDB-314E-9F30-B2B9-FD186D079B1D">
<createdBy>mily_</createdBy>
<createdTime>2025-10-12 15:37:53 UTC</createdTime>
<generatorID>9FA3C5BC-91CE-8DC5-DA61-155278354923</generatorID>
<ownerDesignName>Fase 1 y 2</ownerDesignName>
<engineerTo>
<item key="C7255D90-E931-C901-ECB8-DCDFEBFAA6EB" value="true"/>
</engineerTo>
<useDomainConstraints>false</useDomainConstraints>
<use>1</use>
<logicalDatatype>LOGDT019</logicalDatatype>
<ownDataTypeParameters>,,</ownDataTypeParameters>
</Attribute>
<Attribute name="fecha programada" id="B62F6A21-8146-B179-F823-84527CAC6ADB">
<createdBy>mily_</createdBy>
<createdTime>2025-10-12 15:37:53 UTC</createdTime>
<generatorID>652467AA-2FF5-A2E3-702F-60BA4F1B3906</generatorID>
<ownerDesignName>Fase 1 y 2</ownerDesignName>
<engineerTo>
<item key="C7255D90-E931-C901-ECB8-DCDFEBFAA6EB" value="true"/>
</engineerTo>
<useDomainConstraints>false</useDomainConstraints>
<use>1</use>
<logicalDatatype>LOGDT007</logicalDatatype>
<ownDataTypeParameters>,,</ownDataTypeParameters>
</Attribute>
<Attribute name="fecha ejecucion" id="CC599793-D7E6-1864-1A49-1E051F732C76">
<createdBy>mily_</createdBy>
<createdTime>2025-10-12 15:37:53 UTC</createdTime>
<generatorID>1BFE450E-C965-EDDB-846A-C70B52B8053F</generatorID>
<ownerDesignName>Fase 1 y 2</ownerDesignName>
<engineerTo>
<item key="C7255D90-E931-C901-ECB8-DCDFEBFAA6EB" value="true"/>
</engineerTo>
<nullsAllowed>true</nullsAllowed>
<useDomainConstraints>false</useDomainConstraints>
<use>1</use>
<logicalDatatype>LOGDT007</logicalDatatype>
<ownDataTypeParameters>,,</ownDataTypeParameters>
</Attribute>
<Attribute name="descripcion" id="345AF6F3-913C-7724-6FD8-EB03B0513C31">
<createdBy>mily_</createdBy>
<createdTime>2025-10-12 15:37:53 UTC</createdTime>
<generatorID>F6D6E284-4180-188A-6774-10E4F843F75B</generatorID>
<ownerDesignName>Fase 1 y 2</ownerDesignName>
<engineerTo>
<item key="C7255D90-E931-C901-ECB8-DCDFEBFAA6EB" value="true"/>
</engineerTo>
<nullsAllowed>true</nullsAllowed>
<useDomainConstraints>false</useDomainConstraints>
<use>1</use>
<logicalDatatype>LOGDT024</logicalDatatype>
<dataTypeSize>400</dataTypeSize>
<ownDataTypeParameters>400,,</ownDataTypeParameters>
</Attribute>
<Attribute name="MAQUINA PLANTA id planta" id="D38B67B6-E86E-339E-F614-3E01172AAED2">
<createdBy>mily_</createdBy>
<createdTime>2025-10-12 15:38:05 UTC</createdTime>
<generatorID>B820235B-D0E4-9124-58B9-9CCB832673B1</generatorID>
<ownerDesignName>Fase 1 y 2</ownerDesignName>
<engineerTo>
<item key="C7255D90-E931-C901-ECB8-DCDFEBFAA6EB" value="true"/>
</engineerTo>
<referedAttribute>FF312EA8-9899-EBE1-CC27-4A84575293C0</referedAttribute>
<useDomainConstraints>false</useDomainConstraints>
<use>1</use>
<logicalDatatype>LOGDT019</logicalDatatype>
<ownDataTypeParameters>,,</ownDataTypeParameters>
</Attribute>
<Attribute name="MAQUINA num maquina" id="4D096689-26FE-6285-218C-4238424D22AF">
<createdBy>mily_</createdBy>
<createdTime>2025-10-12 15:38:05 UTC</createdTime>
<generatorID>B820235B-D0E4-9124-58B9-9CCB832673B1</generatorID>
<ownerDesignName>Fase 1 y 2</ownerDesignName>
<engineerTo>
<item key="C7255D90-E931-C901-ECB8-DCDFEBFAA6EB" value="true"/>
</engineerTo>
<referedAttribute>504777EF-A9C2-C1EB-B32B-13EB6DF7DB93</referedAttribute>
<useDomainConstraints>false</useDomainConstraints>
<use>1</use>
<logicalDatatype>LOGDT019</logicalDatatype>
<ownDataTypeParameters>,,</ownDataTypeParameters>
</Attribute>
<Attribute name="TECNICO MANT id empleado" id="75FDF520-BDC2-F855-7A41-11029414DCB4">
<createdBy>mily_</createdBy>
<createdTime>2025-10-12 19:38:26 UTC</createdTime>
<generatorID>6580807E-98E2-2EC6-0276-99A695B9DD46</generatorID>
<ownerDesignName>Fase 1 y 2</ownerDesignName>
<engineerTo>
<item key="C7255D90-E931-C901-ECB8-DCDFEBFAA6EB" value="true"/>
</engineerTo>
<referedAttribute>B072EE76-9A64-C7BA-B204-A937DAA7F8CF</referedAttribute>
<useDomainConstraints>false</useDomainConstraints>
<use>1</use>
<logicalDatatype>LOGDT019</logicalDatatype>
<ownDataTypeParameters>,,</ownDataTypeParameters>
</Attribute>
</attributes>
<identifiers itemClass="oracle.dbtools.crest.model.design.logical.CandidateKey">
<identifier id="794E735D-4252-245A-5583-1C18D2CCB42F" name="MANTENCION PK">
<createdBy>mily_</createdBy>
<createdTime>2025-10-12 15:37:53 UTC</createdTime>
<generatorID>D0924379-C737-BA77-B6A8-12959F4C7887</generatorID>
<ownerDesignName>Fase 1 y 2</ownerDesignName>
<shouldEngineer>false</shouldEngineer>
<engineerTo>
<item key="C7255D90-E931-C901-ECB8-DCDFEBFAA6EB" value="false"/>
</engineerTo>
<pk>true</pk>
<usedAttributes>
<attributeRef>C1E26DDB-314E-9F30-B2B9-FD186D079B1D</attributeRef>
</usedAttributes>
</identifier>
</identifiers>
</Entity>