<?xml version = '1.0' encoding = 'UTF-8'?>
<Entity class="oracle.dbtools.crest.model.design.logical.Entity" directorySegmentName="seg_0" id="35F0AAFF-1315-9C09-89BB-4E8AB7E7F1A3" name="ASIGNACION TURNO">
<createdBy>mily_</createdBy>
<createdTime>2025-10-12 15:26:48 UTC</createdTime>
<generatorID>F0EA79EE-9605-CDA3-58E2-1A7C202F0F45</generatorID>
<ownerDesignName>Fase 1 y 2</ownerDesignName>
<engineerTo>
<item key="C7255D90-E931-C901-ECB8-DCDFEBFAA6EB" value="true"/>
</engineerTo>
<adequatelyNormalized>NO</adequatelyNormalized>
<expectedVolumes>0</expectedVolumes>
<fwdEngineeringStrategyName>Single Table</fwdEngineeringStrategyName>
<growthPercent>0</growthPercent>
<growthType>Year</growthType>
<maxVolumes>9999999</maxVolumes>
<minVolumes>0</minVolumes>
<normalForm>Third</normalForm>
<attributes itemClass="oracle.dbtools.crest.model.design.logical.Attribute">
<Attribute name="id asig" id="7934AF66-2CF5-91D5-3D0C-6DDD7903AF4D">
<createdBy>mily_</createdBy>
<createdTime>2025-10-12 15:26:48 UTC</createdTime>
<generatorID>3D1408EE-A8FD-01F3-9FF7-8AEA6820C83E</generatorID>
<ownerDesignName>Fase 1 y 2</ownerDesignName>
<engineerTo>
<item key="C7255D90-E931-C901-ECB8-DCDFEBFAA6EB" value="true"/>
</engineerTo>
<useDomainConstraints>false</useDomainConstraints>
<use>1</use>
<logicalDatatype>LOGDT019</logicalDatatype>
<ownDataTypeParameters>,,</ownDataTypeParameters>
</Attribute>
<Attribute name="fecha" id="855BF995-3F51-759E-1DD7-0FF16F411D59">
<createdBy>mily_</createdBy>
<createdTime>2025-10-12 15:26:48 UTC</createdTime>
<generatorID>7E458D45-B4DC-C071-946E-DCA4D126ABD3</generatorID>
<ownerDesignName>Fase 1 y 2</ownerDesignName>
<engineerTo>
<item key="C7255D90-E931-C901-ECB8-DCDFEBFAA6EB" value="true"/>
</engineerTo>
<useDomainConstraints>false</useDomainConstraints>
<use>1</use>
<logicalDatatype>LOGDT007</logicalDatatype>
<ownDataTypeParameters>,,</ownDataTypeParameters>
</Attribute>
<Attribute name="rol" id="9B0F9B24-0020-7581-67DF-39F20BD22285">
<createdBy>mily_</createdBy>
<createdTime>2025-10-12 15:26:48 UTC</createdTime>
<generatorID>D2B5861E-83C9-50B9-6D17-9540FEAFEA3A</generatorID>
<ownerDesignName>Fase 1 y 2</ownerDesignName>
<engineerTo>
<item key="C7255D90-E931-C901-ECB8-DCDFEBFAA6EB" value="true"/>
</engineerTo>
<useDomainConstraints>false</useDomainConstraints>
<use>1</use>
<logicalDatatype>LOGDT024</logicalDatatype>
<dataTypeSize>40</dataTypeSize>
<ownDataTypeParameters>40,,</ownDataTypeParameters>
</Attribute>
<Attribute name="EMPLEADO id empleado" id="8C85C5CF-58FC-2AE8-34A8-6DF575399049">
<createdBy>mily_</createdBy>
<createdTime>2025-10-12 15:27:21 UTC</createdTime>
<generatorID>EA1E54A9-4397-7ABC-A4A5-AC8064313A17</generatorID>
<ownerDesignName>Fase 1 y 2</ownerDesignName>
<engineerTo>
<item key="C7255D90-E931-C901-ECB8-DCDFEBFAA6EB" value="true"/>
</engineerTo>
<referedAttribute>B072EE76-9A64-C7BA-B204-A937DAA7F8CF</referedAttribute>
<useDomainConstraints>false</useDomainConstraints>
<use>1</use>
<logicalDatatype>LOGDT019</logicalDatatype>
<ownDataTypeParameters>,,</ownDataTypeParameters>
</Attribute>
<Attribute name="TURNO id turno" id="1C371237-131C-9FDC-E78B-04B64FA8E293">
<createdBy>mily_</createdBy>
<createdTime>2025-10-12 15:27:32 UTC</createdTime>
<generatorID>F7088CDD-35EB-C976-6BE2-EB91A4FFCE98</generatorID>
<ownerDesignName>Fase 1 y 2</ownerDesignName>
<engineerTo>
<item key="C7255D90-E931-C901-ECB8-DCDFEBFAA6EB" value="true"/>
</engineerTo>
<referedAttribute>7872A62E-B9BC-85D6-BB88-01AD65457303</referedAttribute>
<useDomainConstraints>false</useDomainConstraints>
<use>1</use>
<logicalDatatype>LOGDT019</logicalDatatype>
<ownDataTypeParameters>,,</ownDataTypeParameters>
</Attribute>
<Attribute name="MAQUINA PLANTA id planta" id="83A50916-9AC6-65CA-E9A8-C178F72E2329">
<createdBy>mily_</createdBy>
<createdTime>2025-10-12 15:28:14 UTC</createdTime>
<generatorID>E0AEAEDC-58A2-3A94-13B2-1D8DA5D0930D</generatorID>
<ownerDesignName>Fase 1 y 2</ownerDesignName>
<engineerTo>
<item key="C7255D90-E931-C901-ECB8-DCDFEBFAA6EB" value="true"/>
</engineerTo>
<referedAttribute>FF312EA8-9899-EBE1-CC27-4A84575293C0</referedAttribute>
<useDomainConstraints>false</useDomainConstraints>
<use>1</use>
<logicalDatatype>LOGDT019</logicalDatatype>
<ownDataTypeParameters>,,</ownDataTypeParameters>
</Attribute>
<Attribute name="MAQUINA num maquina" id="964E70DD-79DB-29D3-55CA-37DB6753CC44">
<createdBy>mily_</createdBy>
<createdTime>2025-10-12 15:28:14 UTC</createdTime>
<generatorID>E0AEAEDC-58A2-3A94-13B2-1D8DA5D0930D</generatorID>
<ownerDesignName>Fase 1 y 2</ownerDesignName>
<engineerTo>
<item key="C7255D90-E931-C901-ECB8-DCDFEBFAA6EB" value="true"/>
</engineerTo>
<referedAttribute>504777EF-A9C2-C1EB-B32B-13EB6DF7DB93</referedAttribute>
<useDomainConstraints>false</useDomainConstraints>
<use>1</use>
<logicalDatatype>LOGDT019</logicalDatatype>
<ownDataTypeParameters>,,</ownDataTypeParameters>
</Attribute>
</attributes>
<identifiers itemClass="oracle.dbtools.crest.model.design.logical.CandidateKey">
<identifier id="DC8D6EEE-AA06-3BE9-F3B7-C3B3BCCD20D9" name="ASIGNACION TURNO PK">
<createdBy>mily_</createdBy>
<createdTime>2025-10-12 15:26:48 UTC</createdTime>
<generatorID>5F066EAD-62B9-1E3C-42F4-A25446DE9DC8</generatorID>
<ownerDesignName>Fase 1 y 2</ownerDesignName>
<shouldEngineer>false</shouldEngineer>
<engineerTo>
<item key="C7255D90-E931-C901-ECB8-DCDFEBFAA6EB" value="false"/>
</engineerTo>
<pk>true</pk>
<usedAttributes>
<attributeRef>7934AF66-2CF5-91D5-3D0C-6DDD7903AF4D</attributeRef>
</usedAttributes>
</identifier>
<identifier id="8114ECF6-C339-1831-06E4-5C0FF6202B9C" name="ASIG_FECHA_EMP_UK">
<createdBy>mily_</createdBy>
<createdTime>2025-10-12 15:37:53 UTC</createdTime>
<generatorID>047CB3E3-EEC0-F750-309E-8691C292652E</generatorID>
<ownerDesignName>Fase 1 y 2</ownerDesignName>
<shouldEngineer>false</shouldEngineer>
<engineerTo>
<item key="C7255D90-E931-C901-ECB8-DCDFEBFAA6EB" value="false"/>
</engineerTo>
<usedAttributes>
<attributeRef>855BF995-3F51-759E-1DD7-0FF16F411D59</attributeRef>
<attributeRef>8C85C5CF-58FC-2AE8-34A8-6DF575399049</attributeRef>
</usedAttributes>
</identifier>
</identifiers>
</Entity>