<?xml version = '1.0' encoding = 'UTF-8'?>
<Entity class="oracle.dbtools.crest.model.design.logical.Entity" directorySegmentName="seg_0" id="6D1FA657-E5ED-7551-5CB7-1B332FB36D6B" name="AFP">
<createdBy>mily_</createdBy>
<createdTime>2025-10-12 15:01:32 UTC</createdTime>
<ownerDesignName>Fase 1 y 2</ownerDesignName>
<engineerTo>
<item key="C7255D90-E931-C901-ECB8-DCDFEBFAA6EB" value="true"/>
</engineerTo>
<adequatelyNormalized>NO</adequatelyNormalized>
<expectedVolumes>0</expectedVolumes>
<fwdEngineeringStrategyName>Single Table</fwdEngineeringStrategyName>
<growthPercent>0</growthPercent>
<growthType>Year</growthType>
<maxVolumes>9999999</maxVolumes>
<minVolumes>0</minVolumes>
<normalForm>Third</normalForm>
<attributes itemClass="oracle.dbtools.crest.model.design.logical.Attribute">
<Attribute name="id afp" id="21A26880-1BDA-F2F6-A10A-F8F5A6E4FD96">
<createdBy>mily_</createdBy>
<createdTime>2025-10-12 15:01:45 UTC</createdTime>
<ownerDesignName>Fase 1 y 2</ownerDesignName>
<engineerTo>
<item key="C7255D90-E931-C901-ECB8-DCDFEBFAA6EB" value="true"/>
</engineerTo>
<useDomainConstraints>false</useDomainConstraints>
<use>1</use>
<logicalDatatype>LOGDT019</logicalDatatype>
<ownDataTypeParameters>,,</ownDataTypeParameters>
</Attribute>
<Attribute name="nombre afp" id="1AB8BBD3-B9C9-B7DA-3A9A-98BF10D1274B">
<createdBy>mily_</createdBy>
<createdTime>2025-10-12 15:01:53 UTC</createdTime>
<ownerDesignName>Fase 1 y 2</ownerDesignName>
<engineerTo>
<item key="C7255D90-E931-C901-ECB8-DCDFEBFAA6EB" value="true"/>
</engineerTo>
<useDomainConstraints>false</useDomainConstraints>
<use>1</use>
<logicalDatatype>LOGDT024</logicalDatatype>
<dataTypeSize>60</dataTypeSize>
<ownDataTypeParameters>60,,</ownDataTypeParameters>
</Attribute>
</attributes>
<identifiers itemClass="oracle.dbtools.crest.model.design.logical.CandidateKey">
<identifier id="4088C1F1-2EF0-3C78-6254-1D4B800EE6DB" name="AFP PK">
<createdBy>mily_</createdBy>
<createdTime>2025-10-12 15:01:51 UTC</createdTime>
<ownerDesignName>Fase 1 y 2</ownerDesignName>
<shouldEngineer>false</shouldEngineer>
<engineerTo>
<item key="C7255D90-E931-C901-ECB8-DCDFEBFAA6EB" value="false"/>
</engineerTo>
<pk>true</pk>
<usedAttributes>
<attributeRef>21A26880-1BDA-F2F6-A10A-F8F5A6E4FD96</attributeRef>
</usedAttributes>
</identifier>
<identifier id="EA5C3C9E-9F2B-399C-4D8C-A568C3398219" name="AFP_nombre_afp_UN">
<createdBy>mily_</createdBy>
<createdTime>2025-10-12 15:09:05 UTC</createdTime>
<generatorID>482B5F8D-4FE2-6D79-13E7-338B17EA6CAE</generatorID>
<ownerDesignName>Fase 1 y 2</ownerDesignName>
<shouldEngineer>false</shouldEngineer>
<engineerTo>
<item key="C7255D90-E931-C901-ECB8-DCDFEBFAA6EB" value="false"/>
</engineerTo>
<usedAttributes>
<attributeRef>1AB8BBD3-B9C9-B7DA-3A9A-98BF10D1274B</attributeRef>
</usedAttributes>
</identifier>
</identifiers>
</Entity>