<?xml version = '1.0' encoding = 'UTF-8'?>
<Entity class="oracle.dbtools.crest.model.design.logical.Entity" directorySegmentName="seg_0" id="92D08851-BAA4-D480-803E-8335A0685C92" name="REGION">
<createdBy>mily_</createdBy>
<createdTime>2025-10-12 14:28:10 UTC</createdTime>
<ownerDesignName>Fase 1 y 2</ownerDesignName>
<engineerTo>
<item key="C7255D90-E931-C901-ECB8-DCDFEBFAA6EB" value="true"/>
</engineerTo>
<adequatelyNormalized>NO</adequatelyNormalized>
<expectedVolumes>0</expectedVolumes>
<fwdEngineeringStrategyName>Single Table</fwdEngineeringStrategyName>
<growthPercent>0</growthPercent>
<growthType>Year</growthType>
<maxVolumes>9999999</maxVolumes>
<minVolumes>0</minVolumes>
<normalForm>Third</normalForm>
<attributes itemClass="oracle.dbtools.crest.model.design.logical.Attribute">
<Attribute name="id region" id="EF52402C-1ED3-9381-C5AF-6987D88B8D5D">
<createdBy>mily_</createdBy>
<createdTime>2025-10-12 14:28:26 UTC</createdTime>
<ownerDesignName>Fase 1 y 2</ownerDesignName>
<engineerTo>
<item key="C7255D90-E931-C901-ECB8-DCDFEBFAA6EB" value="true"/>
</engineerTo>
<useDomainConstraints>false</useDomainConstraints>
<use>1</use>
<logicalDatatype>LOGDT019</logicalDatatype>
<dataTypePrecision>4</dataTypePrecision>
<ownDataTypeParameters>,4,</ownDataTypeParameters>
</Attribute>
<Attribute name="nombre region" id="479933B5-668F-F403-F939-B073A0103BA7">
<createdBy>mily_</createdBy>
<createdTime>2025-10-12 14:28:58 UTC</createdTime>
<ownerDesignName>Fase 1 y 2</ownerDesignName>
<engineerTo>
<item key="C7255D90-E931-C901-ECB8-DCDFEBFAA6EB" value="true"/>
</engineerTo>
<useDomainConstraints>false</useDomainConstraints>
<use>1</use>
<logicalDatatype>LOGDT024</logicalDatatype>
<dataTypeSize>60</dataTypeSize>
<ownDataTypeParameters>60,,</ownDataTypeParameters>
</Attribute>
</attributes>
<identifiers itemClass="oracle.dbtools.crest.model.design.logical.CandidateKey">
<identifier id="576975A6-7CB7-C2A6-3479-F9FDD99F6C24" name="REGION PK">
<createdBy>mily_</createdBy>
<createdTime>2025-10-12 14:28:53 UTC</createdTime>
<ownerDesignName>Fase 1 y 2</ownerDesignName>
<shouldEngineer>false</shouldEngineer>
<engineerTo>
<item key="C7255D90-E931-C901-ECB8-DCDFEBFAA6EB" value="false"/>
</engineerTo>
<pk>true</pk>
<usedAttributes>
<attributeRef>EF52402C-1ED3-9381-C5AF-6987D88B8D5D</attributeRef>
</usedAttributes>
</identifier>
<identifier id="31C9B0D8-BF96-05F2-5369-807A34CB856B" name="REGION_nombre_region_UN">
<createdBy>mily_</createdBy>
<createdTime>2025-10-12 14:33:16 UTC</createdTime>
<generatorID>EDFA6207-CD74-BA6E-DA45-4355AE3F1418</generatorID>
<ownerDesignName>Fase 1 y 2</ownerDesignName>
<shouldEngineer>false</shouldEngineer>
<engineerTo>
<item key="C7255D90-E931-C901-ECB8-DCDFEBFAA6EB" value="false"/>
</engineerTo>
<usedAttributes>
<attributeRef>479933B5-668F-F403-F939-B073A0103BA7</attributeRef>
</usedAttributes>
</identifier>
</identifiers>
</Entity>