<?xml version = '1.0' encoding = 'UTF-8'?>
<Entity class="oracle.dbtools.crest.model.design.logical.Entity" directorySegmentName="seg_0" id="96B9E53F-9077-D414-743C-3844F1317498" name="SALUD">
<createdBy>mily_</createdBy>
<createdTime>2025-10-12 15:09:05 UTC</createdTime>
<generatorID>2D796B29-3B0B-E695-ADA0-8464C3C7AB29</generatorID>
<ownerDesignName>Fase 1 y 2</ownerDesignName>
<engineerTo>
<item key="C7255D90-E931-C901-ECB8-DCDFEBFAA6EB" value="true"/>
</engineerTo>
<adequatelyNormalized>NO</adequatelyNormalized>
<expectedVolumes>0</expectedVolumes>
<fwdEngineeringStrategyName>Single Table</fwdEngineeringStrategyName>
<growthPercent>0</growthPercent>
<growthType>Year</growthType>
<maxVolumes>9999999</maxVolumes>
<minVolumes>0</minVolumes>
<normalForm>Third</normalForm>
<attributes itemClass="oracle.dbtools.crest.model.design.logical.Attribute">
<Attribute name="id salud" id="56A7D79B-DC8E-2281-593C-D89C1BE7A13E">
<createdBy>mily_</createdBy>
<createdTime>2025-10-12 15:09:05 UTC</createdTime>
<generatorID>144CDA66-C0C0-645A-FF15-BCFBDB47B021</generatorID>
<ownerDesignName>Fase 1 y 2</ownerDesignName>
<engineerTo>
<item key="C7255D90-E931-C901-ECB8-DCDFEBFAA6EB" value="true"/>
</engineerTo>
<useDomainConstraints>false</useDomainConstraints>
<use>1</use>
<logicalDatatype>LOGDT019</logicalDatatype>
<ownDataTypeParameters>,,</ownDataTypeParameters>
</Attribute>
<Attribute name="nombre salud" id="7C05E5A8-9D6A-A07B-643F-57A45B91F224">
<createdBy>mily_</createdBy>
<createdTime>2025-10-12 15:09:05 UTC</createdTime>
<generatorID>8E7A9651-2966-4109-63CD-096DDE82A690</generatorID>
<ownerDesignName>Fase 1 y 2</ownerDesignName>
<engineerTo>
<item key="C7255D90-E931-C901-ECB8-DCDFEBFAA6EB" value="true"/>
</engineerTo>
<nullsAllowed>true</nullsAllowed>
<useDomainConstraints>false</useDomainConstraints>
<use>1</use>
<logicalDatatype>LOGDT024</logicalDatatype>
<dataTypeSize>60</dataTypeSize>
<ownDataTypeParameters>60,,</ownDataTypeParameters>
</Attribute>
</attributes>
<identifiers itemClass="oracle.dbtools.crest.model.design.logical.CandidateKey">
<identifier id="F0362DA1-6369-2EC0-2BE8-EE04FC9AAA53" name="SALUD PK">
<createdBy>mily_</createdBy>
<createdTime>2025-10-12 15:09:05 UTC</createdTime>
<generatorID>DDB1CDFA-F409-6A9F-F7C1-7AC8343FF00B</generatorID>
<ownerDesignName>Fase 1 y 2</ownerDesignName>
<shouldEngineer>false</shouldEngineer>
<engineerTo>
<item key="C7255D90-E931-C901-ECB8-DCDFEBFAA6EB" value="false"/>
</engineerTo>
<pk>true</pk>
<usedAttributes>
<attributeRef>56A7D79B-DC8E-2281-593C-D89C1BE7A13E</attributeRef>
</usedAttributes>
</identifier>
<identifier id="254A92B2-6004-5490-5B97-759D4FF831A3" name="SALUD_nombre_salud_UN">
<createdBy>mily_</createdBy>
<createdTime>2025-10-12 15:09:05 UTC</createdTime>
<generatorID>44D962BD-E64E-FBC5-7339-469CF14EABA7</generatorID>
<ownerDesignName>Fase 1 y 2</ownerDesignName>
<shouldEngineer>false</shouldEngineer>
<engineerTo>
<item key="C7255D90-E931-C901-ECB8-DCDFEBFAA6EB" value="false"/>
</engineerTo>
<usedAttributes>
<attributeRef>7C05E5A8-9D6A-A07B-643F-57A45B91F224</attributeRef>
</usedAttributes>
</identifier>
</identifiers>
</Entity>