<?xml version = '1.0' encoding = 'UTF-8'?>
<Entity class="oracle.dbtools.crest.model.design.logical.Entity" directorySegmentName="seg_0" id="A2B5FB08-4EF3-6451-7D8A-DAAE475FD2C8" name="MAQUINA">
<createdBy>mily_</createdBy>
<createdTime>2025-10-12 14:45:03 UTC</createdTime>
<ownerDesignName>Fase 1 y 2</ownerDesignName>
<engineerTo>
<item key="C7255D90-E931-C901-ECB8-DCDFEBFAA6EB" value="true"/>
</engineerTo>
<adequatelyNormalized>NO</adequatelyNormalized>
<expectedVolumes>0</expectedVolumes>
<fwdEngineeringStrategyName>Single Table</fwdEngineeringStrategyName>
<growthPercent>0</growthPercent>
<growthType>Year</growthType>
<maxVolumes>9999999</maxVolumes>
<minVolumes>0</minVolumes>
<normalForm>Third</normalForm>
<attributes itemClass="oracle.dbtools.crest.model.design.logical.Attribute">
<Attribute name="PLANTA id planta" id="FF312EA8-9899-EBE1-CC27-4A84575293C0">
<createdBy>mily_</createdBy>
<createdTime>2025-10-12 14:51:34 UTC</createdTime>
<generatorID>89F64B11-5FF9-3C30-F747-3A3C0C2975A7</generatorID>
<ownerDesignName>Fase 1 y 2</ownerDesignName>
<engineerTo>
<item key="C7255D90-E931-C901-ECB8-DCDFEBFAA6EB" value="true"/>
</engineerTo>
<referedAttribute>4FEC466D-8856-71A1-986A-F535FBE875B6</referedAttribute>
<useDomainConstraints>false</useDomainConstraints>
<use>1</use>
<logicalDatatype>LOGDT019</logicalDatatype>
<ownDataTypeParameters>,,</ownDataTypeParameters>
</Attribute>
<Attribute name="num maquina" id="504777EF-A9C2-C1EB-B32B-13EB6DF7DB93">
<createdBy>mily_</createdBy>
<createdTime>2025-10-12 14:45:33 UTC</createdTime>
<ownerDesignName>Fase 1 y 2</ownerDesignName>
<engineerTo>
<item key="C7255D90-E931-C901-ECB8-DCDFEBFAA6EB" value="true"/>
</engineerTo>
<useDomainConstraints>false</useDomainConstraints>
<use>1</use>
<logicalDatatype>LOGDT019</logicalDatatype>
<ownDataTypeParameters>,,</ownDataTypeParameters>
</Attribute>
<Attribute name="nombre maquina" id="DA948107-C2AC-0962-E2B6-1B0AD9F74598">
<createdBy>mily_</createdBy>
<createdTime>2025-10-12 14:45:47 UTC</createdTime>
<ownerDesignName>Fase 1 y 2</ownerDesignName>
<engineerTo>
<item key="C7255D90-E931-C901-ECB8-DCDFEBFAA6EB" value="true"/>
</engineerTo>
<useDomainConstraints>false</useDomainConstraints>
<use>1</use>
<logicalDatatype>LOGDT024</logicalDatatype>
<dataTypeSize>80</dataTypeSize>
<ownDataTypeParameters>80,,</ownDataTypeParameters>
</Attribute>
<Attribute name="activo" id="2311F70A-4C27-5692-DCD1-F2FDB7425C68">
<createdBy>mily_</createdBy>
<createdTime>2025-10-12 14:46:12 UTC</createdTime>
<ownerDesignName>Fase 1 y 2</ownerDesignName>
<engineerTo>
<item key="C7255D90-E931-C901-ECB8-DCDFEBFAA6EB" value="true"/>
</engineerTo>
<constraintName>MAQUINA_ACTIVO_CK </constraintName>
<useDomainConstraints>false</useDomainConstraints>
<use>1</use>
<logicalDatatype>LOGDT025</logicalDatatype>
<dataTypeSize>1</dataTypeSize>
<listOfValues>
<valueDef value="&apos;N&apos;" description=""/>
<valueDef value="&apos;S&apos;" description=""/>
</listOfValues>
<defaultValue>&apos;S&apos;</defaultValue>
<ownDataTypeParameters>1,,</ownDataTypeParameters>
</Attribute>
<Attribute name="id tipo" id="C47B91CE-0B98-2F77-022B-0699360CED89">
<createdBy>mily_</createdBy>
<createdTime>2025-10-12 14:46:36 UTC</createdTime>
<ownerDesignName>Fase 1 y 2</ownerDesignName>
<engineerTo>
<item key="C7255D90-E931-C901-ECB8-DCDFEBFAA6EB" value="true"/>
</engineerTo>
<nullsAllowed>true</nullsAllowed>
<useDomainConstraints>false</useDomainConstraints>
<use>1</use>
<logicalDatatype>LOGDT019</logicalDatatype>
<ownDataTypeParameters>,,</ownDataTypeParameters>
</Attribute>
<Attribute name="TIPO MAQUINA id tipo" id="5B5C924C-0E79-E7E0-7F51-1C57EF294EC7">
<createdBy>mily_</createdBy>
<createdTime>2025-10-12 15:01:03 UTC</createdTime>
<generatorID>20694C94-C68E-64C2-39A5-E7287B90488A</generatorID>
<ownerDesignName>Fase 1 y 2</ownerDesignName>
<engineerTo>
<item key="C7255D90-E931-C901-ECB8-DCDFEBFAA6EB" value="true"/>
</engineerTo>
<referedAttribute>A97EAA9A-F2E3-0B34-2213-D394010C8181</referedAttribute>
<useDomainConstraints>false</useDomainConstraints>
<use>1</use>
<logicalDatatype>LOGDT019</logicalDatatype>
<ownDataTypeParameters>,,</ownDataTypeParameters>
</Attribute>
</attributes>
<identifiers itemClass="oracle.dbtools.crest.model.design.logical.CandidateKey">
<identifier id="84A0867F-ABAC-A049-370B-69F5913C129C" name="MAQUINA PK">
<createdBy>mily_</createdBy>
<createdTime>2025-10-12 14:45:32 UTC</createdTime>
<ownerDesignName>Fase 1 y 2</ownerDesignName>
<shouldEngineer>false</shouldEngineer>
<engineerTo>
<item key="C7255D90-E931-C901-ECB8-DCDFEBFAA6EB" value="false"/>
</engineerTo>
<pk>true</pk>
<usedAttributes>
<attributeRef>FF312EA8-9899-EBE1-CC27-4A84575293C0</attributeRef>
<attributeRef>504777EF-A9C2-C1EB-B32B-13EB6DF7DB93</attributeRef>
</usedAttributes>
</identifier>
</identifiers>
</Entity>