<?xml version = '1.0' encoding = 'UTF-8'?>
<Entity class="oracle.dbtools.crest.model.design.logical.Entity" directorySegmentName="seg_0" id="B080FE3B-48E6-625A-FADD-7253DF1DA14B" name="COMUNA">
<createdBy>mily_</createdBy>
<createdTime>2025-10-12 14:33:16 UTC</createdTime>
<generatorID>32FF515A-5F17-7429-D764-D5F34C012B36</generatorID>
<ownerDesignName>Fase 1 y 2</ownerDesignName>
<engineerTo>
<item key="C7255D90-E931-C901-ECB8-DCDFEBFAA6EB" value="true"/>
</engineerTo>
<adequatelyNormalized>NO</adequatelyNormalized>
<expectedVolumes>0</expectedVolumes>
<fwdEngineeringStrategyName>Single Table</fwdEngineeringStrategyName>
<growthPercent>0</growthPercent>
<growthType>Year</growthType>
<maxVolumes>9999999</maxVolumes>
<minVolumes>0</minVolumes>
<normalForm>Third</normalForm>
<attributes itemClass="oracle.dbtools.crest.model.design.logical.Attribute">
<Attribute name="id comuna" id="D43D1B0A-21E3-CBB8-FA91-E0B715F48BE8">
<createdBy>mily_</createdBy>
<createdTime>2025-10-12 14:33:16 UTC</createdTime>
<generatorID>A33092DA-0D26-FCFE-2DBA-F91C593D06B7</generatorID>
<ownerDesignName>Fase 1 y 2</ownerDesignName>
<engineerTo>
<item key="C7255D90-E931-C901-ECB8-DCDFEBFAA6EB" value="true"/>
</engineerTo>
<useDomainConstraints>false</useDomainConstraints>
<use>1</use>
<logicalDatatype>LOGDT019</logicalDatatype>
<ownDataTypeParameters>,,</ownDataTypeParameters>
</Attribute>
<Attribute name="nombre comuna" id="C975628C-B097-F4D0-2717-20DF258676A5">
<createdBy>mily_</createdBy>
<createdTime>2025-10-12 14:34:29 UTC</createdTime>
<ownerDesignName>Fase 1 y 2</ownerDesignName>
<engineerTo>
<item key="C7255D90-E931-C901-ECB8-DCDFEBFAA6EB" value="true"/>
</engineerTo>
<useDomainConstraints>false</useDomainConstraints>
<use>1</use>
<logicalDatatype>LOGDT024</logicalDatatype>
<dataTypeSize>80</dataTypeSize>
<ownDataTypeParameters>80,,</ownDataTypeParameters>
</Attribute>
<Attribute name="REGION id region" id="65587CF0-1A48-EAD2-B981-F4FAD51D89F0">
<createdBy>mily_</createdBy>
<createdTime>2025-10-12 14:36:53 UTC</createdTime>
<generatorID>7CB86085-D8F9-3633-6B84-FFFB8B37DBCF</generatorID>
<ownerDesignName>Fase 1 y 2</ownerDesignName>
<engineerTo>
<item key="C7255D90-E931-C901-ECB8-DCDFEBFAA6EB" value="true"/>
</engineerTo>
<referedAttribute>EF52402C-1ED3-9381-C5AF-6987D88B8D5D</referedAttribute>
<useDomainConstraints>false</useDomainConstraints>
<use>1</use>
<logicalDatatype>LOGDT019</logicalDatatype>
<dataTypePrecision>4</dataTypePrecision>
<ownDataTypeParameters>,,</ownDataTypeParameters>
</Attribute>
</attributes>
<identifiers itemClass="oracle.dbtools.crest.model.design.logical.CandidateKey">
<identifier id="5060EACD-44D8-5C09-6D6B-8C1C7079CC35" name="COMUNA PK">
<createdBy>mily_</createdBy>
<createdTime>2025-10-12 14:34:26 UTC</createdTime>
<ownerDesignName>Fase 1 y 2</ownerDesignName>
<shouldEngineer>false</shouldEngineer>
<engineerTo>
<item key="C7255D90-E931-C901-ECB8-DCDFEBFAA6EB" value="false"/>
</engineerTo>
<pk>true</pk>
<usedAttributes>
<attributeRef>D43D1B0A-21E3-CBB8-FA91-E0B715F48BE8</attributeRef>
</usedAttributes>
</identifier>
</identifiers>
</Entity>