<?xml version = '1.0' encoding = 'UTF-8'?>
<Entity class="oracle.dbtools.crest.model.design.logical.Entity" directorySegmentName="seg_0" id="EDD0B053-3AA6-B1AA-6808-6D059EB6FC65" name="TIPO MAQUINA">
<createdBy>mily_</createdBy>
<createdTime>2025-10-12 14:41:54 UTC</createdTime>
<ownerDesignName>Fase 1 y 2</ownerDesignName>
<engineerTo>
<item key="C7255D90-E931-C901-ECB8-DCDFEBFAA6EB" value="true"/>
</engineerTo>
<adequatelyNormalized>NO</adequatelyNormalized>
<expectedVolumes>0</expectedVolumes>
<fwdEngineeringStrategyName>Single Table</fwdEngineeringStrategyName>
<growthPercent>0</growthPercent>
<growthType>Year</growthType>
<maxVolumes>9999999</maxVolumes>
<minVolumes>0</minVolumes>
<normalForm>Third</normalForm>
<attributes itemClass="oracle.dbtools.crest.model.design.logical.Attribute">
<Attribute name="id tipo" id="A97EAA9A-F2E3-0B34-2213-D394010C8181">
<createdBy>mily_</createdBy>
<createdTime>2025-10-12 14:41:57 UTC</createdTime>
<ownerDesignName>Fase 1 y 2</ownerDesignName>
<engineerTo>
<item key="C7255D90-E931-C901-ECB8-DCDFEBFAA6EB" value="true"/>
</engineerTo>
<useDomainConstraints>false</useDomainConstraints>
<use>1</use>
<logicalDatatype>LOGDT019</logicalDatatype>
<ownDataTypeParameters>,,</ownDataTypeParameters>
</Attribute>
<Attribute name="nombre tipo" id="3CDDF3D9-9F2E-F982-3AAE-EF74E5204E4C">
<createdBy>mily_</createdBy>
<createdTime>2025-10-12 14:42:12 UTC</createdTime>
<ownerDesignName>Fase 1 y 2</ownerDesignName>
<engineerTo>
<item key="C7255D90-E931-C901-ECB8-DCDFEBFAA6EB" value="true"/>
</engineerTo>
<useDomainConstraints>false</useDomainConstraints>
<use>1</use>
<logicalDatatype>LOGDT024</logicalDatatype>
<dataTypeSize>60</dataTypeSize>
<ownDataTypeParameters>60,,</ownDataTypeParameters>
</Attribute>
</attributes>
<identifiers itemClass="oracle.dbtools.crest.model.design.logical.CandidateKey">
<identifier id="F789D4FA-6C0B-23C7-C5A9-0C00565C11DD" name="TIPO_MAQUINA_PK">
<createdBy>mily_</createdBy>
<createdTime>2025-10-12 14:42:11 UTC</createdTime>
<ownerDesignName>Fase 1 y 2</ownerDesignName>
<shouldEngineer>false</shouldEngineer>
<engineerTo>
<item key="C7255D90-E931-C901-ECB8-DCDFEBFAA6EB" value="false"/>
</engineerTo>
<pk>true</pk>
<usedAttributes>
<attributeRef>A97EAA9A-F2E3-0B34-2213-D394010C8181</attributeRef>
</usedAttributes>
</identifier>
<identifier id="0DB0732C-8C9C-499C-12FF-20BAE5E12A7E" name="TIPO_MAQUINA_nombre_tipo_UN">
<createdBy>mily_</createdBy>
<createdTime>2025-10-12 14:44:45 UTC</createdTime>
<generatorID>FC881FF1-8A4F-9DF5-99FC-7F108A9DC369</generatorID>
<ownerDesignName>Fase 1 y 2</ownerDesignName>
<shouldEngineer>false</shouldEngineer>
<engineerTo>
<item key="C7255D90-E931-C901-ECB8-DCDFEBFAA6EB" value="false"/>
</engineerTo>
<usedAttributes>
<attributeRef>3CDDF3D9-9F2E-F982-3AAE-EF74E5204E4C</attributeRef>
</usedAttributes>
</identifier>
</identifiers>
</Entity>