<?xml version = '1.0' encoding = 'UTF-8'?>
<Entity class="oracle.dbtools.crest.model.design.logical.Entity" directorySegmentName="seg_0" id="F6CB15ED-1247-F07E-7C9D-FE29055F1245" name="EMPLEADO">
<createdBy>mily_</createdBy>
<createdTime>2025-10-12 15:09:05 UTC</createdTime>
<generatorID>B3F4E91F-571E-35D6-5E55-60757CFA66F5</generatorID>
<ownerDesignName>Fase 1 y 2</ownerDesignName>
<engineerTo>
<item key="C7255D90-E931-C901-ECB8-DCDFEBFAA6EB" value="true"/>
</engineerTo>
<adequatelyNormalized>NO</adequatelyNormalized>
<expectedVolumes>0</expectedVolumes>
<fwdEngineeringStrategyName>Single Table</fwdEngineeringStrategyName>
<growthPercent>0</growthPercent>
<growthType>Year</growthType>
<maxVolumes>9999999</maxVolumes>
<minVolumes>0</minVolumes>
<normalForm>Third</normalForm>
<discriminatorAttributeID>D95F6D4F-BAB3-FCDC-C3D7-AB00FE272A8D</discriminatorAttributeID>
<attributes itemClass="oracle.dbtools.crest.model.design.logical.Attribute">
<Attribute name="id empleado" id="B072EE76-9A64-C7BA-B204-A937DAA7F8CF">
<createdBy>mily_</createdBy>
<createdTime>2025-10-12 15:09:05 UTC</createdTime>
<generatorID>72B99B86-8756-B168-2426-93A5BD51D3B8</generatorID>
<ownerDesignName>Fase 1 y 2</ownerDesignName>
<engineerTo>
<item key="C7255D90-E931-C901-ECB8-DCDFEBFAA6EB" value="true"/>
</engineerTo>
<useDomainConstraints>false</useDomainConstraints>
<use>1</use>
<logicalDatatype>LOGDT019</logicalDatatype>
<ownDataTypeParameters>,,</ownDataTypeParameters>
</Attribute>
<Attribute name="rut" id="BE30F7BB-B1BE-57E3-B9D7-8B582F1E82E4">
<createdBy>mily_</createdBy>
<createdTime>2025-10-12 15:09:05 UTC</createdTime>
<generatorID>2316521E-717A-DC5E-1EC1-E7B0FF588192</generatorID>
<ownerDesignName>Fase 1 y 2</ownerDesignName>
<engineerTo>
<item key="C7255D90-E931-C901-ECB8-DCDFEBFAA6EB" value="true"/>
</engineerTo>
<useDomainConstraints>false</useDomainConstraints>
<use>1</use>
<logicalDatatype>LOGDT019</logicalDatatype>
<dataTypePrecision>9</dataTypePrecision>
<ownDataTypeParameters>,9,</ownDataTypeParameters>
</Attribute>
<Attribute name="dv" id="47FEE461-5675-48FC-5986-3F395F6FF44B">
<createdBy>mily_</createdBy>
<createdTime>2025-10-12 15:09:05 UTC</createdTime>
<generatorID>B86B411B-F4CB-B5AC-C952-4DC8CA294FEF</generatorID>
<ownerDesignName>Fase 1 y 2</ownerDesignName>
<engineerTo>
<item key="C7255D90-E931-C901-ECB8-DCDFEBFAA6EB" value="true"/>
</engineerTo>
<constraintName>EMP_DV_CK</constraintName>
<useDomainConstraints>false</useDomainConstraints>
<use>1</use>
<logicalDatatype>LOGDT025</logicalDatatype>
<dataTypeSize>1</dataTypeSize>
<listOfValues>
<valueDef value="&apos;0&apos;" description=""/>
<valueDef value="&apos;1&apos;" description=""/>
<valueDef value="&apos;2&apos;" description=""/>
<valueDef value="&apos;3&apos;" description=""/>
<valueDef value="&apos;4&apos;" description=""/>
<valueDef value="&apos;5&apos;" description=""/>
<valueDef value="&apos;6&apos;" description=""/>
<valueDef value="&apos;7&apos;" description=""/>
<valueDef value="&apos;8&apos;" description=""/>
<valueDef value="&apos;9&apos;" description=""/>
<valueDef value="&apos;K&apos;" description=""/>
</listOfValues>
<ownDataTypeParameters>1,,</ownDataTypeParameters>
</Attribute>
<Attribute name="nombres" id="1200D0C2-6988-9B73-3804-9A7BC2F9170F">
<createdBy>mily_</createdBy>
<createdTime>2025-10-12 15:09:05 UTC</createdTime>
<generatorID>D59C6895-56EB-3CAD-CD2F-99577C456D06</generatorID>
<ownerDesignName>Fase 1 y 2</ownerDesignName>
<engineerTo>
<item key="C7255D90-E931-C901-ECB8-DCDFEBFAA6EB" value="true"/>
</engineerTo>
<useDomainConstraints>false</useDomainConstraints>
<use>1</use>
<logicalDatatype>LOGDT024</logicalDatatype>
<dataTypeSize>80</dataTypeSize>
<ownDataTypeParameters>80,,</ownDataTypeParameters>
</Attribute>
<Attribute name="apellidos" id="A22464F6-8804-9F5C-7857-38A2A35556D1">
<createdBy>mily_</createdBy>
<createdTime>2025-10-12 15:09:05 UTC</createdTime>
<generatorID>D178A35E-6342-54D2-ABC4-9BC9C8B92284</generatorID>
<ownerDesignName>Fase 1 y 2</ownerDesignName>
<engineerTo>
<item key="C7255D90-E931-C901-ECB8-DCDFEBFAA6EB" value="true"/>
</engineerTo>
<useDomainConstraints>false</useDomainConstraints>
<use>1</use>
<logicalDatatype>LOGDT024</logicalDatatype>
<dataTypeSize>80</dataTypeSize>
<ownDataTypeParameters>80,,</ownDataTypeParameters>
</Attribute>
<Attribute name="fecha contratacion" id="D2A92BD4-943C-386D-4310-2261C02E9D53">
<createdBy>mily_</createdBy>
<createdTime>2025-10-12 15:09:05 UTC</createdTime>
<generatorID>A5B7F0E8-71C5-D0B7-D8F7-18709E6D827B</generatorID>
<ownerDesignName>Fase 1 y 2</ownerDesignName>
<engineerTo>
<item key="C7255D90-E931-C901-ECB8-DCDFEBFAA6EB" value="true"/>
</engineerTo>
<useDomainConstraints>false</useDomainConstraints>
<use>1</use>
<logicalDatatype>LOGDT007</logicalDatatype>
<ownDataTypeParameters>,,</ownDataTypeParameters>
</Attribute>
<Attribute name="sueldo base" id="4FD560D3-F517-A012-7B8D-703C7E90B153">
<createdBy>mily_</createdBy>
<createdTime>2025-10-12 15:09:05 UTC</createdTime>
<generatorID>CADD09A1-6861-1A0D-BEF0-B900651BF787</generatorID>
<ownerDesignName>Fase 1 y 2</ownerDesignName>
<engineerTo>
<item key="C7255D90-E931-C901-ECB8-DCDFEBFAA6EB" value="true"/>
</engineerTo>
<useDomainConstraints>false</useDomainConstraints>
<use>1</use>
<logicalDatatype>LOGDT019</logicalDatatype>
<dataTypePrecision>10</dataTypePrecision>
<ownDataTypeParameters>,10,</ownDataTypeParameters>
</Attribute>
<Attribute name="activo" id="5D93A966-B0CC-5CA2-230B-6C4EC37FC62D">
<createdBy>mily_</createdBy>
<createdTime>2025-10-12 15:09:05 UTC</createdTime>
<generatorID>E0ADB453-E29A-161F-86C3-2676A5458978</generatorID>
<ownerDesignName>Fase 1 y 2</ownerDesignName>
<engineerTo>
<item key="C7255D90-E931-C901-ECB8-DCDFEBFAA6EB" value="true"/>
</engineerTo>
<constraintName>EMP_ACTIVO_CK</constraintName>
<useDomainConstraints>false</useDomainConstraints>
<use>1</use>
<logicalDatatype>LOGDT025</logicalDatatype>
<dataTypeSize>1</dataTypeSize>
<listOfValues>
<valueDef value="&apos;N&apos;" description=""/>
<valueDef value="&apos;S&apos;" description=""/>
</listOfValues>
<defaultValue>&apos;S&apos;</defaultValue>
<ownDataTypeParameters>1,,</ownDataTypeParameters>
</Attribute>
<Attribute name="tipo empleado" id="D95F6D4F-BAB3-FCDC-C3D7-AB00FE272A8D">
<createdBy>mily_</createdBy>
<createdTime>2025-10-12 16:12:49 UTC</createdTime>
<ownerDesignName>Fase 1 y 2</ownerDesignName>
<engineerTo>
<item key="C7255D90-E931-C901-ECB8-DCDFEBFAA6EB" value="true"/>
</engineerTo>
<constraintName>EMP_TIPO_CK</constraintName>
<useDomainConstraints>false</useDomainConstraints>
<use>1</use>
<logicalDatatype>LOGDT025</logicalDatatype>
<dataTypeSize>12</dataTypeSize>
<listOfValues>
<valueDef value="&apos;JEFE_TURNO&apos;" description=""/>
<valueDef value="&apos;OPERARIO&apos;" description=""/>
<valueDef value="&apos;TECNICO_MANT&apos;" description=""/>
</listOfValues>
<ownDataTypeParameters>12,,</ownDataTypeParameters>
</Attribute>
<Attribute name="PLANTA id planta" id="7C726C39-F4D7-84D6-F258-2A366B9F6D78">
<createdBy>mily_</createdBy>
<createdTime>2025-10-12 15:10:00 UTC</createdTime>
<generatorID>32B6E837-BD5D-E636-0426-29577873E63B</generatorID>
<ownerDesignName>Fase 1 y 2</ownerDesignName>
<engineerTo>
<item key="C7255D90-E931-C901-ECB8-DCDFEBFAA6EB" value="true"/>
</engineerTo>
<referedAttribute>4FEC466D-8856-71A1-986A-F535FBE875B6</referedAttribute>
<useDomainConstraints>false</useDomainConstraints>
<use>1</use>
<logicalDatatype>LOGDT019</logicalDatatype>
<ownDataTypeParameters>,,</ownDataTypeParameters>
</Attribute>
<Attribute name="SALUD id salud" id="F4C3B75B-A598-D485-FAFC-416BD2471333">
<createdBy>mily_</createdBy>
<createdTime>2025-10-12 15:10:05 UTC</createdTime>
<generatorID>662AA7F3-8B3A-1BB1-6EA5-0F7E46AD21DE</generatorID>
<ownerDesignName>Fase 1 y 2</ownerDesignName>
<engineerTo>
<item key="C7255D90-E931-C901-ECB8-DCDFEBFAA6EB" value="true"/>
</engineerTo>
<referedAttribute>56A7D79B-DC8E-2281-593C-D89C1BE7A13E</referedAttribute>
<useDomainConstraints>false</useDomainConstraints>
<use>1</use>
<logicalDatatype>LOGDT019</logicalDatatype>
<ownDataTypeParameters>,,</ownDataTypeParameters>
</Attribute>
<Attribute name="AFP id afp" id="AE34A9E2-095E-8A39-417C-818A629B8EA5">
<createdBy>mily_</createdBy>
<createdTime>2025-10-12 15:10:13 UTC</createdTime>
<generatorID>7FC36E22-2CBC-5D36-4DAE-A5770F2AC6EC</generatorID>
<ownerDesignName>Fase 1 y 2</ownerDesignName>
<engineerTo>
<item key="C7255D90-E931-C901-ECB8-DCDFEBFAA6EB" value="true"/>
</engineerTo>
<referedAttribute>21A26880-1BDA-F2F6-A10A-F8F5A6E4FD96</referedAttribute>
<useDomainConstraints>false</useDomainConstraints>
<use>1</use>
<logicalDatatype>LOGDT019</logicalDatatype>
<ownDataTypeParameters>,,</ownDataTypeParameters>
</Attribute>
<Attribute name="JEFE_DIRECTO_id_empleado" id="38602FC3-86BF-796B-0860-41D5B74908A7">
<createdBy>mily_</createdBy>
<createdTime>2025-10-12 19:59:34 UTC</createdTime>
<generatorID>E02432BD-F3EB-9A01-F15A-72ED4C3A244C</generatorID>
<ownerDesignName>Fase 1 y 2</ownerDesignName>
<engineerTo>
<item key="C7255D90-E931-C901-ECB8-DCDFEBFAA6EB" value="true"/>
</engineerTo>
<nullsAllowed>true</nullsAllowed>
<referedAttribute>B072EE76-9A64-C7BA-B204-A937DAA7F8CF</referedAttribute>
<useDomainConstraints>false</useDomainConstraints>
<use>1</use>
<logicalDatatype>LOGDT019</logicalDatatype>
<ownDataTypeParameters>,,</ownDataTypeParameters>
</Attribute>
</attributes>
<identifiers itemClass="oracle.dbtools.crest.model.design.logical.CandidateKey">
<identifier id="7B85CDE4-5312-7816-DC90-2B9EF6C6EA97" name="EMPLEADO PK">
<createdBy>mily_</createdBy>
<createdTime>2025-10-12 15:09:05 UTC</createdTime>
<generatorID>1FF054A4-4E8A-2222-0B50-4D1B7810E8B7</generatorID>
<ownerDesignName>Fase 1 y 2</ownerDesignName>
<shouldEngineer>false</shouldEngineer>
<engineerTo>
<item key="C7255D90-E931-C901-ECB8-DCDFEBFAA6EB" value="false"/>
</engineerTo>
<pk>true</pk>
<usedAttributes>
<attributeRef>B072EE76-9A64-C7BA-B204-A937DAA7F8CF</attributeRef>
</usedAttributes>
</identifier>
<identifier id="ECB3DC86-844E-8AB4-5475-5533029FD68D" name="EMPLEADO_rut_UN">
<createdBy>mily_</createdBy>
<createdTime>2025-10-12 15:09:05 UTC</createdTime>
<generatorID>43CE34F5-6427-75E0-AA56-9D9260AFFB9E</generatorID>
<ownerDesignName>Fase 1 y 2</ownerDesignName>
<shouldEngineer>false</shouldEngineer>
<engineerTo>
<item key="C7255D90-E931-C901-ECB8-DCDFEBFAA6EB" value="false"/>
</engineerTo>
<usedAttributes>
<attributeRef>BE30F7BB-B1BE-57E3-B9D7-8B582F1E82E4</attributeRef>
</usedAttributes>
</identifier>
</identifiers>
</Entity>