<?xml version = '1.0' encoding = 'UTF-8'?>
<FKIndexAssociation class="oracle.dbtools.crest.model.design.relational.FKIndexAssociation" directorySegmentName="seg_0" id="3FF793CA-F375-ADDF-1375-553FA7AC6B08" containerWithKeyObject="4D4FA447-6601-D86E-FD02-FE39D99F3DC4" localFKIndex="B358534D-02CC-5DF0-6FA4-C9625122FCC8" name="FK_PP_POSTULANTE">
<createdBy>milfernandez</createdBy>
<createdTime>2025-09-09 01:38:17 UTC</createdTime>
<ownerDesignName>Semana4 v1</ownerDesignName>
<referredTableLongName>POSTULANTE</referredTableLongName>
<deleteRule>NO ACTION</deleteRule>
<referredTableID>2E2E2D85-BCBD-A587-B10F-BDF16E4A2437</referredTableID>
<keyObject>3EDBB4C0-BB3A-BE1F-B546-033B52835ECE</keyObject>
<referredKeyID>3EDBB4C0-BB3A-BE1F-B546-033B52835ECE</referredKeyID>
<mandatory>true</mandatory>
<refColNames>folio_postulante</refColNames>
<transferable>true</transferable>
<rely>false</rely>
<columnDependencyConstraintGenerateInDDL>true</columnDependencyConstraintGenerateInDDL>
</FKIndexAssociation>