<?xml version = '1.0' encoding = 'UTF-8'?>
<FKIndexAssociation class="oracle.dbtools.crest.model.design.relational.FKIndexAssociation" directorySegmentName="seg_0" id="4E06EBC7-A08D-B172-5506-AB7E5BD858C0" containerWithKeyObject="4D4FA447-6601-D86E-FD02-FE39D99F3DC4" localFKIndex="4BA47D8C-98D3-198E-45FB-E2609D731622" name="FK_PP_PROFESION">
<createdBy>milfernandez</createdBy>
<createdTime>2025-09-09 01:39:51 UTC</createdTime>
<ownerDesignName>Semana4 v1</ownerDesignName>
<referredTableLongName>PROFESION</referredTableLongName>
<deleteRule>NO ACTION</deleteRule>
<referredTableID>127EA32A-374A-9F26-6B7D-22C1978F1E5D</referredTableID>
<keyObject>48C1426F-DF27-1E77-905C-0CD2139D5B3E</keyObject>
<referredKeyID>48C1426F-DF27-1E77-905C-0CD2139D5B3E</referredKeyID>
<mandatory>true</mandatory>
<refColNames>id_profesion</refColNames>
<transferable>true</transferable>
<rely>false</rely>
<columnDependencyConstraintGenerateInDDL>true</columnDependencyConstraintGenerateInDDL>
</FKIndexAssociation>