<?xml version = '1.0' encoding = 'UTF-8'?>
<FKIndexAssociation class="oracle.dbtools.crest.model.design.relational.FKIndexAssociation" directorySegmentName="seg_0" id="80709196-BE6C-EDE6-C3AB-8C0BC8803B9E" containerWithKeyObject="8973A4C6-32D3-3C69-F439-4078C72D94C3" localFKIndex="A67CD0B1-9F93-592C-311A-9D08EEB8DDF1" name="FK_VISA_POSTULACION">
<createdBy>milfernandez</createdBy>
<createdTime>2025-09-09 01:52:32 UTC</createdTime>
<ownerDesignName>Semana4 v1</ownerDesignName>
<referredTableLongName>POSTULACION</referredTableLongName>
<deleteRule>NO ACTION</deleteRule>
<referredTableID>7CE9A07D-7BC7-A7B5-FFB6-B5708AF83308</referredTableID>
<keyObject>FC0AEE4A-7ED4-7C31-E68C-77613AAD3C71</keyObject>
<referredKeyID>FC0AEE4A-7ED4-7C31-E68C-77613AAD3C71</referredKeyID>
<mandatory>true</mandatory>
<refColNames>id_postulacion</refColNames>
<transferable>true</transferable>
<rely>false</rely>
<columnDependencyConstraintGenerateInDDL>true</columnDependencyConstraintGenerateInDDL>
</FKIndexAssociation>