<?xml version = '1.0' encoding = 'UTF-8'?>
<FKIndexAssociation class="oracle.dbtools.crest.model.design.relational.FKIndexAssociation" directorySegmentName="seg_0" id="85FF9439-2450-E89E-D251-D30BFED21DE9" containerWithKeyObject="7CE9A07D-7BC7-A7B5-FFB6-B5708AF83308" localFKIndex="0CCA3011-8633-C088-2A49-6FBC030F3053" name="FK_POSTULACION_EMPRESA">
<createdBy>milfernandez</createdBy>
<createdTime>2025-09-09 01:45:54 UTC</createdTime>
<ownerDesignName>Semana4 v1</ownerDesignName>
<referredTableLongName>EMPRESA</referredTableLongName>
<deleteRule>NO ACTION</deleteRule>
<referredTableID>0711F802-5E55-74E6-DD62-E8CB52EC85FD</referredTableID>
<keyObject>E3CCE11A-6D5C-7046-96FF-11FA2F5C22E1</keyObject>
<referredKeyID>E3CCE11A-6D5C-7046-96FF-11FA2F5C22E1</referredKeyID>
<mandatory>true</mandatory>
<refColNames>id_empresa</refColNames>
<transferable>true</transferable>
<rely>false</rely>
<columnDependencyConstraintGenerateInDDL>true</columnDependencyConstraintGenerateInDDL>
</FKIndexAssociation>