<?xml version = '1.0' encoding = 'UTF-8'?>
<FKIndexAssociation class="oracle.dbtools.crest.model.design.relational.FKIndexAssociation" directorySegmentName="seg_0" id="EB842107-00CB-4DCF-8A2F-FFBD13FD0A2D" containerWithKeyObject="7CE9A07D-7BC7-A7B5-FFB6-B5708AF83308" localFKIndex="4F13020B-99B9-ECF1-39DB-BF4BDD6D9A3A" name="FK_POSTULACION_POSTULANTE">
<createdBy>milfernandez</createdBy>
<createdTime>2025-09-09 01:45:54 UTC</createdTime>
<ownerDesignName>Semana4 v1</ownerDesignName>
<referredTableLongName>POSTULANTE</referredTableLongName>
<deleteRule>NO ACTION</deleteRule>
<referredTableID>2E2E2D85-BCBD-A587-B10F-BDF16E4A2437</referredTableID>
<keyObject>3EDBB4C0-BB3A-BE1F-B546-033B52835ECE</keyObject>
<referredKeyID>3EDBB4C0-BB3A-BE1F-B546-033B52835ECE</referredKeyID>
<mandatory>true</mandatory>
<refColNames>folio_postulante</refColNames>
<transferable>true</transferable>
<rely>false</rely>
<columnDependencyConstraintGenerateInDDL>true</columnDependencyConstraintGenerateInDDL>
</FKIndexAssociation>