<?xml version = '1.0' encoding = 'UTF-8'?>
<Entity class="oracle.dbtools.crest.model.design.logical.Entity" directorySegmentName="seg_0" id="2A2BAE93-1044-2E54-2D2C-0E946B3A0DBA" name="SALUD">
<createdBy>milfernandez</createdBy>
<createdTime>2025-09-16 01:18:07 UTC</createdTime>
<generatorID>D1BBA641-2B47-41AA-1A59-508F4994270C</generatorID>
<ownerDesignName>semana 5</ownerDesignName>
<engineerTo>
<item key="AAE4C4EB-601B-0362-805C-EB62FBA01C9D" value="true"/>
</engineerTo>
<adequatelyNormalized>NO</adequatelyNormalized>
<expectedVolumes>0</expectedVolumes>
<fwdEngineeringStrategyName>Single Table</fwdEngineeringStrategyName>
<growthPercent>0</growthPercent>
<growthType>Year</growthType>
<maxVolumes>9999999</maxVolumes>
<minVolumes>0</minVolumes>
<normalForm>Third</normalForm>
<attributes itemClass="oracle.dbtools.crest.model.design.logical.Attribute">
<Attribute name="id salud" id="4999D7F6-7C7C-20A5-3266-272F7BD66B40">
<createdBy>milfernandez</createdBy>
<createdTime>2025-09-16 01:18:07 UTC</createdTime>
<generatorID>068128B3-EABD-AA12-D934-7D306989DEB1</generatorID>
<ownerDesignName>semana 5</ownerDesignName>
<engineerTo>
<item key="AAE4C4EB-601B-0362-805C-EB62FBA01C9D" value="true"/>
</engineerTo>
<useDomainConstraints>false</useDomainConstraints>
<use>1</use>
<logicalDatatype>LOGDT019</logicalDatatype>
<dataTypePrecision>4</dataTypePrecision>
<ownDataTypeParameters>,4,</ownDataTypeParameters>
</Attribute>
<Attribute name="nombre salud" id="53E95459-3D47-0483-1A52-02673F0710F5">
<createdBy>milfernandez</createdBy>
<createdTime>2025-09-16 01:18:07 UTC</createdTime>
<generatorID>7DF550DF-366D-8AB5-56B2-CAF6E6E02D9C</generatorID>
<ownerDesignName>semana 5</ownerDesignName>
<engineerTo>
<item key="AAE4C4EB-601B-0362-805C-EB62FBA01C9D" value="true"/>
</engineerTo>
<useDomainConstraints>false</useDomainConstraints>
<use>1</use>
<logicalDatatype>LOGDT024</logicalDatatype>
<dataTypeSize>50</dataTypeSize>
<ownDataTypeParameters>50,,</ownDataTypeParameters>
</Attribute>
</attributes>
<identifiers itemClass="oracle.dbtools.crest.model.design.logical.CandidateKey">
<identifier id="4E512B7B-D14F-161B-E850-D29853FE27D3" name="SALUD PK">
<createdBy>milfernandez</createdBy>
<createdTime>2025-09-16 01:18:07 UTC</createdTime>
<generatorID>D1D19A1A-B9FC-C023-9429-55A692E7EF69</generatorID>
<ownerDesignName>semana 5</ownerDesignName>
<engineerTo>
<item key="AAE4C4EB-601B-0362-805C-EB62FBA01C9D" value="true"/>
</engineerTo>
<pk>true</pk>
<usedAttributes>
<attributeRef>4999D7F6-7C7C-20A5-3266-272F7BD66B40</attributeRef>
</usedAttributes>
</identifier>
<identifier id="04666E3D-0D7C-6C4E-1250-3B5AF67E5825" name="SALUD  UN">
<createdBy>milfernandez</createdBy>
<createdTime>2025-09-16 01:18:07 UTC</createdTime>
<generatorID>C2F7CE22-83B1-919D-ABA4-5448E6C38661</generatorID>
<ownerDesignName>semana 5</ownerDesignName>
<engineerTo>
<item key="AAE4C4EB-601B-0362-805C-EB62FBA01C9D" value="true"/>
</engineerTo>
<usedAttributes>
<attributeRef>53E95459-3D47-0483-1A52-02673F0710F5</attributeRef>
</usedAttributes>
</identifier>
</identifiers>
</Entity>