<?xml version = '1.0' encoding = 'UTF-8'?>
<Entity class="oracle.dbtools.crest.model.design.logical.Entity" directorySegmentName="seg_0" id="DD089D97-532E-4D2D-B0CF-773E5090B610" name="PAGO ATENCION">
<createdBy>milfernandez</createdBy>
<createdTime>2025-09-16 01:18:07 UTC</createdTime>
<generatorID>848FCD95-5DD9-4079-8F9A-BE1A7D822198</generatorID>
<ownerDesignName>semana 5</ownerDesignName>
<engineerTo>
<item key="AAE4C4EB-601B-0362-805C-EB62FBA01C9D" value="true"/>
</engineerTo>
<adequatelyNormalized>NO</adequatelyNormalized>
<expectedVolumes>0</expectedVolumes>
<fwdEngineeringStrategyName>Single Table</fwdEngineeringStrategyName>
<growthPercent>0</growthPercent>
<growthType>Year</growthType>
<maxVolumes>9999999</maxVolumes>
<minVolumes>0</minVolumes>
<normalForm>Third</normalForm>
<attributes itemClass="oracle.dbtools.crest.model.design.logical.Attribute">
<Attribute name="id pago" id="5C45B82E-D280-8F34-5681-0CF0E0322FE0">
<createdBy>milfernandez</createdBy>
<createdTime>2025-09-16 01:18:07 UTC</createdTime>
<generatorID>9179542E-BE5A-FE2B-01AC-D0CD85096852</generatorID>
<ownerDesignName>semana 5</ownerDesignName>
<engineerTo>
<item key="AAE4C4EB-601B-0362-805C-EB62FBA01C9D" value="true"/>
</engineerTo>
<useDomainConstraints>false</useDomainConstraints>
<use>1</use>
<logicalDatatype>LOGDT019</logicalDatatype>
<dataTypePrecision>6</dataTypePrecision>
<ownDataTypeParameters>,6,</ownDataTypeParameters>
</Attribute>
<Attribute name="monto" id="5EC8D5A2-15E1-E751-12E7-49505CDB454A">
<createdBy>milfernandez</createdBy>
<createdTime>2025-09-16 01:18:07 UTC</createdTime>
<generatorID>01F011C3-4F7A-CD77-63B5-07E7EB67541C</generatorID>
<ownerDesignName>semana 5</ownerDesignName>
<engineerTo>
<item key="AAE4C4EB-601B-0362-805C-EB62FBA01C9D" value="true"/>
</engineerTo>
<useDomainConstraints>false</useDomainConstraints>
<use>1</use>
<logicalDatatype>LOGDT019</logicalDatatype>
<dataTypePrecision>10</dataTypePrecision>
<dataTypeScale>2</dataTypeScale>
<ownDataTypeParameters>,10,2</ownDataTypeParameters>
</Attribute>
<Attribute name="tipo pago" id="D21B9B3A-C257-0A14-2795-F02C1080043D">
<createdBy>milfernandez</createdBy>
<createdTime>2025-09-16 01:18:07 UTC</createdTime>
<generatorID>290A0AE0-4F94-BD6F-8AB2-3C775CD383F1</generatorID>
<ownerDesignName>semana 5</ownerDesignName>
<engineerTo>
<item key="AAE4C4EB-601B-0362-805C-EB62FBA01C9D" value="true"/>
</engineerTo>
<useDomainConstraints>false</useDomainConstraints>
<use>1</use>
<logicalDatatype>LOGDT024</logicalDatatype>
<dataTypeSize>20</dataTypeSize>
<ownDataTypeParameters>20,,</ownDataTypeParameters>
</Attribute>
<Attribute name="id atencion" id="82BB384C-FFEA-A21F-22B0-FC83466B5955">
<createdBy>milfernandez</createdBy>
<createdTime>2025-09-16 01:18:07 UTC</createdTime>
<generatorID>A9B980C9-F60E-D23A-BAC8-212C182A17C0</generatorID>
<ownerDesignName>semana 5</ownerDesignName>
<engineerTo>
<item key="AAE4C4EB-601B-0362-805C-EB62FBA01C9D" value="true"/>
</engineerTo>
<referedAttribute>59ED43E6-C61F-639F-C761-E600749A06BA</referedAttribute>
<useDomainConstraints>false</useDomainConstraints>
<use>1</use>
<logicalDatatype>LOGDT019</logicalDatatype>
<dataTypePrecision>6</dataTypePrecision>
<ownDataTypeParameters>,,</ownDataTypeParameters>
</Attribute>
</attributes>
<identifiers itemClass="oracle.dbtools.crest.model.design.logical.CandidateKey">
<identifier id="1652D2FC-2317-86FD-E1FA-137B5F9DBB39" name="PAGO ATENCION PK">
<createdBy>milfernandez</createdBy>
<createdTime>2025-09-16 01:18:07 UTC</createdTime>
<generatorID>5F274568-F399-79AB-50A4-40FC99363997</generatorID>
<ownerDesignName>semana 5</ownerDesignName>
<engineerTo>
<item key="AAE4C4EB-601B-0362-805C-EB62FBA01C9D" value="true"/>
</engineerTo>
<pk>true</pk>
<usedAttributes>
<attributeRef>5C45B82E-D280-8F34-5681-0CF0E0322FE0</attributeRef>
</usedAttributes>
</identifier>
<identifier id="5C74AA90-4943-4157-A62C-CD9D2BDF8294" name="PAGO ATENCION  UN">
<createdBy>milfernandez</createdBy>
<createdTime>2025-09-16 01:18:07 UTC</createdTime>
<generatorID>79BA5F97-E67C-DE40-5AC5-AC11FF1A640A</generatorID>
<ownerDesignName>semana 5</ownerDesignName>
<engineerTo>
<item key="AAE4C4EB-601B-0362-805C-EB62FBA01C9D" value="true"/>
</engineerTo>
<usedAttributes>
<attributeRef>82BB384C-FFEA-A21F-22B0-FC83466B5955</attributeRef>
</usedAttributes>
</identifier>
</identifiers>
</Entity>