<?xml version = '1.0' encoding = 'UTF-8'?>
<Entity class="oracle.dbtools.crest.model.design.logical.Entity" directorySegmentName="seg_0" id="F9F4E123-02D2-42DA-B9A6-A13B9C25BA60" name="EXAMEN">
<createdBy>milfernandez</createdBy>
<createdTime>2025-09-16 01:18:07 UTC</createdTime>
<generatorID>3802C6DC-628C-7F81-1D8F-B5FDC303562A</generatorID>
<ownerDesignName>semana 5</ownerDesignName>
<engineerTo>
<item key="AAE4C4EB-601B-0362-805C-EB62FBA01C9D" value="true"/>
</engineerTo>
<adequatelyNormalized>NO</adequatelyNormalized>
<expectedVolumes>0</expectedVolumes>
<fwdEngineeringStrategyName>Single Table</fwdEngineeringStrategyName>
<growthPercent>0</growthPercent>
<growthType>Year</growthType>
<maxVolumes>9999999</maxVolumes>
<minVolumes>0</minVolumes>
<normalForm>Third</normalForm>
<attributes itemClass="oracle.dbtools.crest.model.design.logical.Attribute">
<Attribute name="id examen" id="EB539D4A-7FCD-75DF-67DD-AFD8E1564589">
<createdBy>milfernandez</createdBy>
<createdTime>2025-09-16 01:18:07 UTC</createdTime>
<generatorID>A0D5373E-B5E9-C9F4-4E98-2476C7043A9E</generatorID>
<ownerDesignName>semana 5</ownerDesignName>
<engineerTo>
<item key="AAE4C4EB-601B-0362-805C-EB62FBA01C9D" value="true"/>
</engineerTo>
<useDomainConstraints>false</useDomainConstraints>
<use>1</use>
<logicalDatatype>LOGDT019</logicalDatatype>
<dataTypePrecision>5</dataTypePrecision>
<ownDataTypeParameters>,5,</ownDataTypeParameters>
</Attribute>
<Attribute name="nombre examen" id="E04EBBCA-4799-516C-ABBD-9083CA15B8E5">
<createdBy>milfernandez</createdBy>
<createdTime>2025-09-16 01:18:07 UTC</createdTime>
<generatorID>0123AE97-C769-8671-5E98-E526660888D4</generatorID>
<ownerDesignName>semana 5</ownerDesignName>
<engineerTo>
<item key="AAE4C4EB-601B-0362-805C-EB62FBA01C9D" value="true"/>
</engineerTo>
<useDomainConstraints>false</useDomainConstraints>
<use>1</use>
<logicalDatatype>LOGDT024</logicalDatatype>
<dataTypeSize>80</dataTypeSize>
<ownDataTypeParameters>80,,</ownDataTypeParameters>
</Attribute>
<Attribute name="tipo muestra" id="9AE27542-F46B-EDC0-4CB2-D52BDD6A9D1A">
<createdBy>milfernandez</createdBy>
<createdTime>2025-09-16 01:18:07 UTC</createdTime>
<generatorID>550D482F-AD33-ED13-95A2-FC52D8161FDB</generatorID>
<ownerDesignName>semana 5</ownerDesignName>
<engineerTo>
<item key="AAE4C4EB-601B-0362-805C-EB62FBA01C9D" value="true"/>
</engineerTo>
<useDomainConstraints>false</useDomainConstraints>
<use>1</use>
<logicalDatatype>LOGDT024</logicalDatatype>
<dataTypeSize>40</dataTypeSize>
<ownDataTypeParameters>40,,</ownDataTypeParameters>
</Attribute>
<Attribute name="condiciones" id="E41A697A-1077-A32C-709E-51618FF2B183">
<createdBy>milfernandez</createdBy>
<createdTime>2025-09-16 01:18:07 UTC</createdTime>
<generatorID>C78BE3E7-9535-6051-47E8-B51CF6C9B74B</generatorID>
<ownerDesignName>semana 5</ownerDesignName>
<engineerTo>
<item key="AAE4C4EB-601B-0362-805C-EB62FBA01C9D" value="true"/>
</engineerTo>
<nullsAllowed>true</nullsAllowed>
<useDomainConstraints>false</useDomainConstraints>
<use>1</use>
<logicalDatatype>LOGDT024</logicalDatatype>
<dataTypeSize>120</dataTypeSize>
<ownDataTypeParameters>120,,</ownDataTypeParameters>
</Attribute>
</attributes>
<identifiers itemClass="oracle.dbtools.crest.model.design.logical.CandidateKey">
<identifier id="90E8E9E0-8528-60B7-092C-5F88D1C570A4" name="EXAMEN PK">
<createdBy>milfernandez</createdBy>
<createdTime>2025-09-16 01:18:07 UTC</createdTime>
<generatorID>B987ADE7-07E1-6906-DD2C-E7B9910C2314</generatorID>
<ownerDesignName>semana 5</ownerDesignName>
<engineerTo>
<item key="AAE4C4EB-601B-0362-805C-EB62FBA01C9D" value="true"/>
</engineerTo>
<pk>true</pk>
<usedAttributes>
<attributeRef>EB539D4A-7FCD-75DF-67DD-AFD8E1564589</attributeRef>
</usedAttributes>
</identifier>
<identifier id="5834E045-EA53-0E69-F852-4433E75C1010" name="EXAMEN  UN">
<createdBy>milfernandez</createdBy>
<createdTime>2025-09-16 01:18:07 UTC</createdTime>
<generatorID>0EA22C21-384E-EA22-06A2-5A2EBD2FF853</generatorID>
<ownerDesignName>semana 5</ownerDesignName>
<engineerTo>
<item key="AAE4C4EB-601B-0362-805C-EB62FBA01C9D" value="true"/>
</engineerTo>
<usedAttributes>
<attributeRef>E04EBBCA-4799-516C-ABBD-9083CA15B8E5</attributeRef>
</usedAttributes>
</identifier>
</identifiers>
</Entity>