<?xml version = '1.0' encoding = 'UTF-8'?>
<Diagram class="oracle.dbtools.crest.swingui.relational.DPVRelationalSubView" name="From_LM_Logical - SubView_1v1" id="32254DDE-7522-4ACB-8909-5B3A86535463">
<createdBy>milfernandez</createdBy>
<modifiedBy>milfernandez</modifiedBy>
<createdTime>2025-09-01 21:21:36 UTC</createdTime>
<autoRoute>false</autoRoute>
<boxInbox>true</boxInbox>
<showLegend>false</showLegend>
<showLabels>false</showLabels>
<showRelAttributes>false</showRelAttributes>
<gridEnabled>false</gridEnabled>
<showGrid>false</showGrid>
<diagramColor>-1</diagramColor>
<display>false</display>
<generatorId>693AB1D8-6795-E51D-DF13-36B6CAC61442</generatorId>
<notation>1</notation>
<objectViews>
<OView class="oracle.dbtools.crest.swingui.relational.TVTable" oid="3CA80F0E-AE94-D651-587F-12838E9783E8" otype="Table" vid="E6861B4F-821F-6B80-D7C4-3E95A24C9396">
<hideElementsInCurrentOnly>false</hideElementsInCurrentOnly>
<bounds x="517" y="220" width="329" height="194"/>
<generatorID>36C29878-4E59-EB4E-AFF8-6A7435EE16D7</generatorID>
</OView>
</objectViews>
</Diagram>