<?xml version = '1.0' encoding = 'UTF-8'?>
<Diagram class="oracle.dbtools.crest.swingui.relational.DPVRelationalSubView" name="From_LM_From_RM_Relational_1" id="78CAD9FA-24DF-267E-56A5-B3707E83DFE9">
<createdBy>milfernandez</createdBy>
<modifiedBy>milfernandez</modifiedBy>
<createdTime>2025-09-01 21:21:36 UTC</createdTime>
<autoRoute>false</autoRoute>
<boxInbox>true</boxInbox>
<showLegend>false</showLegend>
<showLabels>false</showLabels>
<showRelAttributes>false</showRelAttributes>
<gridEnabled>false</gridEnabled>
<showGrid>false</showGrid>
<diagramColor>-1</diagramColor>
<display>false</display>
<generatorId>F7FEF159-CC6A-5617-C101-8750870D22A9</generatorId>
<notation>1</notation>
<objectViews>
<OView class="oracle.dbtools.crest.swingui.relational.TVTable" oid="2137F83B-AB13-C39E-4781-DA73DED39CA5" otype="Table" vid="E078B35B-DAE5-BFAC-D2C2-F7AA9B423157">
<hideElementsInCurrentOnly>false</hideElementsInCurrentOnly>
<bounds x="971" y="289" width="156" height="122"/>
<generatorID>B45DDEFA-C0C6-8BD1-876F-560FE3CFBF7F</generatorID>
</OView>
<OView class="oracle.dbtools.crest.swingui.relational.TVTable" oid="2F7B9239-DE37-C507-BF0F-88D0BAB5673A" otype="Table" vid="99B6666C-D3B9-751A-2131-7104B6D566E9">
<hideElementsInCurrentOnly>false</hideElementsInCurrentOnly>
<bounds x="670" y="314" width="119" height="66"/>
<generatorID>B529BD0F-4D3E-A5B9-8EF7-C9FEC273D29F</generatorID>
</OView>
<OView class="oracle.dbtools.crest.swingui.relational.TVTable" oid="36E0AD92-A908-01CC-2385-9DD7F20C99E8" otype="Table" vid="9ED668C8-E4EA-E891-F1A5-867ACEB07ED3">
<hideElementsInCurrentOnly>false</hideElementsInCurrentOnly>
<bounds x="125" y="5" width="108" height="91"/>
<generatorID>82B72D16-5107-978B-B1C5-812C3F10B732</generatorID>
</OView>
<OView class="oracle.dbtools.crest.swingui.relational.TVTable" oid="3CA80F0E-AE94-D651-587F-12838E9783E8" otype="Table" vid="75458C44-E0E4-4FFE-7135-C4F0611D739D">
<hideElementsInCurrentOnly>false</hideElementsInCurrentOnly>
<bounds x="517" y="220" width="329" height="194"/>
<generatorID>3940FDAC-9E71-D11F-6CBB-5A5227EF8A13</generatorID>
</OView>
<OView class="oracle.dbtools.crest.swingui.relational.TVTable" oid="657C081F-8A6C-EBC0-9F65-DA4C4F4B28ED" otype="Table" vid="5A7FA913-4583-C628-C0D5-01A150901F40">
<hideElementsInCurrentOnly>false</hideElementsInCurrentOnly>
<bounds x="533" y="311" width="97" height="75"/>
<generatorID>1D689FB9-15CA-E639-7802-14F9C665EBC4</generatorID>
</OView>
<OView class="oracle.dbtools.crest.swingui.relational.TVTable" oid="65E659A4-8F82-8EF8-9243-91FA91283196" otype="Table" vid="A810C364-9FAF-482F-89FC-357904D1BCB4">
<hideElementsInCurrentOnly>false</hideElementsInCurrentOnly>
<bounds x="995" y="0" width="138" height="118"/>
<generatorID>B9E3AE38-3B2B-D140-1271-01D023B0CAA1</generatorID>
</OView>
<OView class="oracle.dbtools.crest.swingui.relational.TVTable" oid="79B6E0E9-EBE2-ACE6-F20D-BECA3657C261" otype="Table" vid="EC612827-8B1C-BF04-3CFC-00DC4E4918CE">
<hideElementsInCurrentOnly>false</hideElementsInCurrentOnly>
<bounds x="150" y="385" width="104" height="65"/>
<generatorID>29BEB11C-852B-572A-1D88-2F943296A633</generatorID>
</OView>
<OView class="oracle.dbtools.crest.swingui.relational.TVTable" oid="963D3286-2A33-0F9F-B8A9-D58F6751E8AF" otype="Table" vid="00786096-01EF-1C49-38E4-144EEE89FA41">
<hideElementsInCurrentOnly>false</hideElementsInCurrentOnly>
<bounds x="270" y="158" width="203" height="136"/>
<generatorID>6CCF0B26-4AD6-39C6-8211-8CCBA123FBC9</generatorID>
</OView>
<OView class="oracle.dbtools.crest.swingui.relational.TVTable" oid="A191DA3E-F485-E7BC-C75E-A4B7E01B169E" otype="Table" vid="B516AC08-42AF-EA01-AEAE-FF7F449E55F8">
<hideElementsInCurrentOnly>false</hideElementsInCurrentOnly>
<bounds x="35" y="299" width="229" height="161"/>
<generatorID>27CD5785-B0C8-E91C-6A52-2D3AC0A1E090</generatorID>
</OView>
<OView class="oracle.dbtools.crest.swingui.relational.TVTable" oid="BC4FD352-6FDE-38D3-A987-A06CC4C9EC48" otype="Table" vid="A89A6DF1-10DB-15FD-A4CF-D016C93E618F">
<hideElementsInCurrentOnly>false</hideElementsInCurrentOnly>
<bounds x="733" y="16" width="152" height="84"/>
<generatorID>3B50BB19-B223-74E6-88D7-97DC695B17BF</generatorID>
</OView>
<OView class="oracle.dbtools.crest.swingui.relational.TVTable" oid="EA8FD95D-D7CB-735E-9022-1626BD520296" otype="Table" vid="EA762175-188B-3C86-6000-70FCEBC78548">
<hideElementsInCurrentOnly>false</hideElementsInCurrentOnly>
<bounds x="45" y="385" width="97" height="65"/>
<generatorID>FB7408C7-5FB6-11E0-052B-3BE559DC4CB0</generatorID>
</OView>
</objectViews>
<connectors>
<Connector class="oracle.dbtools.crest.swingui.relational.TVFKRelation" oid="04E04D5B-EFAC-8D5E-7B36-E4A1FD9529B6" otype="FKIndexAssociation" vid_source="00786096-01EF-1C49-38E4-144EEE89FA41" vid_target="9ED668C8-E4EA-E891-F1A5-867ACEB07ED3">
<hideElementsInCurrentOnly>false</hideElementsInCurrentOnly>
<backgroundColor>-16777216</backgroundColor>
<lineWidth>1</lineWidth>
<points>
<point x="306" y="158"/>
<point x="233" y="71"/>
</points>
</Connector>
<Connector class="oracle.dbtools.crest.swingui.relational.TVFKRelation" oid="0591FF54-6739-6452-A702-019B3786C559" otype="FKIndexAssociation" vid_source="E078B35B-DAE5-BFAC-D2C2-F7AA9B423157" vid_target="75458C44-E0E4-4FFE-7135-C4F0611D739D">
<hideElementsInCurrentOnly>false</hideElementsInCurrentOnly>
<backgroundColor>-16777216</backgroundColor>
<lineWidth>1</lineWidth>
<points>
<point x="971" y="365"/>
<point x="846" y="365"/>
</points>
</Connector>
<Connector class="oracle.dbtools.crest.swingui.relational.TVFKRelation" oid="1261082D-DFF6-3C7F-7B7A-602FE71F0F83" otype="FKIndexAssociation" vid_source="00786096-01EF-1C49-38E4-144EEE89FA41" vid_target="75458C44-E0E4-4FFE-7135-C4F0611D739D">
<hideElementsInCurrentOnly>false</hideElementsInCurrentOnly>
<backgroundColor>-16777216</backgroundColor>
<lineWidth>1</lineWidth>
<points>
<point x="473" y="257"/>
<point x="517" y="257"/>
</points>
</Connector>
<Connector class="oracle.dbtools.crest.swingui.relational.TVFKRelation" oid="1DFF7051-507E-BE3B-F9A0-C296A5013507" otype="FKIndexAssociation" vid_source="E078B35B-DAE5-BFAC-D2C2-F7AA9B423157" vid_target="A810C364-9FAF-482F-89FC-357904D1BCB4">
<hideElementsInCurrentOnly>false</hideElementsInCurrentOnly>
<backgroundColor>-16777216</backgroundColor>
<lineWidth>1</lineWidth>
<points>
<point x="1061" y="289"/>
<point x="1061" y="118"/>
</points>
</Connector>
<Connector class="oracle.dbtools.crest.swingui.relational.TVFKRelation" oid="5425A8E8-1D3C-4431-A402-B48045CE9188" otype="FKIndexAssociation" vid_source="B516AC08-42AF-EA01-AEAE-FF7F449E55F8" vid_target="EA762175-188B-3C86-6000-70FCEBC78548">
<hideElementsInCurrentOnly>false</hideElementsInCurrentOnly>
<backgroundColor>-16777216</backgroundColor>
<lineWidth>1</lineWidth>
<points>
<point x="264" y="343"/>
<point x="142" y="385"/>
</points>
</Connector>
<Connector class="oracle.dbtools.crest.swingui.relational.TVFKRelation" oid="5DCD5C58-8ED4-5412-54D3-766C3AF0557E" otype="FKIndexAssociation" vid_source="EC612827-8B1C-BF04-3CFC-00DC4E4918CE" vid_target="EC612827-8B1C-BF04-3CFC-00DC4E4918CE">
<hideElementsInCurrentOnly>false</hideElementsInCurrentOnly>
<backgroundColor>-16777216</backgroundColor>
<lineWidth>1</lineWidth>
<points>
<point x="254" y="423"/>
<point x="279" y="423"/>
<point x="279" y="475"/>
<point x="211" y="475"/>
<point x="211" y="450"/>
</points>
</Connector>
<Connector class="oracle.dbtools.crest.swingui.relational.TVFKRelation" oid="840D6C07-3EF6-F77F-B229-E8224C01F335" otype="FKIndexAssociation" vid_source="B516AC08-42AF-EA01-AEAE-FF7F449E55F8" vid_target="9ED668C8-E4EA-E891-F1A5-867ACEB07ED3">
<hideElementsInCurrentOnly>false</hideElementsInCurrentOnly>
<backgroundColor>-16777216</backgroundColor>
<lineWidth>1</lineWidth>
<points>
<point x="194" y="299"/>
<point x="194" y="96"/>
</points>
</Connector>
<Connector class="oracle.dbtools.crest.swingui.relational.TVFKRelation" oid="951B72C0-E750-8263-B2BD-CDBD5193BFC6" otype="FKIndexAssociation" vid_source="A810C364-9FAF-482F-89FC-357904D1BCB4" vid_target="A89A6DF1-10DB-15FD-A4CF-D016C93E618F">
<hideElementsInCurrentOnly>false</hideElementsInCurrentOnly>
<backgroundColor>-16777216</backgroundColor>
<lineWidth>1</lineWidth>
<points>
<point x="995" y="58"/>
<point x="885" y="58"/>
</points>
</Connector>
<Connector class="oracle.dbtools.crest.swingui.relational.TVFKRelation" oid="B44353D7-30FF-AA1F-C2A8-259FB2DCA294" otype="FKIndexAssociation" vid_source="B516AC08-42AF-EA01-AEAE-FF7F449E55F8" vid_target="EC612827-8B1C-BF04-3CFC-00DC4E4918CE">
<hideElementsInCurrentOnly>false</hideElementsInCurrentOnly>
<backgroundColor>-16777216</backgroundColor>
<lineWidth>1</lineWidth>
<points>
<point x="264" y="358"/>
<point x="254" y="385"/>
</points>
</Connector>
<Connector class="oracle.dbtools.crest.swingui.relational.TVFKRelation" oid="E11D7122-FF66-AA68-43A7-C32025C9C6E1" otype="FKIndexAssociation" vid_source="75458C44-E0E4-4FFE-7135-C4F0611D739D" vid_target="99B6666C-D3B9-751A-2131-7104B6D566E9">
<hideElementsInCurrentOnly>false</hideElementsInCurrentOnly>
<backgroundColor>-16777216</backgroundColor>
<lineWidth>1</lineWidth>
<points>
<point x="846" y="275"/>
<point x="784" y="314"/>
</points>
</Connector>
<Connector class="oracle.dbtools.crest.swingui.relational.TVFKRelation" oid="F9DE03E4-C966-B661-AA67-12F0AB8DDF47" otype="FKIndexAssociation" vid_source="75458C44-E0E4-4FFE-7135-C4F0611D739D" vid_target="5A7FA913-4583-C628-C0D5-01A150901F40">
<hideElementsInCurrentOnly>false</hideElementsInCurrentOnly>
<backgroundColor>-16777216</backgroundColor>
<lineWidth>1</lineWidth>
<points>
<point x="846" y="354"/>
<point x="630" y="354"/>
</points>
</Connector>
</connectors>
</Diagram>