<?xml version = '1.0' encoding = 'UTF-8'?>
<Diagram class="oracle.dbtools.crest.swingui.relational.DPVRelational" name="Relational_2" id="CF1BDB0D-D347-C090-CFEF-02462B00B88E">
<createdBy>milfernandez</createdBy>
<modifiedBy>milfernandez</modifiedBy>
<createdTime>2025-09-01 21:21:28 UTC</createdTime>
<autoRoute>false</autoRoute>
<boxInbox>true</boxInbox>
<showLegend>false</showLegend>
<showLabels>false</showLabels>
<showRelAttributes>false</showRelAttributes>
<gridEnabled>false</gridEnabled>
<showGrid>false</showGrid>
<diagramColor>-1</diagramColor>
<display>false</display>
<notation>1</notation>
<objectViews>
<OView class="oracle.dbtools.crest.swingui.relational.TVTable" oid="2137F83B-AB13-C39E-4781-DA73DED39CA5" otype="Table" vid="856615F0-AA96-91C3-80C4-4F7E830C49E7">
<hideElementsInCurrentOnly>false</hideElementsInCurrentOnly>
<bounds x="902" y="297" width="226" height="122"/>
</OView>
<OView class="oracle.dbtools.crest.swingui.relational.TVTable" oid="2F7B9239-DE37-C507-BF0F-88D0BAB5673A" otype="Table" vid="BE951454-1DAA-B9E2-7DC3-1F67A39B7F96">
<hideElementsInCurrentOnly>false</hideElementsInCurrentOnly>
<bounds x="464" y="535" width="119" height="66"/>
</OView>
<OView class="oracle.dbtools.crest.swingui.relational.TVTable" oid="36E0AD92-A908-01CC-2385-9DD7F20C99E8" otype="Table" vid="EAA29321-B638-F94B-4E7B-5B3EFAEAED8B">
<hideElementsInCurrentOnly>false</hideElementsInCurrentOnly>
<bounds x="8" y="4" width="288" height="176"/>
</OView>
<OView class="oracle.dbtools.crest.swingui.relational.TVTable" oid="3CA80F0E-AE94-D651-587F-12838E9783E8" otype="Table" vid="81004243-084C-D51F-4192-EE7F5B678A3E">
<hideElementsInCurrentOnly>false</hideElementsInCurrentOnly>
<bounds x="459" y="300" width="329" height="194"/>
</OView>
<OView class="oracle.dbtools.crest.swingui.relational.TVTable" oid="657C081F-8A6C-EBC0-9F65-DA4C4F4B28ED" otype="Table" vid="F19D845C-8991-6384-720F-EDF150011D94">
<hideElementsInCurrentOnly>false</hideElementsInCurrentOnly>
<bounds x="658" y="523" width="97" height="75"/>
</OView>
<OView class="oracle.dbtools.crest.swingui.relational.TVTable" oid="65E659A4-8F82-8EF8-9243-91FA91283196" otype="Table" vid="C637AA8F-8323-CD6D-BA2E-046FA23B3B98">
<hideElementsInCurrentOnly>false</hideElementsInCurrentOnly>
<bounds x="914" y="10" width="241" height="158"/>
</OView>
<OView class="oracle.dbtools.crest.swingui.relational.TVTable" oid="79B6E0E9-EBE2-ACE6-F20D-BECA3657C261" otype="Table" vid="A96CDE63-9B13-5C74-7C48-71C7044D0883">
<hideElementsInCurrentOnly>false</hideElementsInCurrentOnly>
<bounds x="123" y="336" width="228" height="158"/>
</OView>
<OView class="oracle.dbtools.crest.swingui.relational.TVTable" oid="963D3286-2A33-0F9F-B8A9-D58F6751E8AF" otype="Table" vid="53629B77-CD95-0D3F-C0FE-0C1141F48164">
<hideElementsInCurrentOnly>false</hideElementsInCurrentOnly>
<bounds x="341" y="9" width="215" height="169"/>
</OView>
<OView class="oracle.dbtools.crest.swingui.relational.TVTable" oid="A191DA3E-F485-E7BC-C75E-A4B7E01B169E" otype="Table" vid="7098A35E-7FDE-0F24-D88B-E43424D714CF">
<hideElementsInCurrentOnly>false</hideElementsInCurrentOnly>
<bounds x="93" y="221" width="258" height="457"/>
</OView>
<OView class="oracle.dbtools.crest.swingui.relational.TVTable" oid="BC4FD352-6FDE-38D3-A987-A06CC4C9EC48" otype="Table" vid="8D4A9946-FE3B-5B87-542A-B0C7C8C726D7">
<hideElementsInCurrentOnly>false</hideElementsInCurrentOnly>
<bounds x="569" y="10" width="270" height="162"/>
</OView>
<OView class="oracle.dbtools.crest.swingui.relational.TVTable" oid="EA8FD95D-D7CB-735E-9022-1626BD520296" otype="Table" vid="2812E052-79CB-6547-2A9C-84D630B0E80D">
<hideElementsInCurrentOnly>false</hideElementsInCurrentOnly>
<bounds x="104" y="500" width="226" height="160"/>
</OView>
</objectViews>
<connectors>
<Connector class="oracle.dbtools.crest.swingui.relational.TVFKRelation" oid="04E04D5B-EFAC-8D5E-7B36-E4A1FD9529B6" otype="FKIndexAssociation" vid_source="53629B77-CD95-0D3F-C0FE-0C1141F48164" vid_target="EAA29321-B638-F94B-4E7B-5B3EFAEAED8B">
<hideElementsInCurrentOnly>false</hideElementsInCurrentOnly>
<backgroundColor>-16777216</backgroundColor>
<lineWidth>1</lineWidth>
<points>
<point x="341" y="93"/>
<point x="296" y="93"/>
</points>
</Connector>
<Connector class="oracle.dbtools.crest.swingui.relational.TVFKRelation" oid="0591FF54-6739-6452-A702-019B3786C559" otype="FKIndexAssociation" vid_source="856615F0-AA96-91C3-80C4-4F7E830C49E7" vid_target="81004243-084C-D51F-4192-EE7F5B678A3E">
<hideElementsInCurrentOnly>false</hideElementsInCurrentOnly>
<backgroundColor>-16777216</backgroundColor>
<lineWidth>1</lineWidth>
<points>
<point x="902" y="359"/>
<point x="788" y="359"/>
</points>
</Connector>
<Connector class="oracle.dbtools.crest.swingui.relational.TVFKRelation" oid="1261082D-DFF6-3C7F-7B7A-602FE71F0F83" otype="FKIndexAssociation" vid_source="53629B77-CD95-0D3F-C0FE-0C1141F48164" vid_target="81004243-084C-D51F-4192-EE7F5B678A3E">
<hideElementsInCurrentOnly>false</hideElementsInCurrentOnly>
<backgroundColor>-16777216</backgroundColor>
<lineWidth>1</lineWidth>
<points>
<point x="507" y="178"/>
<point x="507" y="300"/>
</points>
</Connector>
<Connector class="oracle.dbtools.crest.swingui.relational.TVFKRelation" oid="1DFF7051-507E-BE3B-F9A0-C296A5013507" otype="FKIndexAssociation" vid_source="856615F0-AA96-91C3-80C4-4F7E830C49E7" vid_target="C637AA8F-8323-CD6D-BA2E-046FA23B3B98">
<hideElementsInCurrentOnly>false</hideElementsInCurrentOnly>
<backgroundColor>-16777216</backgroundColor>
<lineWidth>1</lineWidth>
<points>
<point x="1021" y="297"/>
<point x="1021" y="168"/>
</points>
</Connector>
<Connector class="oracle.dbtools.crest.swingui.relational.TVFKRelation" oid="5425A8E8-1D3C-4431-A402-B48045CE9188" otype="FKIndexAssociation" vid_source="7098A35E-7FDE-0F24-D88B-E43424D714CF" vid_target="2812E052-79CB-6547-2A9C-84D630B0E80D">
<hideElementsInCurrentOnly>false</hideElementsInCurrentOnly>
<backgroundColor>-16777216</backgroundColor>
<lineWidth>1</lineWidth>
<points>
<point x="351" y="580"/>
<point x="104" y="580"/>
</points>
</Connector>
<Connector class="oracle.dbtools.crest.swingui.relational.TVFKRelation" oid="5DCD5C58-8ED4-5412-54D3-766C3AF0557E" otype="FKIndexAssociation" vid_source="A96CDE63-9B13-5C74-7C48-71C7044D0883" vid_target="A96CDE63-9B13-5C74-7C48-71C7044D0883">
<hideElementsInCurrentOnly>false</hideElementsInCurrentOnly>
<backgroundColor>-16777216</backgroundColor>
<lineWidth>1</lineWidth>
<points>
<point x="351" y="433"/>
<point x="388" y="433"/>
<point x="391" y="471"/>
<point x="367" y="476"/>
<point x="351" y="476"/>
</points>
</Connector>
<Connector class="oracle.dbtools.crest.swingui.relational.TVFKRelation" oid="840D6C07-3EF6-F77F-B229-E8224C01F335" otype="FKIndexAssociation" vid_source="7098A35E-7FDE-0F24-D88B-E43424D714CF" vid_target="EAA29321-B638-F94B-4E7B-5B3EFAEAED8B">
<hideElementsInCurrentOnly>false</hideElementsInCurrentOnly>
<backgroundColor>-16777216</backgroundColor>
<lineWidth>1</lineWidth>
<points>
<point x="194" y="221"/>
<point x="194" y="180"/>
</points>
</Connector>
<Connector class="oracle.dbtools.crest.swingui.relational.TVFKRelation" oid="951B72C0-E750-8263-B2BD-CDBD5193BFC6" otype="FKIndexAssociation" vid_source="C637AA8F-8323-CD6D-BA2E-046FA23B3B98" vid_target="8D4A9946-FE3B-5B87-542A-B0C7C8C726D7">
<hideElementsInCurrentOnly>false</hideElementsInCurrentOnly>
<backgroundColor>-16777216</backgroundColor>
<lineWidth>1</lineWidth>
<points>
<point x="914" y="89"/>
<point x="895" y="89"/>
</points>
</Connector>
<Connector class="oracle.dbtools.crest.swingui.relational.TVFKRelation" oid="B44353D7-30FF-AA1F-C2A8-259FB2DCA294" otype="FKIndexAssociation" vid_source="7098A35E-7FDE-0F24-D88B-E43424D714CF" vid_target="A96CDE63-9B13-5C74-7C48-71C7044D0883">
<hideElementsInCurrentOnly>false</hideElementsInCurrentOnly>
<backgroundColor>-16777216</backgroundColor>
<lineWidth>1</lineWidth>
<points>
<point x="351" y="415"/>
<point x="123" y="415"/>
</points>
</Connector>
<Connector class="oracle.dbtools.crest.swingui.relational.TVFKRelation" oid="E11D7122-FF66-AA68-43A7-C32025C9C6E1" otype="FKIndexAssociation" vid_source="81004243-084C-D51F-4192-EE7F5B678A3E" vid_target="BE951454-1DAA-B9E2-7DC3-1F67A39B7F96">
<hideElementsInCurrentOnly>false</hideElementsInCurrentOnly>
<backgroundColor>-16777216</backgroundColor>
<lineWidth>1</lineWidth>
<points>
<point x="523" y="494"/>
<point x="523" y="535"/>
</points>
</Connector>
<Connector class="oracle.dbtools.crest.swingui.relational.TVFKRelation" oid="F9DE03E4-C966-B661-AA67-12F0AB8DDF47" otype="FKIndexAssociation" vid_source="81004243-084C-D51F-4192-EE7F5B678A3E" vid_target="F19D845C-8991-6384-720F-EDF150011D94">
<hideElementsInCurrentOnly>false</hideElementsInCurrentOnly>
<backgroundColor>-16777216</backgroundColor>
<lineWidth>1</lineWidth>
<points>
<point x="706" y="494"/>
<point x="706" y="523"/>
</points>
</Connector>
</connectors>
<arcs>
<Arc class="oracle.dbtools.crest.swingui.relational.TVFKArc" oid="399AC643-825C-29E0-4D20-0AD4E0047380" otype="FKArc" vid="11C7EA0F-E0CA-62E3-4CA6-64DF5360D247">
<hideElementsInCurrentOnly>false</hideElementsInCurrentOnly>
<bounds x="73" y="201" width="298" height="497"/>
</Arc>
<Arc class="oracle.dbtools.crest.swingui.relational.TVFKArc" oid="BF23E3D5-3600-3D00-83A6-A06347F1A258" otype="FKArc" vid="35838EFA-D5E3-F0CB-D6C2-20B9EB0922D0">
<hideElementsInCurrentOnly>false</hideElementsInCurrentOnly>
<bounds x="439" y="280" width="369" height="234"/>
</Arc>
</arcs>
</Diagram>