<?xml version = '1.0' encoding = 'UTF-8'?>
<FKArc class="oracle.dbtools.crest.model.design.relational.FKArc" directorySegmentName="seg_0" id="9E1E9A48-8FF8-4DC2-6A5F-68A049CE0CD5" name="FKArc_1">
<createdBy>mily_</createdBy>
<createdTime>2025-10-12 16:10:39 UTC</createdTime>
<ownerDesignName>Fase 1 y 2</ownerDesignName>
<mandatory>false</mandatory>
<reverseArc>true</reverseArc>
<table>B3F4E91F-571E-35D6-5E55-60757CFA66F5</table>
<discriminatorColumn>E02A7BE1-FC8D-0838-65C1-AABD29776833</discriminatorColumn>
<fkeys>
<fkeyID>D7D1D2EF-8A2F-C8D6-0FEB-D88D59521C84</fkeyID>
<fkeyID>3EEA7814-F631-9104-8299-08D6C25DC2C5</fkeyID>
<fkeyID>3781D5F8-B0D0-B401-EE7D-6BC3A270EBE7</fkeyID>
</fkeys>
</FKArc>