<?xml version = '1.0' encoding = 'UTF-8'?>
<Diagram class="oracle.dbtools.crest.swingui.logical.DPVLogical" name="Logical" id="D1401E07-F4AE-2C5C-FA59-C1207EF77815">
<createdBy>milfernandez</createdBy>
<modifiedBy>milfernandez</modifiedBy>
<createdTime>2025-09-16 01:18:07 UTC</createdTime>
<autoRoute>false</autoRoute>
<boxInbox>true</boxInbox>
<showLegend>false</showLegend>
<showLabels>true</showLabels>
<showRelAttributes>false</showRelAttributes>
<gridEnabled>false</gridEnabled>
<showGrid>false</showGrid>
<diagramColor>-1</diagramColor>
<display>false</display>
<notation>1</notation>
<objectViews>
<OView class="oracle.dbtools.crest.swingui.logical.TVEntity" oid="2A2BAE93-1044-2E54-2D2C-0E946B3A0DBA" otype="Entity" vid="689684CF-182A-C9AE-221A-34C90D2B4109">
<hideElementsInCurrentOnly>false</hideElementsInCurrentOnly>
<bounds x="711" y="38" width="151" height="104"/>
</OView>
<OView class="oracle.dbtools.crest.swingui.logical.TVEntity" oid="681668E2-0369-DF0B-19AC-3DD0C0C16725" otype="Entity" vid="1D757F0E-2190-7B05-9782-2B77878A0FF2">
<hideElementsInCurrentOnly>false</hideElementsInCurrentOnly>
<bounds x="592" y="237" width="130" height="118"/>
</OView>
<OView class="oracle.dbtools.crest.swingui.logical.TVEntity" oid="7D251484-EE4A-4304-5A72-333AFC2ABA00" otype="Entity" vid="660BAE4E-3173-0C6A-51E4-AE876E737024">
<hideElementsInCurrentOnly>false</hideElementsInCurrentOnly>
<bounds x="240" y="446" width="187" height="131"/>
</OView>
<OView class="oracle.dbtools.crest.swingui.logical.TVEntity" oid="84AEE76C-28BA-9E2B-0761-5D85DCB82B9A" otype="Entity" vid="AE481086-2A1A-F9FA-1B91-382DDF81B3B1">
<hideElementsInCurrentOnly>false</hideElementsInCurrentOnly>
<bounds x="32" y="230" width="157" height="119"/>
</OView>
<OView class="oracle.dbtools.crest.swingui.logical.TVEntity" oid="AB3514E4-FBBE-8B8E-5AC6-1DBF162F5E5D" otype="Entity" vid="22882F6F-3031-FC5F-AA4C-9B08A6371B2E">
<hideElementsInCurrentOnly>false</hideElementsInCurrentOnly>
<bounds x="236" y="34" width="170" height="110"/>
</OView>
<OView class="oracle.dbtools.crest.swingui.logical.TVEntity" oid="AD7EAC7E-0659-27F2-DE0B-3D9207F99E49" otype="Entity" vid="1B6B3CDE-E4C7-50DA-15E6-A9F5AB685B9E">
<hideElementsInCurrentOnly>false</hideElementsInCurrentOnly>
<bounds x="27" y="37" width="159" height="159"/>
</OView>
<OView class="oracle.dbtools.crest.swingui.logical.TVEntity" oid="C917CC24-D359-9970-1EE5-4C5B5CCFA720" otype="Entity" vid="E80A6B28-2B74-3CC7-CA2A-EFC707B46FF1">
<hideElementsInCurrentOnly>false</hideElementsInCurrentOnly>
<bounds x="837" y="202" width="160" height="114"/>
</OView>
<OView class="oracle.dbtools.crest.swingui.logical.TVEntity" oid="D1695CAA-464E-70EF-5D72-94837CF70628" otype="Entity" vid="157104CD-A30E-812A-A0E6-7A3C9733D0CC">
<hideElementsInCurrentOnly>false</hideElementsInCurrentOnly>
<bounds x="288" y="221" width="207" height="121"/>
</OView>
<OView class="oracle.dbtools.crest.swingui.logical.TVEntity" oid="DD089D97-532E-4D2D-B0CF-773E5090B610" otype="Entity" vid="B6AD1F1F-E4ED-2CE8-68F6-979A0C6760F4">
<hideElementsInCurrentOnly>false</hideElementsInCurrentOnly>
<bounds x="466" y="471" width="212" height="99"/>
</OView>
<OView class="oracle.dbtools.crest.swingui.logical.TVEntity" oid="DF68C60B-EADC-36F0-3F40-A36BCB9DB080" otype="Entity" vid="19822EE4-7E01-80E1-3C4F-6DF8DA91519D">
<hideElementsInCurrentOnly>false</hideElementsInCurrentOnly>
<bounds x="446" y="30" width="182" height="121"/>
</OView>
<OView class="oracle.dbtools.crest.swingui.logical.TVEntity" oid="F9F4E123-02D2-42DA-B9A6-A13B9C25BA60" otype="Entity" vid="E3178862-D606-53F9-9A87-EB7CEB4C01E5">
<hideElementsInCurrentOnly>false</hideElementsInCurrentOnly>
<bounds x="19" y="455" width="172" height="125"/>
</OView>
</objectViews>
<connectors>
<Connector class="oracle.dbtools.crest.swingui.logical.TVRelation" oid="1AAA68B3-1843-D0B2-D892-76BA941C8E1E" otype="Relation" vid_source="1D757F0E-2190-7B05-9782-2B77878A0FF2" vid_target="157104CD-A30E-812A-A0E6-7A3C9733D0CC">
<hideElementsInCurrentOnly>false</hideElementsInCurrentOnly>
<backgroundColor>-16777216</backgroundColor>
<lineWidth>1</lineWidth>
<sourceLabel class="oracle.dbtools.crest.model.design.Label">
<site>0</site>
<labelBounds x="539" y="259" width="47" height="30"/>
<noBackgroundColor>true</noBackgroundColor>
<noForegroundColor>true</noForegroundColor>
</sourceLabel>
<targetLabel class="oracle.dbtools.crest.model.design.Label">
<site>2</site>
<labelBounds x="505" y="292" width="90" height="30"/>
<noBackgroundColor>true</noBackgroundColor>
<noForegroundColor>true</noForegroundColor>
</targetLabel>
<points>
<point x="592" y="289"/>
<point x="495" y="289"/>
</points>
</Connector>
<Connector class="oracle.dbtools.crest.swingui.logical.TVRelation" oid="54067234-5CB9-56EB-74FC-7CC732527E9F" otype="Relation" vid_source="19822EE4-7E01-80E1-3C4F-6DF8DA91519D" vid_target="1D757F0E-2190-7B05-9782-2B77878A0FF2">
<hideElementsInCurrentOnly>false</hideElementsInCurrentOnly>
<backgroundColor>-16777216</backgroundColor>
<lineWidth>1</lineWidth>
<sourceLabel class="oracle.dbtools.crest.model.design.Label">
<site>0</site>
<labelBounds x="610" y="195" width="82" height="30"/>
<noBackgroundColor>true</noBackgroundColor>
<noForegroundColor>true</noForegroundColor>
</sourceLabel>
<targetLabel class="oracle.dbtools.crest.model.design.Label">
<site>2</site>
<labelBounds x="610" y="161" width="43" height="30"/>
<noBackgroundColor>true</noBackgroundColor>
<noForegroundColor>true</noForegroundColor>
</targetLabel>
<points>
<point x="610" y="151"/>
<point x="610" y="237"/>
</points>
</Connector>
<Connector class="oracle.dbtools.crest.swingui.logical.TVRelation" oid="6234685A-187A-FA18-A288-03CED30173FE" otype="Relation" vid_source="1D757F0E-2190-7B05-9782-2B77878A0FF2" vid_target="1D757F0E-2190-7B05-9782-2B77878A0FF2">
<hideElementsInCurrentOnly>false</hideElementsInCurrentOnly>
<backgroundColor>-16777216</backgroundColor>
<lineWidth>1</lineWidth>
<sourceLabel class="oracle.dbtools.crest.model.design.Label">
<site>0</site>
<labelBounds x="772" y="291" width="58" height="30"/>
<noBackgroundColor>true</noBackgroundColor>
<noForegroundColor>true</noForegroundColor>
</sourceLabel>
<targetLabel class="oracle.dbtools.crest.model.design.Label">
<site>2</site>
<labelBounds x="668" y="392" width="101" height="30"/>
<noBackgroundColor>true</noBackgroundColor>
<noForegroundColor>true</noForegroundColor>
</targetLabel>
<points>
<point x="722" y="306"/>
<point x="772" y="306"/>
<point x="772" y="405"/>
<point x="668" y="405"/>
<point x="668" y="355"/>
</points>
</Connector>
<Connector class="oracle.dbtools.crest.swingui.logical.TVRelation" oid="74F8D08D-9A79-988F-8285-36B0375C4C6F" otype="Relation" vid_source="689684CF-182A-C9AE-221A-34C90D2B4109" vid_target="1D757F0E-2190-7B05-9782-2B77878A0FF2">
<hideElementsInCurrentOnly>false</hideElementsInCurrentOnly>
<backgroundColor>-16777216</backgroundColor>
<lineWidth>1</lineWidth>
<sourceLabel class="oracle.dbtools.crest.model.design.Label">
<site>0</site>
<labelBounds x="716" y="186" width="42" height="30"/>
<noBackgroundColor>true</noBackgroundColor>
<noForegroundColor>true</noForegroundColor>
</sourceLabel>
<targetLabel class="oracle.dbtools.crest.model.design.Label">
<site>2</site>
<labelBounds x="716" y="153" width="83" height="30"/>
<noBackgroundColor>true</noBackgroundColor>
<noForegroundColor>true</noForegroundColor>
</targetLabel>
<points>
<point x="716" y="142"/>
<point x="716" y="237"/>
</points>
</Connector>
<Connector class="oracle.dbtools.crest.swingui.logical.TVRelation" oid="7FB27A61-9532-7912-841F-D5AE7733E116" otype="Relation" vid_source="AE481086-2A1A-F9FA-1B91-382DDF81B3B1" vid_target="157104CD-A30E-812A-A0E6-7A3C9733D0CC">
<hideElementsInCurrentOnly>false</hideElementsInCurrentOnly>
<backgroundColor>-16777216</backgroundColor>
<lineWidth>1</lineWidth>
<sourceLabel class="oracle.dbtools.crest.model.design.Label">
<site>0</site>
<labelBounds x="199" y="256" width="51" height="30"/>
<noBackgroundColor>true</noBackgroundColor>
<noForegroundColor>true</noForegroundColor>
</sourceLabel>
<targetLabel class="oracle.dbtools.crest.model.design.Label">
<site>2</site>
<labelBounds x="233" y="289" width="49" height="30"/>
<noBackgroundColor>true</noBackgroundColor>
<noForegroundColor>true</noForegroundColor>
</targetLabel>
<points>
<point x="189" y="286"/>
<point x="288" y="286"/>
</points>
</Connector>
<Connector class="oracle.dbtools.crest.swingui.logical.TVRelation" oid="8CB0780F-8E48-1266-3806-E95D0B221A5E" otype="Relation" vid_source="E3178862-D606-53F9-9A87-EB7CEB4C01E5" vid_target="660BAE4E-3173-0C6A-51E4-AE876E737024">
<hideElementsInCurrentOnly>false</hideElementsInCurrentOnly>
<backgroundColor>-16777216</backgroundColor>
<lineWidth>1</lineWidth>
<points>
<point x="191" y="516"/>
<point x="240" y="516"/>
</points>
</Connector>
<Connector class="oracle.dbtools.crest.swingui.logical.TVRelation" oid="8DB766C2-7613-4C95-F738-CD8E5C020B61" otype="Relation" vid_source="1B6B3CDE-E4C7-50DA-15E6-A9F5AB685B9E" vid_target="22882F6F-3031-FC5F-AA4C-9B08A6371B2E">
<hideElementsInCurrentOnly>false</hideElementsInCurrentOnly>
<backgroundColor>-16777216</backgroundColor>
<lineWidth>1</lineWidth>
<sourceLabel class="oracle.dbtools.crest.model.design.Label">
<site>0</site>
<labelBounds x="196" y="60" width="39" height="30"/>
<noBackgroundColor>true</noBackgroundColor>
<noForegroundColor>true</noForegroundColor>
</sourceLabel>
<targetLabel class="oracle.dbtools.crest.model.design.Label">
<site>2</site>
<labelBounds x="158" y="93" width="72" height="30"/>
<noBackgroundColor>true</noBackgroundColor>
<noForegroundColor>true</noForegroundColor>
</targetLabel>
<points>
<point x="186" y="90"/>
<point x="236" y="90"/>
</points>
</Connector>
<Connector class="oracle.dbtools.crest.swingui.logical.TVRelation" oid="A9B81986-EF2B-A8F8-8928-C0BE50B11CF3" otype="Relation" vid_source="22882F6F-3031-FC5F-AA4C-9B08A6371B2E" vid_target="AE481086-2A1A-F9FA-1B91-382DDF81B3B1">
<hideElementsInCurrentOnly>false</hideElementsInCurrentOnly>
<backgroundColor>-16777216</backgroundColor>
<lineWidth>1</lineWidth>
<sourceLabel class="oracle.dbtools.crest.model.design.Label">
<site>0</site>
<labelBounds x="263" y="180" width="39" height="30"/>
<noBackgroundColor>true</noBackgroundColor>
<noForegroundColor>true</noForegroundColor>
</sourceLabel>
<targetLabel class="oracle.dbtools.crest.model.design.Label">
<site>2</site>
<labelBounds x="157" y="194" width="58" height="30"/>
<noBackgroundColor>true</noBackgroundColor>
<noForegroundColor>true</noForegroundColor>
</targetLabel>
<points>
<point x="263" y="144"/>
<point x="157" y="230"/>
</points>
</Connector>
<Connector class="oracle.dbtools.crest.swingui.logical.TVRelation" oid="A9B980C9-F60E-D23A-BAC8-212C182A17C0" otype="Relation" vid_source="157104CD-A30E-812A-A0E6-7A3C9733D0CC" vid_target="B6AD1F1F-E4ED-2CE8-68F6-979A0C6760F4">
<hideElementsInCurrentOnly>false</hideElementsInCurrentOnly>
<backgroundColor>-16777216</backgroundColor>
<lineWidth>1</lineWidth>
<sourceLabel class="oracle.dbtools.crest.model.design.Label">
<site>0</site>
<labelBounds x="480" y="410" width="48" height="30"/>
<noBackgroundColor>true</noBackgroundColor>
<noForegroundColor>true</noForegroundColor>
</sourceLabel>
<targetLabel class="oracle.dbtools.crest.model.design.Label">
<site>2</site>
<labelBounds x="480" y="427" width="82" height="30"/>
<noBackgroundColor>true</noBackgroundColor>
<noForegroundColor>true</noForegroundColor>
</targetLabel>
<points>
<point x="480" y="342"/>
<point x="480" y="471"/>
</points>
</Connector>
<Connector class="oracle.dbtools.crest.swingui.logical.TVRelation" oid="B9ABD980-0E34-617B-DCF4-49ED62DC9000" otype="Relation" vid_source="E80A6B28-2B74-3CC7-CA2A-EFC707B46FF1" vid_target="1D757F0E-2190-7B05-9782-2B77878A0FF2">
<hideElementsInCurrentOnly>false</hideElementsInCurrentOnly>
<backgroundColor>-16777216</backgroundColor>
<lineWidth>1</lineWidth>
<sourceLabel class="oracle.dbtools.crest.model.design.Label">
<site>0</site>
<labelBounds x="792" y="246" width="39" height="30"/>
<noBackgroundColor>true</noBackgroundColor>
<noForegroundColor>true</noForegroundColor>
</sourceLabel>
<targetLabel class="oracle.dbtools.crest.model.design.Label">
<site>2</site>
<labelBounds x="732" y="279" width="82" height="30"/>
<noBackgroundColor>true</noBackgroundColor>
<noForegroundColor>true</noForegroundColor>
</targetLabel>
<points>
<point x="837" y="276"/>
<point x="722" y="276"/>
</points>
</Connector>
<Connector class="oracle.dbtools.crest.swingui.logical.TVRelation" oid="CC9126F2-A25B-761B-2CED-4FFA8F49DE8C" otype="Relation" vid_source="157104CD-A30E-812A-A0E6-7A3C9733D0CC" vid_target="660BAE4E-3173-0C6A-51E4-AE876E737024">
<hideElementsInCurrentOnly>false</hideElementsInCurrentOnly>
<backgroundColor>-16777216</backgroundColor>
<lineWidth>1</lineWidth>
<sourceLabel class="oracle.dbtools.crest.model.design.Label">
<site>0</site>
<labelBounds x="357" y="418" width="49" height="30"/>
<noBackgroundColor>true</noBackgroundColor>
<noForegroundColor>true</noForegroundColor>
</sourceLabel>
<targetLabel class="oracle.dbtools.crest.model.design.Label">
<site>2</site>
<labelBounds x="357" y="394" width="89" height="30"/>
<noBackgroundColor>true</noBackgroundColor>
<noForegroundColor>true</noForegroundColor>
</targetLabel>
<points>
<point x="357" y="342"/>
<point x="357" y="446"/>
</points>
</Connector>
</connectors>
</Diagram>