<?xml version = '1.0' encoding = 'UTF-8'?>
<relationalModel class="oracle.dbtools.crest.model.design.relational.RelationalDesign" name="Relational_1" id="F943E56F-CB63-4D36-584A-507261BFA1EF" mainViewID="8D404324-5950-445B-6D19-83D94FD9EC30">
<createdBy>milfernandez</createdBy>
<createdTime>2025-09-08 20:07:05 UTC</createdTime>
<ownerDesignName>Semana4 v1</ownerDesignName>
<shouldBeOpen>false</shouldBeOpen>
<selectedRDBMSSite>32076570-2523-435C-2E92-BF29817DFF70</selectedRDBMSSite>
</relationalModel>