<?xml version = '1.0' encoding = 'UTF-8'?>
<Entity class="oracle.dbtools.crest.model.design.logical.Entity" directorySegmentName="seg_0" id="3A46479D-F25B-618A-531B-D3DAEFAAEE66" name="POSTULANTE PROFESION">
<createdBy>milfernandez</createdBy>
<createdTime>2025-09-09 01:34:57 UTC</createdTime>
<generatorID>4D4FA447-6601-D86E-FD02-FE39D99F3DC4</generatorID>
<ownerDesignName>Semana4 v1</ownerDesignName>
<engineerTo>
<item key="F943E56F-CB63-4D36-584A-507261BFA1EF" value="true"/>
</engineerTo>
<adequatelyNormalized>NO</adequatelyNormalized>
<expectedVolumes>0</expectedVolumes>
<fwdEngineeringStrategyName>Single Table</fwdEngineeringStrategyName>
<growthPercent>0</growthPercent>
<growthType>Year</growthType>
<maxVolumes>9999999</maxVolumes>
<minVolumes>0</minVolumes>
<normalForm>Third</normalForm>
<attributes itemClass="oracle.dbtools.crest.model.design.logical.Attribute">
<Attribute name="folio postulante" id="D9025961-B9DD-3B3C-F07C-51B346A3374A">
<createdBy>milfernandez</createdBy>
<createdTime>2025-09-09 01:34:57 UTC</createdTime>
<generatorID>6BB395A9-F4FC-074D-C7D9-D7B6D131387C</generatorID>
<ownerDesignName>Semana4 v1</ownerDesignName>
<engineerTo>
<item key="F943E56F-CB63-4D36-584A-507261BFA1EF" value="true"/>
</engineerTo>
<referedAttribute>317D521C-0F67-B3DA-ED4D-6EA5B740901C</referedAttribute>
<useDomainConstraints>false</useDomainConstraints>
<use>1</use>
<logicalDatatype>LOGDT019</logicalDatatype>
<dataTypePrecision>6</dataTypePrecision>
<ownDataTypeParameters>,6,</ownDataTypeParameters>
</Attribute>
<Attribute name="id profesion" id="5CB59057-2BD7-0BC1-1BC6-03CDFAC7E2FF">
<createdBy>milfernandez</createdBy>
<createdTime>2025-09-09 01:34:57 UTC</createdTime>
<generatorID>941DE842-1BB6-066A-A597-41E88526E115</generatorID>
<ownerDesignName>Semana4 v1</ownerDesignName>
<engineerTo>
<item key="F943E56F-CB63-4D36-584A-507261BFA1EF" value="true"/>
</engineerTo>
<referedAttribute>95E7AA54-729E-5441-C8F1-155008BBF13D</referedAttribute>
<useDomainConstraints>false</useDomainConstraints>
<use>1</use>
<logicalDatatype>LOGDT019</logicalDatatype>
<dataTypePrecision>5</dataTypePrecision>
<ownDataTypeParameters>,5,</ownDataTypeParameters>
</Attribute>
<Attribute name="fecha obtencion" id="CB4236D9-6F79-7326-25B2-0416F5CA584C">
<createdBy>milfernandez</createdBy>
<createdTime>2025-09-09 01:34:57 UTC</createdTime>
<generatorID>C192B85F-983C-3D22-B735-D2FE5B13FA7F</generatorID>
<ownerDesignName>Semana4 v1</ownerDesignName>
<engineerTo>
<item key="F943E56F-CB63-4D36-584A-507261BFA1EF" value="true"/>
</engineerTo>
<useDomainConstraints>false</useDomainConstraints>
<use>1</use>
<logicalDatatype>LOGDT007</logicalDatatype>
<ownDataTypeParameters>,,</ownDataTypeParameters>
</Attribute>
</attributes>
<identifiers itemClass="oracle.dbtools.crest.model.design.logical.CandidateKey">
<identifier id="B3118E80-A560-691A-00E9-58F68305D40E" name="PK POSTULANTE PROF">
<createdBy>milfernandez</createdBy>
<createdTime>2025-09-09 01:34:57 UTC</createdTime>
<generatorID>F07843CC-EAF8-7B7E-A3D2-022DDEF91AD3</generatorID>
<ownerDesignName>Semana4 v1</ownerDesignName>
<engineerTo>
<item key="F943E56F-CB63-4D36-584A-507261BFA1EF" value="true"/>
</engineerTo>
<pk>true</pk>
<usedAttributes>
<attributeRef>D9025961-B9DD-3B3C-F07C-51B346A3374A</attributeRef>
<attributeRef>5CB59057-2BD7-0BC1-1BC6-03CDFAC7E2FF</attributeRef>
</usedAttributes>
</identifier>
</identifiers>
</Entity>