<?xml version = '1.0' encoding = 'UTF-8'?>
<Entity class="oracle.dbtools.crest.model.design.logical.Entity" directorySegmentName="seg_0" id="44623D35-6C0C-88A3-D9CE-B5F8C88582FC" name="POSTULACION">
<createdBy>milfernandez</createdBy>
<createdTime>2025-09-09 01:53:26 UTC</createdTime>
<generatorID>7CE9A07D-7BC7-A7B5-FFB6-B5708AF83308</generatorID>
<ownerDesignName>Semana4 v1</ownerDesignName>
<engineerTo>
<item key="F943E56F-CB63-4D36-584A-507261BFA1EF" value="true"/>
</engineerTo>
<adequatelyNormalized>NO</adequatelyNormalized>
<expectedVolumes>0</expectedVolumes>
<fwdEngineeringStrategyName>Single Table</fwdEngineeringStrategyName>
<growthPercent>0</growthPercent>
<growthType>Year</growthType>
<maxVolumes>9999999</maxVolumes>
<minVolumes>0</minVolumes>
<normalForm>Third</normalForm>
<attributes itemClass="oracle.dbtools.crest.model.design.logical.Attribute">
<Attribute name="id postulacion" id="62D12FF8-44BD-F5EB-242B-CBE05814EDDB">
<createdBy>milfernandez</createdBy>
<createdTime>2025-09-09 01:53:26 UTC</createdTime>
<generatorID>49C7EF6A-E556-DBF0-32FB-F7F176F4BB68</generatorID>
<ownerDesignName>Semana4 v1</ownerDesignName>
<engineerTo>
<item key="F943E56F-CB63-4D36-584A-507261BFA1EF" value="true"/>
</engineerTo>
<useDomainConstraints>false</useDomainConstraints>
<use>1</use>
<logicalDatatype>LOGDT019</logicalDatatype>
<dataTypePrecision>5</dataTypePrecision>
<ownDataTypeParameters>,5,</ownDataTypeParameters>
</Attribute>
<Attribute name="folio postulante" id="3C4C79C7-BA5C-72A4-2F46-881BA7AC31AA">
<createdBy>milfernandez</createdBy>
<createdTime>2025-09-09 01:53:26 UTC</createdTime>
<generatorID>5A5AF823-771D-B164-136F-DDC65BC3033E</generatorID>
<ownerDesignName>Semana4 v1</ownerDesignName>
<engineerTo>
<item key="F943E56F-CB63-4D36-584A-507261BFA1EF" value="true"/>
</engineerTo>
<referedAttribute>317D521C-0F67-B3DA-ED4D-6EA5B740901C</referedAttribute>
<useDomainConstraints>false</useDomainConstraints>
<use>1</use>
<logicalDatatype>LOGDT019</logicalDatatype>
<dataTypePrecision>6</dataTypePrecision>
<ownDataTypeParameters>,,</ownDataTypeParameters>
</Attribute>
<Attribute name="id empresa" id="AEFE3CA9-3DC5-EC25-FA49-00D2C4FF7E05">
<createdBy>milfernandez</createdBy>
<createdTime>2025-09-09 01:53:26 UTC</createdTime>
<generatorID>CC365AC9-A008-2749-FD90-C821D6C2E144</generatorID>
<ownerDesignName>Semana4 v1</ownerDesignName>
<engineerTo>
<item key="F943E56F-CB63-4D36-584A-507261BFA1EF" value="true"/>
</engineerTo>
<referedAttribute>B7E822BE-00EA-E97A-DAD0-3C2827E30138</referedAttribute>
<useDomainConstraints>false</useDomainConstraints>
<use>1</use>
<logicalDatatype>LOGDT024</logicalDatatype>
<dataTypeSize>10</dataTypeSize>
<ownDataTypeParameters>,,</ownDataTypeParameters>
</Attribute>
<Attribute name="pretension renta" id="551B9067-F3A1-FA65-4E6B-B22EC142E5A9">
<createdBy>milfernandez</createdBy>
<createdTime>2025-09-09 01:53:26 UTC</createdTime>
<generatorID>01F81896-9594-EBA6-04B6-74A0907BAA92</generatorID>
<ownerDesignName>Semana4 v1</ownerDesignName>
<engineerTo>
<item key="F943E56F-CB63-4D36-584A-507261BFA1EF" value="true"/>
</engineerTo>
<nullsAllowed>true</nullsAllowed>
<useDomainConstraints>false</useDomainConstraints>
<use>1</use>
<logicalDatatype>LOGDT019</logicalDatatype>
<dataTypePrecision>8</dataTypePrecision>
<ownDataTypeParameters>,8,</ownDataTypeParameters>
</Attribute>
</attributes>
<identifiers itemClass="oracle.dbtools.crest.model.design.logical.CandidateKey">
<identifier id="84A5A639-FAE9-BC9C-D785-9D46DB527904" name="POSTULACION PK">
<createdBy>milfernandez</createdBy>
<createdTime>2025-09-09 01:53:26 UTC</createdTime>
<generatorID>FC0AEE4A-7ED4-7C31-E68C-77613AAD3C71</generatorID>
<ownerDesignName>Semana4 v1</ownerDesignName>
<engineerTo>
<item key="F943E56F-CB63-4D36-584A-507261BFA1EF" value="true"/>
</engineerTo>
<pk>true</pk>
<usedAttributes>
<attributeRef>62D12FF8-44BD-F5EB-242B-CBE05814EDDB</attributeRef>
</usedAttributes>
</identifier>
<identifier id="41A788C4-3F06-9816-A9DA-77702F6AAFC0" name="UQ POSTULACION FOLIO">
<createdBy>milfernandez</createdBy>
<createdTime>2025-09-09 01:53:26 UTC</createdTime>
<generatorID>7C806751-D892-4F79-3147-D4BB47ADF1FB</generatorID>
<ownerDesignName>Semana4 v1</ownerDesignName>
<engineerTo>
<item key="F943E56F-CB63-4D36-584A-507261BFA1EF" value="true"/>
</engineerTo>
<usedAttributes>
<attributeRef>3C4C79C7-BA5C-72A4-2F46-881BA7AC31AA</attributeRef>
</usedAttributes>
</identifier>
</identifiers>
</Entity>