<?xml version = '1.0' encoding = 'UTF-8'?>
<Entity class="oracle.dbtools.crest.model.design.logical.Entity" directorySegmentName="seg_0" id="48474A41-7D8D-59F5-BD19-2CDDB304E0DD" name="PROFESION">
<createdBy>milfernandez</createdBy>
<createdTime>2025-09-09 01:34:57 UTC</createdTime>
<generatorID>127EA32A-374A-9F26-6B7D-22C1978F1E5D</generatorID>
<ownerDesignName>Semana4 v1</ownerDesignName>
<engineerTo>
<item key="F943E56F-CB63-4D36-584A-507261BFA1EF" value="true"/>
</engineerTo>
<adequatelyNormalized>NO</adequatelyNormalized>
<expectedVolumes>0</expectedVolumes>
<fwdEngineeringStrategyName>Single Table</fwdEngineeringStrategyName>
<growthPercent>0</growthPercent>
<growthType>Year</growthType>
<maxVolumes>9999999</maxVolumes>
<minVolumes>0</minVolumes>
<normalForm>Third</normalForm>
<attributes itemClass="oracle.dbtools.crest.model.design.logical.Attribute">
<Attribute name="id profesion" id="95E7AA54-729E-5441-C8F1-155008BBF13D">
<createdBy>milfernandez</createdBy>
<createdTime>2025-09-09 01:34:57 UTC</createdTime>
<generatorID>9744B674-E26E-F8C0-8BC9-08807602CD45</generatorID>
<ownerDesignName>Semana4 v1</ownerDesignName>
<engineerTo>
<item key="F943E56F-CB63-4D36-584A-507261BFA1EF" value="true"/>
</engineerTo>
<useDomainConstraints>false</useDomainConstraints>
<use>1</use>
<logicalDatatype>LOGDT019</logicalDatatype>
<dataTypePrecision>5</dataTypePrecision>
<ownDataTypeParameters>,5,</ownDataTypeParameters>
</Attribute>
<Attribute name="nombre profesion" id="A10430C9-52E5-BE60-C60B-93D9FC51DB77">
<createdBy>milfernandez</createdBy>
<createdTime>2025-09-09 01:34:57 UTC</createdTime>
<generatorID>51B8F565-F0C6-CE3B-2F59-938BE0BDD956</generatorID>
<ownerDesignName>Semana4 v1</ownerDesignName>
<engineerTo>
<item key="F943E56F-CB63-4D36-584A-507261BFA1EF" value="true"/>
</engineerTo>
<useDomainConstraints>false</useDomainConstraints>
<use>1</use>
<logicalDatatype>LOGDT024</logicalDatatype>
<dataTypeSize>50</dataTypeSize>
<ownDataTypeParameters>50,,</ownDataTypeParameters>
</Attribute>
</attributes>
<identifiers itemClass="oracle.dbtools.crest.model.design.logical.CandidateKey">
<identifier id="E2F94609-1D1F-0023-A03A-191B5B7C1902" name="PROFESION PK">
<createdBy>milfernandez</createdBy>
<createdTime>2025-09-09 01:34:57 UTC</createdTime>
<generatorID>48C1426F-DF27-1E77-905C-0CD2139D5B3E</generatorID>
<ownerDesignName>Semana4 v1</ownerDesignName>
<engineerTo>
<item key="F943E56F-CB63-4D36-584A-507261BFA1EF" value="true"/>
</engineerTo>
<pk>true</pk>
<usedAttributes>
<attributeRef>95E7AA54-729E-5441-C8F1-155008BBF13D</attributeRef>
</usedAttributes>
</identifier>
</identifiers>
</Entity>