<?xml version = '1.0' encoding = 'UTF-8'?>
<Entity class="oracle.dbtools.crest.model.design.logical.Entity" directorySegmentName="seg_0" id="60A86CAC-92C1-CE6D-33F0-3D09BF0577AC" name="VISA">
<createdBy>milfernandez</createdBy>
<createdTime>2025-09-09 01:53:26 UTC</createdTime>
<generatorID>8973A4C6-32D3-3C69-F439-4078C72D94C3</generatorID>
<ownerDesignName>Semana4 v1</ownerDesignName>
<engineerTo>
<item key="F943E56F-CB63-4D36-584A-507261BFA1EF" value="true"/>
</engineerTo>
<adequatelyNormalized>NO</adequatelyNormalized>
<expectedVolumes>0</expectedVolumes>
<fwdEngineeringStrategyName>Single Table</fwdEngineeringStrategyName>
<growthPercent>0</growthPercent>
<growthType>Year</growthType>
<maxVolumes>9999999</maxVolumes>
<minVolumes>0</minVolumes>
<normalForm>Third</normalForm>
<attributes itemClass="oracle.dbtools.crest.model.design.logical.Attribute">
<Attribute name="id visa" id="6836A580-BD2D-CF0D-BD21-5851EC498319">
<createdBy>milfernandez</createdBy>
<createdTime>2025-09-09 01:53:26 UTC</createdTime>
<generatorID>01B366C5-29AE-584B-B776-27DEAE7B6D85</generatorID>
<ownerDesignName>Semana4 v1</ownerDesignName>
<engineerTo>
<item key="F943E56F-CB63-4D36-584A-507261BFA1EF" value="true"/>
</engineerTo>
<useDomainConstraints>false</useDomainConstraints>
<use>1</use>
<logicalDatatype>LOGDT024</logicalDatatype>
<dataTypeSize>15</dataTypeSize>
<ownDataTypeParameters>15,,</ownDataTypeParameters>
</Attribute>
<Attribute name="id postulacion" id="9873320E-4E97-3CD4-CD00-9E50A19D6219">
<createdBy>milfernandez</createdBy>
<createdTime>2025-09-09 01:53:26 UTC</createdTime>
<generatorID>75CECD6C-196F-DF4F-1C4C-6829B47E5ECB</generatorID>
<ownerDesignName>Semana4 v1</ownerDesignName>
<engineerTo>
<item key="F943E56F-CB63-4D36-584A-507261BFA1EF" value="true"/>
</engineerTo>
<referedAttribute>62D12FF8-44BD-F5EB-242B-CBE05814EDDB</referedAttribute>
<useDomainConstraints>false</useDomainConstraints>
<use>1</use>
<logicalDatatype>LOGDT019</logicalDatatype>
<dataTypePrecision>5</dataTypePrecision>
<ownDataTypeParameters>,,</ownDataTypeParameters>
</Attribute>
<Attribute name="nivel idioma" id="1F00AAFE-A310-D4F0-4CFB-F6B3C75F9A89">
<createdBy>milfernandez</createdBy>
<createdTime>2025-09-09 01:53:26 UTC</createdTime>
<generatorID>DE4CC69C-E56F-7410-6C86-020DF696E4DC</generatorID>
<ownerDesignName>Semana4 v1</ownerDesignName>
<engineerTo>
<item key="F943E56F-CB63-4D36-584A-507261BFA1EF" value="true"/>
</engineerTo>
<useDomainConstraints>false</useDomainConstraints>
<use>1</use>
<logicalDatatype>LOGDT024</logicalDatatype>
<dataTypeSize>20</dataTypeSize>
<ownDataTypeParameters>20,,</ownDataTypeParameters>
</Attribute>
<Attribute name="fecha visa" id="60F1D370-69E7-5C82-E6A3-4C6236B86716">
<createdBy>milfernandez</createdBy>
<createdTime>2025-09-09 01:53:26 UTC</createdTime>
<generatorID>02919A44-7A07-E4FE-5389-2E0583F5FE0F</generatorID>
<ownerDesignName>Semana4 v1</ownerDesignName>
<engineerTo>
<item key="F943E56F-CB63-4D36-584A-507261BFA1EF" value="true"/>
</engineerTo>
<useDomainConstraints>false</useDomainConstraints>
<use>1</use>
<logicalDatatype>LOGDT007</logicalDatatype>
<ownDataTypeParameters>,,</ownDataTypeParameters>
</Attribute>
</attributes>
<identifiers itemClass="oracle.dbtools.crest.model.design.logical.CandidateKey">
<identifier id="8551C032-85A9-D744-2494-616E6E614183" name="VISA PKv2">
<createdBy>milfernandez</createdBy>
<createdTime>2025-09-09 01:53:26 UTC</createdTime>
<generatorID>BBFF13BE-AC05-6F06-4FF3-CF7C7674C939</generatorID>
<ownerDesignName>Semana4 v1</ownerDesignName>
<engineerTo>
<item key="F943E56F-CB63-4D36-584A-507261BFA1EF" value="true"/>
</engineerTo>
<pk>true</pk>
<usedAttributes>
<attributeRef>6836A580-BD2D-CF0D-BD21-5851EC498319</attributeRef>
</usedAttributes>
</identifier>
<identifier id="44C0FEE5-884E-6A5A-CEF1-35E527341987" name="UQ VISA POSTULACION">
<createdBy>milfernandez</createdBy>
<createdTime>2025-09-09 01:53:26 UTC</createdTime>
<generatorID>B2C64646-9F0B-22EF-B108-FF98FB4A8C17</generatorID>
<ownerDesignName>Semana4 v1</ownerDesignName>
<engineerTo>
<item key="F943E56F-CB63-4D36-584A-507261BFA1EF" value="true"/>
</engineerTo>
<usedAttributes>
<attributeRef>9873320E-4E97-3CD4-CD00-9E50A19D6219</attributeRef>
</usedAttributes>
</identifier>
</identifiers>
</Entity>