<?xml version = '1.0' encoding = 'UTF-8'?>
<Entity class="oracle.dbtools.crest.model.design.logical.Entity" directorySegmentName="seg_0" id="BD484D33-1460-6574-3FCD-0CEA4DE395AA" name="POSTULANTE">
<createdBy>milfernandez</createdBy>
<createdTime>2025-09-08 20:07:48 UTC</createdTime>
<ownerDesignName>Semana4 v1</ownerDesignName>
<engineerTo>
<item key="F943E56F-CB63-4D36-584A-507261BFA1EF" value="true"/>
</engineerTo>
<adequatelyNormalized>NO</adequatelyNormalized>
<expectedVolumes>0</expectedVolumes>
<fwdEngineeringStrategyName>Single Table</fwdEngineeringStrategyName>
<growthPercent>0</growthPercent>
<growthType>Year</growthType>
<maxVolumes>9999999</maxVolumes>
<minVolumes>0</minVolumes>
<normalForm>Third</normalForm>
<attributes itemClass="oracle.dbtools.crest.model.design.logical.Attribute">
<Attribute name="folio postulante" id="317D521C-0F67-B3DA-ED4D-6EA5B740901C">
<createdBy>milfernandez</createdBy>
<createdTime>2025-09-08 20:08:03 UTC</createdTime>
<ownerDesignName>Semana4 v1</ownerDesignName>
<engineerTo>
<item key="F943E56F-CB63-4D36-584A-507261BFA1EF" value="true"/>
</engineerTo>
<useDomainConstraints>false</useDomainConstraints>
<use>1</use>
<logicalDatatype>LOGDT019</logicalDatatype>
<dataTypePrecision>6</dataTypePrecision>
<ownDataTypeParameters>,6,</ownDataTypeParameters>
</Attribute>
<Attribute name="nombre" id="58E8B140-D4C6-A417-006F-3A095179723B">
<createdBy>milfernandez</createdBy>
<createdTime>2025-09-08 20:08:08 UTC</createdTime>
<ownerDesignName>Semana4 v1</ownerDesignName>
<engineerTo>
<item key="F943E56F-CB63-4D36-584A-507261BFA1EF" value="true"/>
</engineerTo>
<useDomainConstraints>false</useDomainConstraints>
<use>1</use>
<logicalDatatype>LOGDT024</logicalDatatype>
<dataTypeSize>50</dataTypeSize>
<ownDataTypeParameters>50,,</ownDataTypeParameters>
</Attribute>
<Attribute name="nacionalidad" id="0A522950-A134-FCDE-40E5-309F0C8ECA68">
<createdBy>milfernandez</createdBy>
<createdTime>2025-09-08 20:08:11 UTC</createdTime>
<ownerDesignName>Semana4 v1</ownerDesignName>
<engineerTo>
<item key="F943E56F-CB63-4D36-584A-507261BFA1EF" value="true"/>
</engineerTo>
<useDomainConstraints>false</useDomainConstraints>
<use>1</use>
<logicalDatatype>LOGDT024</logicalDatatype>
<dataTypeSize>30</dataTypeSize>
<ownDataTypeParameters>30,,</ownDataTypeParameters>
</Attribute>
<Attribute name="residencia" id="360FD300-44FD-44B5-8560-BE95B5F93CE8">
<createdBy>milfernandez</createdBy>
<createdTime>2025-09-08 20:08:16 UTC</createdTime>
<ownerDesignName>Semana4 v1</ownerDesignName>
<engineerTo>
<item key="F943E56F-CB63-4D36-584A-507261BFA1EF" value="true"/>
</engineerTo>
<useDomainConstraints>false</useDomainConstraints>
<use>1</use>
<logicalDatatype>LOGDT024</logicalDatatype>
<dataTypeSize>30</dataTypeSize>
<ownDataTypeParameters>30,,</ownDataTypeParameters>
</Attribute>
<Attribute name="grado academico" id="ACD1CFD3-6660-F268-0265-FC203C23AB66">
<createdBy>milfernandez</createdBy>
<createdTime>2025-09-08 20:08:22 UTC</createdTime>
<commentInRDBMS><![CDATA[grado_academico IN ('Licenciado','Magíster','Doctorado')
]]></commentInRDBMS>
<ownerDesignName>Semana4 v1</ownerDesignName>
<engineerTo>
<item key="F943E56F-CB63-4D36-584A-507261BFA1EF" value="true"/>
</engineerTo>
<useDomainConstraints>false</useDomainConstraints>
<use>1</use>
<logicalDatatype>LOGDT024</logicalDatatype>
<dataTypeSize>15</dataTypeSize>
<ownDataTypeParameters>15,,</ownDataTypeParameters>
</Attribute>
<Attribute name="sitio web" id="60B409A5-28A2-53D8-C138-394ACFCFE55E">
<createdBy>milfernandez</createdBy>
<createdTime>2025-09-08 20:08:25 UTC</createdTime>
<ownerDesignName>Semana4 v1</ownerDesignName>
<engineerTo>
<item key="F943E56F-CB63-4D36-584A-507261BFA1EF" value="true"/>
</engineerTo>
<nullsAllowed>true</nullsAllowed>
<useDomainConstraints>false</useDomainConstraints>
<use>1</use>
<logicalDatatype>LOGDT024</logicalDatatype>
<dataTypeSize>100</dataTypeSize>
<ownDataTypeParameters>100,,</ownDataTypeParameters>
</Attribute>
<Attribute name="rut" id="CC92FE8B-E7EF-7509-358B-4FC6CD694640">
<createdBy>milfernandez</createdBy>
<createdTime>2025-09-08 20:08:27 UTC</createdTime>
<ownerDesignName>Semana4 v1</ownerDesignName>
<engineerTo>
<item key="F943E56F-CB63-4D36-584A-507261BFA1EF" value="true"/>
</engineerTo>
<nullsAllowed>true</nullsAllowed>
<useDomainConstraints>false</useDomainConstraints>
<use>1</use>
<logicalDatatype>LOGDT024</logicalDatatype>
<dataTypeSize>12</dataTypeSize>
<ownDataTypeParameters>12,,</ownDataTypeParameters>
</Attribute>
</attributes>
<identifiers itemClass="oracle.dbtools.crest.model.design.logical.CandidateKey">
<identifier id="82B4E620-C960-07D8-4734-DF958B37946F" name="POSTULANTE_PK">
<createdBy>milfernandez</createdBy>
<createdTime>2025-09-08 20:09:40 UTC</createdTime>
<ownerDesignName>Semana4 v1</ownerDesignName>
<engineerTo>
<item key="F943E56F-CB63-4D36-584A-507261BFA1EF" value="true"/>
</engineerTo>
<pk>true</pk>
<usedAttributes>
<attributeRef>317D521C-0F67-B3DA-ED4D-6EA5B740901C</attributeRef>
</usedAttributes>
</identifier>
<identifier id="BEB69DC9-C584-B79D-C95F-91BD3E7AC6CF" name="UQ POSTULANTE SITIOWEB">
<createdBy>milfernandez</createdBy>
<createdTime>2025-09-08 20:24:28 UTC</createdTime>
<generatorID>7A6D356A-EAF3-073D-CE84-4A96AC33AE6E</generatorID>
<ownerDesignName>Semana4 v1</ownerDesignName>
<engineerTo>
<item key="F943E56F-CB63-4D36-584A-507261BFA1EF" value="true"/>
</engineerTo>
<usedAttributes>
<attributeRef>60B409A5-28A2-53D8-C138-394ACFCFE55E</attributeRef>
</usedAttributes>
</identifier>
</identifiers>
</Entity>