<?xml version = '1.0' encoding = 'UTF-8'?>
<Entity class="oracle.dbtools.crest.model.design.logical.Entity" directorySegmentName="seg_0" id="E37FA561-A781-C0ED-1B9E-642CDF6DF2CC" name="EMPRESA">
<createdBy>milfernandez</createdBy>
<createdTime>2025-09-09 01:34:57 UTC</createdTime>
<generatorID>0711F802-5E55-74E6-DD62-E8CB52EC85FD</generatorID>
<ownerDesignName>Semana4 v1</ownerDesignName>
<engineerTo>
<item key="F943E56F-CB63-4D36-584A-507261BFA1EF" value="true"/>
</engineerTo>
<adequatelyNormalized>NO</adequatelyNormalized>
<expectedVolumes>0</expectedVolumes>
<fwdEngineeringStrategyName>Single Table</fwdEngineeringStrategyName>
<growthPercent>0</growthPercent>
<growthType>Year</growthType>
<maxVolumes>9999999</maxVolumes>
<minVolumes>0</minVolumes>
<normalForm>Third</normalForm>
<attributes itemClass="oracle.dbtools.crest.model.design.logical.Attribute">
<Attribute name="id empresa" id="B7E822BE-00EA-E97A-DAD0-3C2827E30138">
<createdBy>milfernandez</createdBy>
<createdTime>2025-09-09 01:34:57 UTC</createdTime>
<generatorID>7AF56E39-C13D-B0AA-0ED9-9EF165489278</generatorID>
<ownerDesignName>Semana4 v1</ownerDesignName>
<engineerTo>
<item key="F943E56F-CB63-4D36-584A-507261BFA1EF" value="true"/>
</engineerTo>
<useDomainConstraints>false</useDomainConstraints>
<use>1</use>
<logicalDatatype>LOGDT024</logicalDatatype>
<dataTypeSize>10</dataTypeSize>
<ownDataTypeParameters>10,,</ownDataTypeParameters>
</Attribute>
<Attribute name="nombre" id="15D7CC65-B82D-C3D5-80BF-0D0653EEDEF4">
<createdBy>milfernandez</createdBy>
<createdTime>2025-09-09 01:34:57 UTC</createdTime>
<generatorID>84D0B693-76C2-B1D1-8597-9BD820258359</generatorID>
<ownerDesignName>Semana4 v1</ownerDesignName>
<engineerTo>
<item key="F943E56F-CB63-4D36-584A-507261BFA1EF" value="true"/>
</engineerTo>
<useDomainConstraints>false</useDomainConstraints>
<use>1</use>
<logicalDatatype>LOGDT024</logicalDatatype>
<dataTypeSize>50</dataTypeSize>
<ownDataTypeParameters>50,,</ownDataTypeParameters>
</Attribute>
<Attribute name="direccion" id="A0C3C455-DF0B-EA98-2187-63299D460169">
<createdBy>milfernandez</createdBy>
<createdTime>2025-09-09 01:34:57 UTC</createdTime>
<generatorID>8DE0160B-A4F0-5A20-CC84-BE39E53EE0F2</generatorID>
<ownerDesignName>Semana4 v1</ownerDesignName>
<engineerTo>
<item key="F943E56F-CB63-4D36-584A-507261BFA1EF" value="true"/>
</engineerTo>
<useDomainConstraints>false</useDomainConstraints>
<use>1</use>
<logicalDatatype>LOGDT024</logicalDatatype>
<dataTypeSize>100</dataTypeSize>
<ownDataTypeParameters>100,,</ownDataTypeParameters>
</Attribute>
<Attribute name="ciudad" id="76F01022-6047-D683-E52E-4E157603A0E0">
<createdBy>milfernandez</createdBy>
<createdTime>2025-09-09 01:34:57 UTC</createdTime>
<generatorID>3632194E-EB2C-2BC8-7BBF-AEE76166F984</generatorID>
<ownerDesignName>Semana4 v1</ownerDesignName>
<engineerTo>
<item key="F943E56F-CB63-4D36-584A-507261BFA1EF" value="true"/>
</engineerTo>
<useDomainConstraints>false</useDomainConstraints>
<use>1</use>
<logicalDatatype>LOGDT024</logicalDatatype>
<dataTypeSize>50</dataTypeSize>
<ownDataTypeParameters>50,,</ownDataTypeParameters>
</Attribute>
<Attribute name="pais" id="F83A8367-1A81-F35E-F394-A66B909F3E2A">
<createdBy>milfernandez</createdBy>
<createdTime>2025-09-09 01:34:57 UTC</createdTime>
<generatorID>B9940D8E-8BAC-C054-F154-FA8E9EC95879</generatorID>
<ownerDesignName>Semana4 v1</ownerDesignName>
<engineerTo>
<item key="F943E56F-CB63-4D36-584A-507261BFA1EF" value="true"/>
</engineerTo>
<useDomainConstraints>false</useDomainConstraints>
<use>1</use>
<logicalDatatype>LOGDT024</logicalDatatype>
<dataTypeSize>50</dataTypeSize>
<ownDataTypeParameters>50,,</ownDataTypeParameters>
</Attribute>
<Attribute name="remuneracion max" id="B8424AE2-95E6-1972-F3DA-D91D09C1F16B">
<createdBy>milfernandez</createdBy>
<createdTime>2025-09-09 01:34:57 UTC</createdTime>
<generatorID>F1BAC69D-3822-E156-AAEA-22244E93853D</generatorID>
<ownerDesignName>Semana4 v1</ownerDesignName>
<engineerTo>
<item key="F943E56F-CB63-4D36-584A-507261BFA1EF" value="true"/>
</engineerTo>
<useDomainConstraints>false</useDomainConstraints>
<use>1</use>
<logicalDatatype>LOGDT019</logicalDatatype>
<dataTypePrecision>8</dataTypePrecision>
<ownDataTypeParameters>,8,</ownDataTypeParameters>
</Attribute>
</attributes>
<identifiers itemClass="oracle.dbtools.crest.model.design.logical.CandidateKey">
<identifier id="6B4A3532-F699-754C-1F24-C2BD21FEAF28" name="EMPRESA PK">
<createdBy>milfernandez</createdBy>
<createdTime>2025-09-09 01:34:57 UTC</createdTime>
<generatorID>E3CCE11A-6D5C-7046-96FF-11FA2F5C22E1</generatorID>
<ownerDesignName>Semana4 v1</ownerDesignName>
<engineerTo>
<item key="F943E56F-CB63-4D36-584A-507261BFA1EF" value="true"/>
</engineerTo>
<pk>true</pk>
<usedAttributes>
<attributeRef>B7E822BE-00EA-E97A-DAD0-3C2827E30138</attributeRef>
</usedAttributes>
</identifier>
</identifiers>
</Entity>