<?xml version = '1.0' encoding = 'UTF-8'?>
<Diagram class="oracle.dbtools.crest.swingui.relational.DPVRelational" name="Relational_1" id="976CF428-D782-3054-96C4-1B8A73246154">
<createdBy>milfernandez</createdBy>
<modifiedBy>milfernandez</modifiedBy>
<createdTime>2025-09-16 00:38:21 UTC</createdTime>
<autoRoute>false</autoRoute>
<boxInbox>true</boxInbox>
<showLegend>false</showLegend>
<showLabels>false</showLabels>
<showRelAttributes>false</showRelAttributes>
<gridEnabled>false</gridEnabled>
<showGrid>false</showGrid>
<diagramColor>-1</diagramColor>
<display>false</display>
<notation>1</notation>
<objectViews>
<OView class="oracle.dbtools.crest.swingui.relational.TVTable" oid="3802C6DC-628C-7F81-1D8F-B5FDC303562A" otype="Table" vid="E52CDB6E-ABC9-2333-39E8-ABC8D3F9ED53">
<hideElementsInCurrentOnly>false</hideElementsInCurrentOnly>
<bounds x="19" y="455" width="172" height="125"/>
</OView>
<OView class="oracle.dbtools.crest.swingui.relational.TVTable" oid="4FA670B6-42B8-4CE4-3DC9-8388FD0B5E28" otype="Table" vid="0A1DCBFF-81FA-E0CE-6840-6A65B4269A48">
<hideElementsInCurrentOnly>false</hideElementsInCurrentOnly>
<bounds x="27" y="37" width="159" height="159"/>
</OView>
<OView class="oracle.dbtools.crest.swingui.relational.TVTable" oid="591F5F39-20AC-8186-51FA-06018595055E" otype="Table" vid="C686EA45-98E9-F35C-CF08-51A84F0EA4FF">
<hideElementsInCurrentOnly>false</hideElementsInCurrentOnly>
<bounds x="236" y="34" width="170" height="110"/>
</OView>
<OView class="oracle.dbtools.crest.swingui.relational.TVTable" oid="73DA98E1-BAA1-FA3C-790C-0A29A5CE8DFD" otype="Table" vid="13066826-AB24-CE55-087A-7D2D4B0D66BC">
<hideElementsInCurrentOnly>false</hideElementsInCurrentOnly>
<bounds x="32" y="230" width="157" height="119"/>
</OView>
<OView class="oracle.dbtools.crest.swingui.relational.TVTable" oid="848FCD95-5DD9-4079-8F9A-BE1A7D822198" otype="Table" vid="A7A35A3C-6E8B-6277-C2C7-ABDFE77297F5">
<hideElementsInCurrentOnly>false</hideElementsInCurrentOnly>
<bounds x="466" y="471" width="212" height="99"/>
</OView>
<OView class="oracle.dbtools.crest.swingui.relational.TVTable" oid="A85D7082-17DE-DA06-AFA6-3D07619FF51A" otype="Table" vid="D1203619-7E9F-F49A-893C-13D65CDEE304">
<hideElementsInCurrentOnly>false</hideElementsInCurrentOnly>
<bounds x="501" y="33" width="182" height="121"/>
</OView>
<OView class="oracle.dbtools.crest.swingui.relational.TVTable" oid="C8F2BCD5-1FD5-CEC8-A601-8F13EFEDB5C5" otype="Table" vid="F11AE3C9-B4CB-CB7D-368A-5315380140CF">
<hideElementsInCurrentOnly>false</hideElementsInCurrentOnly>
<bounds x="592" y="237" width="130" height="118"/>
</OView>
<OView class="oracle.dbtools.crest.swingui.relational.TVTable" oid="C9C28BFC-ACA7-12D5-5A4F-C74B84168776" otype="Table" vid="ECA62AF7-6CD1-6782-A3BD-587FE657973F">
<hideElementsInCurrentOnly>false</hideElementsInCurrentOnly>
<bounds x="803" y="303" width="160" height="114"/>
</OView>
<OView class="oracle.dbtools.crest.swingui.relational.TVTable" oid="D1BBA641-2B47-41AA-1A59-508F4994270C" otype="Table" vid="4194F7D7-67D6-A5A3-82D9-E8B378762FB5">
<hideElementsInCurrentOnly>false</hideElementsInCurrentOnly>
<bounds x="824" y="141" width="151" height="104"/>
</OView>
<OView class="oracle.dbtools.crest.swingui.relational.TVTable" oid="D41ADE8D-B160-4483-489D-D1810A442331" otype="Table" vid="59831370-D7FA-F41F-A8CA-5039AD2A342E">
<hideElementsInCurrentOnly>false</hideElementsInCurrentOnly>
<bounds x="288" y="221" width="207" height="121"/>
</OView>
<OView class="oracle.dbtools.crest.swingui.relational.TVTable" oid="DCF98BF0-68DD-F5E3-1664-ED49F89429B5" otype="Table" vid="E6FC6BB7-BFE9-8547-3C28-3693FF154DC1">
<hideElementsInCurrentOnly>false</hideElementsInCurrentOnly>
<bounds x="240" y="446" width="187" height="131"/>
</OView>
</objectViews>
<connectors>
<Connector class="oracle.dbtools.crest.swingui.relational.TVFKRelation" oid="11F38783-39EF-A1EA-D83F-6831E2DF4C52" otype="FKIndexAssociation" vid_source="0A1DCBFF-81FA-E0CE-6840-6A65B4269A48" vid_target="C686EA45-98E9-F35C-CF08-51A84F0EA4FF">
<hideElementsInCurrentOnly>false</hideElementsInCurrentOnly>
<backgroundColor>-16777216</backgroundColor>
<lineWidth>1</lineWidth>
<points>
<point x="186" y="90"/>
<point x="236" y="90"/>
</points>
</Connector>
<Connector class="oracle.dbtools.crest.swingui.relational.TVFKRelation" oid="1F55A5D6-0E2A-4662-2E79-F1B8BEA71A3B" otype="FKIndexAssociation" vid_source="C686EA45-98E9-F35C-CF08-51A84F0EA4FF" vid_target="13066826-AB24-CE55-087A-7D2D4B0D66BC">
<hideElementsInCurrentOnly>false</hideElementsInCurrentOnly>
<backgroundColor>-16777216</backgroundColor>
<lineWidth>1</lineWidth>
<points>
<point x="263" y="144"/>
<point x="172" y="230"/>
</points>
</Connector>
<Connector class="oracle.dbtools.crest.swingui.relational.TVFKRelation" oid="2539D295-5359-7513-178A-3CBE0074FF7F" otype="FKIndexAssociation" vid_source="D1203619-7E9F-F49A-893C-13D65CDEE304" vid_target="F11AE3C9-B4CB-CB7D-368A-5315380140CF">
<hideElementsInCurrentOnly>false</hideElementsInCurrentOnly>
<backgroundColor>-16777216</backgroundColor>
<lineWidth>1</lineWidth>
<points>
<point x="637" y="154"/>
<point x="637" y="237"/>
</points>
</Connector>
<Connector class="oracle.dbtools.crest.swingui.relational.TVFKRelation" oid="38F6E9B3-8326-CF2F-1F3A-7006D8A422B8" otype="FKIndexAssociation" vid_source="F11AE3C9-B4CB-CB7D-368A-5315380140CF" vid_target="59831370-D7FA-F41F-A8CA-5039AD2A342E">
<hideElementsInCurrentOnly>false</hideElementsInCurrentOnly>
<backgroundColor>-16777216</backgroundColor>
<lineWidth>1</lineWidth>
<points>
<point x="592" y="289"/>
<point x="495" y="289"/>
</points>
</Connector>
<Connector class="oracle.dbtools.crest.swingui.relational.TVFKRelation" oid="4255AA14-FF5C-0A67-63ED-36A311BB07F6" otype="FKIndexAssociation" vid_source="ECA62AF7-6CD1-6782-A3BD-587FE657973F" vid_target="F11AE3C9-B4CB-CB7D-368A-5315380140CF">
<hideElementsInCurrentOnly>false</hideElementsInCurrentOnly>
<backgroundColor>-16777216</backgroundColor>
<lineWidth>1</lineWidth>
<points>
<point x="803" y="329"/>
<point x="722" y="329"/>
</points>
</Connector>
<Connector class="oracle.dbtools.crest.swingui.relational.TVFKRelation" oid="506B52FE-A61A-FC87-39C0-C2500F6767F4" otype="FKIndexAssociation" vid_source="59831370-D7FA-F41F-A8CA-5039AD2A342E" vid_target="E6FC6BB7-BFE9-8547-3C28-3693FF154DC1">
<hideElementsInCurrentOnly>false</hideElementsInCurrentOnly>
<backgroundColor>-16777216</backgroundColor>
<lineWidth>1</lineWidth>
<points>
<point x="357" y="342"/>
<point x="357" y="446"/>
</points>
</Connector>
<Connector class="oracle.dbtools.crest.swingui.relational.TVFKRelation" oid="53157C96-99BE-D485-BF7F-08E716CFD106" otype="FKIndexAssociation" vid_source="13066826-AB24-CE55-087A-7D2D4B0D66BC" vid_target="59831370-D7FA-F41F-A8CA-5039AD2A342E">
<hideElementsInCurrentOnly>false</hideElementsInCurrentOnly>
<backgroundColor>-16777216</backgroundColor>
<lineWidth>1</lineWidth>
<points>
<point x="189" y="286"/>
<point x="288" y="286"/>
</points>
</Connector>
<Connector class="oracle.dbtools.crest.swingui.relational.TVFKRelation" oid="72970B2A-50E1-F9DF-FA09-230DAD2060D1" otype="FKIndexAssociation" vid_source="E52CDB6E-ABC9-2333-39E8-ABC8D3F9ED53" vid_target="E6FC6BB7-BFE9-8547-3C28-3693FF154DC1">
<hideElementsInCurrentOnly>false</hideElementsInCurrentOnly>
<backgroundColor>-16777216</backgroundColor>
<lineWidth>1</lineWidth>
<points>
<point x="191" y="516"/>
<point x="240" y="516"/>
</points>
</Connector>
<Connector class="oracle.dbtools.crest.swingui.relational.TVFKRelation" oid="905B8431-C7C0-CED0-3367-E1C65F470E35" otype="FKIndexAssociation" vid_source="4194F7D7-67D6-A5A3-82D9-E8B378762FB5" vid_target="F11AE3C9-B4CB-CB7D-368A-5315380140CF">
<hideElementsInCurrentOnly>false</hideElementsInCurrentOnly>
<backgroundColor>-16777216</backgroundColor>
<lineWidth>1</lineWidth>
<points>
<point x="824" y="241"/>
<point x="722" y="241"/>
</points>
</Connector>
<Connector class="oracle.dbtools.crest.swingui.relational.TVFKRelation" oid="9E063952-B18D-00F2-9455-897A5555E46B" otype="FKIndexAssociation" vid_source="59831370-D7FA-F41F-A8CA-5039AD2A342E" vid_target="A7A35A3C-6E8B-6277-C2C7-ABDFE77297F5">
<hideElementsInCurrentOnly>false</hideElementsInCurrentOnly>
<backgroundColor>-16777216</backgroundColor>
<lineWidth>1</lineWidth>
<points>
<point x="480" y="342"/>
<point x="480" y="471"/>
</points>
</Connector>
<Connector class="oracle.dbtools.crest.swingui.relational.TVFKRelation" oid="C324257F-7785-F23F-CBC9-F5AC01EFAFFB" otype="FKIndexAssociation" vid_source="F11AE3C9-B4CB-CB7D-368A-5315380140CF" vid_target="F11AE3C9-B4CB-CB7D-368A-5315380140CF">
<hideElementsInCurrentOnly>false</hideElementsInCurrentOnly>
<backgroundColor>-16777216</backgroundColor>
<lineWidth>1</lineWidth>
<points>
<point x="592" y="237"/>
<point x="592" y="237"/>
</points>
</Connector>
</connectors>
</Diagram>