<?xml version = '1.0' encoding = 'UTF-8'?>
<DomainFile class="oracle.dbtools.crest.model.design.DomainFileWrapper" fileName="Exp3_Domains">
<domains>
<Domain class="oracle.dbtools.crest.model.design.Domain" name="NUMERIC_6_0_0" id="4BB942EA-26EF-5999-9680-712026C61781">
<createdBy>milfernandez</createdBy>
<createdTime>2025-09-01 20:35:49 UTC</createdTime>
<ownerDesignName>Tarea semana 3</ownerDesignName>
<avTSortOrder>0</avTSortOrder>
<dataTypePrecision>6</dataTypePrecision>
<dataTypeScale>0</dataTypeScale>
<dataTypeSize>0</dataTypeSize>
<fileName>Exp3_Domains</fileName>
<logicalDatatype>LOGDT019</logicalDatatype>
</Domain>
<Domain class="oracle.dbtools.crest.model.design.Domain" name="VARCHAR_0_0_15" id="4E9FA606-D095-F240-183D-05BB1DE12AEB">
<createdBy>milfernandez</createdBy>
<createdTime>2025-09-01 20:35:49 UTC</createdTime>
<ownerDesignName>Tarea semana 3</ownerDesignName>
<avTSortOrder>0</avTSortOrder>
<dataTypePrecision>0</dataTypePrecision>
<dataTypeScale>0</dataTypeScale>
<dataTypeSize>15</dataTypeSize>
<fileName>Exp3_Domains</fileName>
<logicalDatatype>LOGDT024</logicalDatatype>
</Domain>
<Domain class="oracle.dbtools.crest.model.design.Domain" name="VARCHAR_0_0_10" id="90F623D5-4CED-614B-F969-17D116159423">
<createdBy>milfernandez</createdBy>
<createdTime>2025-09-01 20:35:49 UTC</createdTime>
<ownerDesignName>Tarea semana 3</ownerDesignName>
<avTSortOrder>0</avTSortOrder>
<dataTypePrecision>0</dataTypePrecision>
<dataTypeScale>0</dataTypeScale>
<dataTypeSize>10</dataTypeSize>
<fileName>Exp3_Domains</fileName>
<logicalDatatype>LOGDT024</logicalDatatype>
</Domain>
<Domain class="oracle.dbtools.crest.model.design.Domain" name="VARCHAR_0_0_1" id="F6B9FEC8-21B6-4452-DD3B-0CAA42130CB8">
<createdBy>milfernandez</createdBy>
<createdTime>2025-09-01 20:35:49 UTC</createdTime>
<ownerDesignName>Tarea semana 3</ownerDesignName>
<avTSortOrder>0</avTSortOrder>
<dataTypePrecision>0</dataTypePrecision>
<dataTypeScale>0</dataTypeScale>
<dataTypeSize>1</dataTypeSize>
<fileName>Exp3_Domains</fileName>
<logicalDatatype>LOGDT024</logicalDatatype>
</Domain>
<Domain class="oracle.dbtools.crest.model.design.Domain" name="VARCHAR_0_0_20" id="F6FE413F-9880-E477-A6DE-8536F9269D3B">
<createdBy>milfernandez</createdBy>
<createdTime>2025-09-01 20:35:49 UTC</createdTime>
<ownerDesignName>Tarea semana 3</ownerDesignName>
<avTSortOrder>0</avTSortOrder>
<dataTypePrecision>0</dataTypePrecision>
<dataTypeScale>0</dataTypeScale>
<dataTypeSize>20</dataTypeSize>
<fileName>Exp3_Domains</fileName>
<logicalDatatype>LOGDT024</logicalDatatype>
</Domain>
<Domain class="oracle.dbtools.crest.model.design.Domain" name="CLOB_0_0_0" id="F75D19A3-405F-BDD6-F459-F29C364D7AD2">
<createdBy>milfernandez</createdBy>
<createdTime>2025-09-01 20:35:49 UTC</createdTime>
<ownerDesignName>Tarea semana 3</ownerDesignName>
<avTSortOrder>0</avTSortOrder>
<fileName>Exp3_Domains</fileName>
<logicalDatatype>LOGDT028</logicalDatatype>
</Domain>
</domains>
</DomainFile>