<?xml version = '1.0' encoding = 'UTF-8'?>
<FKIndexAssociation class="oracle.dbtools.crest.model.design.relational.FKIndexAssociation" directorySegmentName="seg_0" id="11F38783-39EF-A1EA-D83F-6831E2DF4C52" containerWithKeyObject="591F5F39-20AC-8186-51FA-06018595055E" localFKIndex="24CAA074-EDFF-2A25-D74F-9D3801E4B474" name="COMUNA_REGION_FK">
<createdBy>milfernandez</createdBy>
<createdTime>2025-09-16 00:45:59 UTC</createdTime>
<ownerDesignName>semana 5</ownerDesignName>
<referredTableLongName>REGION</referredTableLongName>
<deleteRule>NO ACTION</deleteRule>
<referredTableID>4FA670B6-42B8-4CE4-3DC9-8388FD0B5E28</referredTableID>
<keyObject>E5A449B6-A1FF-F31B-16D2-E304B8E156F2</keyObject>
<referredKeyID>E5A449B6-A1FF-F31B-16D2-E304B8E156F2</referredKeyID>
<mandatory>true</mandatory>
<refColNames>id_region</refColNames>
<transferable>true</transferable>
<rely>false</rely>
<columnDependencyConstraintGenerateInDDL>true</columnDependencyConstraintGenerateInDDL>
</FKIndexAssociation>