<?xml version = '1.0' encoding = 'UTF-8'?>
<FKIndexAssociation class="oracle.dbtools.crest.model.design.relational.FKIndexAssociation" directorySegmentName="seg_0" id="1F55A5D6-0E2A-4662-2E79-F1B8BEA71A3B" containerWithKeyObject="73DA98E1-BAA1-FA3C-790C-0A29A5CE8DFD" localFKIndex="4AE94E77-8370-EED5-AEB3-822DA5331DE9" name="TABLE_4_COMUNA_FK">
<createdBy>milfernandez</createdBy>
<createdTime>2025-09-16 00:50:45 UTC</createdTime>
<ownerDesignName>semana 5</ownerDesignName>
<referredTableLongName>COMUNA</referredTableLongName>
<deleteRule>NO ACTION</deleteRule>
<referredTableID>591F5F39-20AC-8186-51FA-06018595055E</referredTableID>
<keyObject>184CAF70-2ADF-F36A-57F5-CAE1295F1298</keyObject>
<referredKeyID>184CAF70-2ADF-F36A-57F5-CAE1295F1298</referredKeyID>
<mandatory>true</mandatory>
<refColNames>id_comuna</refColNames>
<transferable>true</transferable>
<rely>false</rely>
<columnDependencyConstraintGenerateInDDL>true</columnDependencyConstraintGenerateInDDL>
</FKIndexAssociation>