<?xml version = '1.0' encoding = 'UTF-8'?>
<FKIndexAssociation class="oracle.dbtools.crest.model.design.relational.FKIndexAssociation" directorySegmentName="seg_0" id="2539D295-5359-7513-178A-3CBE0074FF7F" containerWithKeyObject="C8F2BCD5-1FD5-CEC8-A601-8F13EFEDB5C5" localFKIndex="3DCBCBFA-98FF-2A86-948F-6F87DF06FA17" name="TABLE_8_ESPECIALIDAD_FK">
<createdBy>milfernandez</createdBy>
<createdTime>2025-09-16 00:59:48 UTC</createdTime>
<ownerDesignName>semana 5</ownerDesignName>
<referredTableLongName>ESPECIALIDAD</referredTableLongName>
<deleteRule>NO ACTION</deleteRule>
<referredTableID>A85D7082-17DE-DA06-AFA6-3D07619FF51A</referredTableID>
<keyObject>A0F5E4D8-4C5C-EABE-390D-E47B6F1E0EEA</keyObject>
<referredKeyID>A0F5E4D8-4C5C-EABE-390D-E47B6F1E0EEA</referredKeyID>
<mandatory>true</mandatory>
<refColNames>id_especialidad</refColNames>
<transferable>true</transferable>
<rely>false</rely>
<columnDependencyConstraintGenerateInDDL>true</columnDependencyConstraintGenerateInDDL>
</FKIndexAssociation>