<?xml version = '1.0' encoding = 'UTF-8'?>
<FKIndexAssociation class="oracle.dbtools.crest.model.design.relational.FKIndexAssociation" directorySegmentName="seg_0" id="38F6E9B3-8326-CF2F-1F3A-7006D8A422B8" containerWithKeyObject="D41ADE8D-B160-4483-489D-D1810A442331" localFKIndex="0435D95A-CDE6-EC2B-9FA2-09DB646BEFF9" name="TABLE_9_MEDICO_FK">
<createdBy>milfernandez</createdBy>
<createdTime>2025-09-16 01:02:43 UTC</createdTime>
<ownerDesignName>semana 5</ownerDesignName>
<referredTableLongName>MEDICO</referredTableLongName>
<deleteRule>NO ACTION</deleteRule>
<referredTableID>C8F2BCD5-1FD5-CEC8-A601-8F13EFEDB5C5</referredTableID>
<keyObject>E8033114-264A-9F9C-31DB-661C8D4CE84C</keyObject>
<referredKeyID>E8033114-264A-9F9C-31DB-661C8D4CE84C</referredKeyID>
<mandatory>true</mandatory>
<refColNames>rut_medico</refColNames>
<transferable>true</transferable>
<rely>false</rely>
<columnDependencyConstraintGenerateInDDL>true</columnDependencyConstraintGenerateInDDL>
</FKIndexAssociation>