<?xml version = '1.0' encoding = 'UTF-8'?>
<FKIndexAssociation class="oracle.dbtools.crest.model.design.relational.FKIndexAssociation" directorySegmentName="seg_0" id="4255AA14-FF5C-0A67-63ED-36A311BB07F6" containerWithKeyObject="C8F2BCD5-1FD5-CEC8-A601-8F13EFEDB5C5" localFKIndex="1EECDC65-E593-3176-2275-7FF61D579224" name="TABLE_8_AFP_FK">
<createdBy>milfernandez</createdBy>
<createdTime>2025-09-16 00:59:48 UTC</createdTime>
<ownerDesignName>semana 5</ownerDesignName>
<referredTableLongName>AFP</referredTableLongName>
<deleteRule>NO ACTION</deleteRule>
<referredTableID>C9C28BFC-ACA7-12D5-5A4F-C74B84168776</referredTableID>
<keyObject>FE629FAC-168D-BB62-44D0-17EDEFEB5448</keyObject>
<referredKeyID>FE629FAC-168D-BB62-44D0-17EDEFEB5448</referredKeyID>
<mandatory>true</mandatory>
<refColNames>id_afp</refColNames>
<transferable>true</transferable>
<rely>false</rely>
<columnDependencyConstraintGenerateInDDL>true</columnDependencyConstraintGenerateInDDL>
</FKIndexAssociation>