<?xml version = '1.0' encoding = 'UTF-8'?>
<FKIndexAssociation class="oracle.dbtools.crest.model.design.relational.FKIndexAssociation" directorySegmentName="seg_0" id="506B52FE-A61A-FC87-39C0-C2500F6767F4" containerWithKeyObject="DCF98BF0-68DD-F5E3-1664-ED49F89429B5" localFKIndex="9FF4729B-0ECE-3889-A69F-B29CF7C9C799" name="TABLE_12_ATENCION_FK">
<createdBy>milfernandez</createdBy>
<createdTime>2025-09-16 01:09:28 UTC</createdTime>
<ownerDesignName>semana 5</ownerDesignName>
<referredTableLongName>ATENCION</referredTableLongName>
<deleteRule>NO ACTION</deleteRule>
<referredTableID>D41ADE8D-B160-4483-489D-D1810A442331</referredTableID>
<keyObject>A53EE6C7-82F1-0A13-9223-6449B2FEE092</keyObject>
<referredKeyID>A53EE6C7-82F1-0A13-9223-6449B2FEE092</referredKeyID>
<mandatory>true</mandatory>
<refColNames>id_atencion</refColNames>
<transferable>true</transferable>
<rely>false</rely>
<columnDependencyConstraintGenerateInDDL>true</columnDependencyConstraintGenerateInDDL>
</FKIndexAssociation>