<?xml version = '1.0' encoding = 'UTF-8'?>
<FKIndexAssociation class="oracle.dbtools.crest.model.design.relational.FKIndexAssociation" directorySegmentName="seg_0" id="53157C96-99BE-D485-BF7F-08E716CFD106" containerWithKeyObject="D41ADE8D-B160-4483-489D-D1810A442331" localFKIndex="F797400B-2CC3-9177-C3F5-E9E42D784B79" name="TABLE_9_PACIENTE_FK">
<createdBy>milfernandez</createdBy>
<createdTime>2025-09-16 01:02:43 UTC</createdTime>
<ownerDesignName>semana 5</ownerDesignName>
<referredTableLongName>PACIENTE</referredTableLongName>
<deleteRule>NO ACTION</deleteRule>
<referredTableID>73DA98E1-BAA1-FA3C-790C-0A29A5CE8DFD</referredTableID>
<keyObject>C6DE81FE-5DEA-4AE3-0AAC-13FE5CA94CF6</keyObject>
<referredKeyID>C6DE81FE-5DEA-4AE3-0AAC-13FE5CA94CF6</referredKeyID>
<mandatory>true</mandatory>
<refColNames>rut_paciente</refColNames>
<transferable>true</transferable>
<rely>false</rely>
<columnDependencyConstraintGenerateInDDL>true</columnDependencyConstraintGenerateInDDL>
</FKIndexAssociation>