<?xml version = '1.0' encoding = 'UTF-8'?>
<FKIndexAssociation class="oracle.dbtools.crest.model.design.relational.FKIndexAssociation" directorySegmentName="seg_0" id="72970B2A-50E1-F9DF-FA09-230DAD2060D1" containerWithKeyObject="DCF98BF0-68DD-F5E3-1664-ED49F89429B5" localFKIndex="56D94163-4426-84A2-A891-78262809F775" name="TABLE_12_EXAMEN_FK">
<createdBy>milfernandez</createdBy>
<createdTime>2025-09-16 01:09:28 UTC</createdTime>
<ownerDesignName>semana 5</ownerDesignName>
<referredTableLongName>EXAMEN</referredTableLongName>
<deleteRule>NO ACTION</deleteRule>
<referredTableID>3802C6DC-628C-7F81-1D8F-B5FDC303562A</referredTableID>
<keyObject>B987ADE7-07E1-6906-DD2C-E7B9910C2314</keyObject>
<referredKeyID>B987ADE7-07E1-6906-DD2C-E7B9910C2314</referredKeyID>
<mandatory>true</mandatory>
<refColNames>id_examen</refColNames>
<transferable>true</transferable>
<rely>false</rely>
<columnDependencyConstraintGenerateInDDL>true</columnDependencyConstraintGenerateInDDL>
</FKIndexAssociation>