<?xml version = '1.0' encoding = 'UTF-8'?>
<FKIndexAssociation class="oracle.dbtools.crest.model.design.relational.FKIndexAssociation" directorySegmentName="seg_0" id="905B8431-C7C0-CED0-3367-E1C65F470E35" containerWithKeyObject="C8F2BCD5-1FD5-CEC8-A601-8F13EFEDB5C5" localFKIndex="51375995-EAE8-9660-2095-DF1786D67179" name="TABLE_8_SALUD_FK">
<createdBy>milfernandez</createdBy>
<createdTime>2025-09-16 00:59:48 UTC</createdTime>
<ownerDesignName>semana 5</ownerDesignName>
<referredTableLongName>SALUD</referredTableLongName>
<deleteRule>NO ACTION</deleteRule>
<referredTableID>D1BBA641-2B47-41AA-1A59-508F4994270C</referredTableID>
<keyObject>D1D19A1A-B9FC-C023-9429-55A692E7EF69</keyObject>
<referredKeyID>D1D19A1A-B9FC-C023-9429-55A692E7EF69</referredKeyID>
<mandatory>true</mandatory>
<refColNames>id_salud</refColNames>
<transferable>true</transferable>
<rely>false</rely>
<columnDependencyConstraintGenerateInDDL>true</columnDependencyConstraintGenerateInDDL>
</FKIndexAssociation>