<?xml version = '1.0' encoding = 'UTF-8'?>
<FKIndexAssociation class="oracle.dbtools.crest.model.design.relational.FKIndexAssociation" directorySegmentName="seg_0" id="9E063952-B18D-00F2-9455-897A5555E46B" containerWithKeyObject="848FCD95-5DD9-4079-8F9A-BE1A7D822198" localFKIndex="0C1BE57A-34DC-7266-FB00-21FEF37A8389" name="PAGO_ATENCION_ATENCION_FK">
<createdBy>milfernandez</createdBy>
<createdTime>2025-09-16 01:04:36 UTC</createdTime>
<ownerDesignName>semana 5</ownerDesignName>
<referredTableLongName>ATENCION</referredTableLongName>
<deleteRule>NO ACTION</deleteRule>
<referredTableID>D41ADE8D-B160-4483-489D-D1810A442331</referredTableID>
<keyObject>A53EE6C7-82F1-0A13-9223-6449B2FEE092</keyObject>
<referredKeyID>A53EE6C7-82F1-0A13-9223-6449B2FEE092</referredKeyID>
<mandatory>true</mandatory>
<refColNames>id_atencion</refColNames>
<transferable>true</transferable>
<rely>false</rely>
<columnDependencyConstraintGenerateInDDL>true</columnDependencyConstraintGenerateInDDL>
</FKIndexAssociation>