<?xml version = '1.0' encoding = 'UTF-8'?>
<FKIndexAssociation class="oracle.dbtools.crest.model.design.relational.FKIndexAssociation" directorySegmentName="seg_0" id="C324257F-7785-F23F-CBC9-F5AC01EFAFFB" containerWithKeyObject="C8F2BCD5-1FD5-CEC8-A601-8F13EFEDB5C5" localFKIndex="1C4A9A71-40AB-49AE-90EA-D2A62371688F" name="MEDICO_MEDICO_FK">
<createdBy>milfernandez</createdBy>
<createdTime>2025-09-16 01:00:22 UTC</createdTime>
<ownerDesignName>semana 5</ownerDesignName>
<referredTableLongName>MEDICO</referredTableLongName>
<deleteRule>NO ACTION</deleteRule>
<referredTableID>C8F2BCD5-1FD5-CEC8-A601-8F13EFEDB5C5</referredTableID>
<keyObject>E8033114-264A-9F9C-31DB-661C8D4CE84C</keyObject>
<referredKeyID>E8033114-264A-9F9C-31DB-661C8D4CE84C</referredKeyID>
<mandatory>true</mandatory>
<refColNames>rut_medico</refColNames>
<transferable>true</transferable>
<rely>false</rely>
<columnDependencyConstraintGenerateInDDL>true</columnDependencyConstraintGenerateInDDL>
</FKIndexAssociation>