<?xml version = '1.0' encoding = 'UTF-8'?>
<Relation class="oracle.dbtools.crest.model.design.logical.Relation" name="FK_POSTULACION_POSTULANTE" directorySegmentName="seg_0" id="5A5AF823-771D-B164-136F-DDC65BC3033E">
<createdBy>milfernandez</createdBy>
<createdTime>2025-09-09 01:53:26 UTC</createdTime>
<generatorID>EB842107-00CB-4DCF-8A2F-FFBD13FD0A2D</generatorID>
<ownerDesignName>Semana4 v1</ownerDesignName>
<engineerTo>
<item key="F943E56F-CB63-4D36-584A-507261BFA1EF" value="true"/>
</engineerTo>
<sourcePk>82B4E620-C960-07D8-4734-DF958B37946F</sourcePk>
<dominantRole>BD484D33-1460-6574-3FCD-0CEA4DE395AA</dominantRole>
<identifying>false</identifying>
<optionalSource>true</optionalSource>
<optionalTarget>false</optionalTarget>
<sourceCardinality>1</sourceCardinality>
<sourceEntity>BD484D33-1460-6574-3FCD-0CEA4DE395AA</sourceEntity>
<targetCardinalityString>1</targetCardinalityString>
<targetEntity>44623D35-6C0C-88A3-D9CE-B5F8C88582FC</targetEntity>
<transferable>true</transferable>
<deleteRule>NO ACTION</deleteRule>
</Relation>