<?xml version = '1.0' encoding = 'UTF-8'?>
<Relation class="oracle.dbtools.crest.model.design.logical.Relation" name="FK_PP_POSTULANTE" directorySegmentName="seg_0" id="6BB395A9-F4FC-074D-C7D9-D7B6D131387C">
<createdBy>milfernandez</createdBy>
<createdTime>2025-09-09 01:53:26 UTC</createdTime>
<generatorID>3FF793CA-F375-ADDF-1375-553FA7AC6B08</generatorID>
<ownerDesignName>Semana4 v1</ownerDesignName>
<engineerTo>
<item key="F943E56F-CB63-4D36-584A-507261BFA1EF" value="true"/>
</engineerTo>
<sourcePk>82B4E620-C960-07D8-4734-DF958B37946F</sourcePk>
<identifying>true</identifying>
<optionalSource>true</optionalSource>
<optionalTarget>false</optionalTarget>
<sourceCardinality>1</sourceCardinality>
<sourceEntity>BD484D33-1460-6574-3FCD-0CEA4DE395AA</sourceEntity>
<targetCardinalityString>*</targetCardinalityString>
<targetEntity>3A46479D-F25B-618A-531B-D3DAEFAAEE66</targetEntity>
<transferable>true</transferable>
<deleteRule>NO ACTION</deleteRule>
</Relation>