<?xml version = '1.0' encoding = 'UTF-8'?>
<Relation class="oracle.dbtools.crest.model.design.logical.Relation" name="FK_VISA_POSTULACION" directorySegmentName="seg_0" id="75CECD6C-196F-DF4F-1C4C-6829B47E5ECB">
<createdBy>milfernandez</createdBy>
<createdTime>2025-09-09 01:53:26 UTC</createdTime>
<generatorID>80709196-BE6C-EDE6-C3AB-8C0BC8803B9E</generatorID>
<ownerDesignName>Semana4 v1</ownerDesignName>
<engineerTo>
<item key="F943E56F-CB63-4D36-584A-507261BFA1EF" value="true"/>
</engineerTo>
<sourcePk>84A5A639-FAE9-BC9C-D785-9D46DB527904</sourcePk>
<dominantRole>44623D35-6C0C-88A3-D9CE-B5F8C88582FC</dominantRole>
<identifying>false</identifying>
<optionalSource>true</optionalSource>
<optionalTarget>false</optionalTarget>
<sourceCardinality>1</sourceCardinality>
<sourceEntity>44623D35-6C0C-88A3-D9CE-B5F8C88582FC</sourceEntity>
<targetCardinalityString>1</targetCardinalityString>
<targetEntity>60A86CAC-92C1-CE6D-33F0-3D09BF0577AC</targetEntity>
<transferable>true</transferable>
<deleteRule>NO ACTION</deleteRule>
</Relation>