<?xml version = '1.0' encoding = 'UTF-8'?>
<Relation class="oracle.dbtools.crest.model.design.logical.Relation" name="FK_PP_PROFESION" directorySegmentName="seg_0" id="941DE842-1BB6-066A-A597-41E88526E115">
<createdBy>milfernandez</createdBy>
<createdTime>2025-09-09 01:53:26 UTC</createdTime>
<generatorID>4E06EBC7-A08D-B172-5506-AB7E5BD858C0</generatorID>
<ownerDesignName>Semana4 v1</ownerDesignName>
<engineerTo>
<item key="F943E56F-CB63-4D36-584A-507261BFA1EF" value="true"/>
</engineerTo>
<sourcePk>E2F94609-1D1F-0023-A03A-191B5B7C1902</sourcePk>
<identifying>true</identifying>
<optionalSource>true</optionalSource>
<optionalTarget>false</optionalTarget>
<sourceCardinality>1</sourceCardinality>
<sourceEntity>48474A41-7D8D-59F5-BD19-2CDDB304E0DD</sourceEntity>
<targetCardinalityString>*</targetCardinalityString>
<targetEntity>3A46479D-F25B-618A-531B-D3DAEFAAEE66</targetEntity>
<transferable>true</transferable>
<deleteRule>NO ACTION</deleteRule>
</Relation>