<?xml version = '1.0' encoding = 'UTF-8'?>
<Relation class="oracle.dbtools.crest.model.design.logical.Relation" name="FK_POSTULACION_EMPRESA" directorySegmentName="seg_0" id="CC365AC9-A008-2749-FD90-C821D6C2E144">
<createdBy>milfernandez</createdBy>
<createdTime>2025-09-09 01:53:26 UTC</createdTime>
<generatorID>85FF9439-2450-E89E-D251-D30BFED21DE9</generatorID>
<ownerDesignName>Semana4 v1</ownerDesignName>
<engineerTo>
<item key="F943E56F-CB63-4D36-584A-507261BFA1EF" value="true"/>
</engineerTo>
<sourcePk>6B4A3532-F699-754C-1F24-C2BD21FEAF28</sourcePk>
<identifying>false</identifying>
<optionalSource>true</optionalSource>
<optionalTarget>false</optionalTarget>
<sourceCardinality>1</sourceCardinality>
<sourceEntity>E37FA561-A781-C0ED-1B9E-642CDF6DF2CC</sourceEntity>
<targetCardinalityString>*</targetCardinalityString>
<targetEntity>44623D35-6C0C-88A3-D9CE-B5F8C88582FC</targetEntity>
<transferable>true</transferable>
<deleteRule>NO ACTION</deleteRule>
</Relation>