<?xml version = '1.0' encoding = 'UTF-8'?>
<Diagram class="oracle.dbtools.crest.swingui.relational.DPVRelational" name="Relational_1" id="B149ECBC-C628-8101-181D-061BA490AC36">
<createdBy>mily_</createdBy>
<modifiedBy>mily_</modifiedBy>
<createdTime>2025-10-12 14:27:11 UTC</createdTime>
<autoRoute>false</autoRoute>
<boxInbox>true</boxInbox>
<showLegend>false</showLegend>
<showLabels>false</showLabels>
<showRelAttributes>false</showRelAttributes>
<gridEnabled>false</gridEnabled>
<showGrid>false</showGrid>
<diagramColor>-1</diagramColor>
<display>false</display>
<notation>1</notation>
<objectViews>
<OView class="oracle.dbtools.crest.swingui.relational.TVTable" oid="11C35C01-DA87-A168-4857-F5C3FE2BAF06" otype="Table" vid="68CA2F29-39EC-1CA7-3C2C-CAAC0443C6C9">
<hideElementsInCurrentOnly>false</hideElementsInCurrentOnly>
<bounds x="907" y="720" width="207" height="136"/>
</OView>
<OView class="oracle.dbtools.crest.swingui.relational.TVTable" oid="18BEE2FE-192A-45B9-F1D4-3DF89E7CBDC1" otype="Table" vid="0320115E-0F78-095E-F166-F4D678E7538A">
<hideElementsInCurrentOnly>false</hideElementsInCurrentOnly>
<bounds x="1119" y="719" width="205" height="150"/>
</OView>
<OView class="oracle.dbtools.crest.swingui.relational.TVTable" oid="2D1748B8-FF23-0F18-A445-7AF9548E5879" otype="Table" vid="EC80AB57-6D33-C443-D9A0-A61EA7B1D35A">
<hideElementsInCurrentOnly>false</hideElementsInCurrentOnly>
<bounds x="28" y="34" width="263" height="126"/>
</OView>
<OView class="oracle.dbtools.crest.swingui.relational.TVTable" oid="2D796B29-3B0B-E695-ADA0-8464C3C7AB29" otype="Table" vid="B85A7401-BD83-D3CF-4C0C-887637084409">
<hideElementsInCurrentOnly>false</hideElementsInCurrentOnly>
<bounds x="889" y="240" width="237" height="118"/>
</OView>
<OView class="oracle.dbtools.crest.swingui.relational.TVTable" oid="32FF515A-5F17-7429-D764-D5F34C012B36" otype="Table" vid="43E185CA-601E-7A98-C2E8-098C53FDEAF8">
<hideElementsInCurrentOnly>false</hideElementsInCurrentOnly>
<bounds x="393" y="36" width="264" height="133"/>
</OView>
<OView class="oracle.dbtools.crest.swingui.relational.TVTable" oid="40E365F6-CB50-E19D-5232-C8B12ABE1260" otype="Table" vid="A52A7D51-F2BE-8958-DAC1-F76863A5D7E4">
<hideElementsInCurrentOnly>false</hideElementsInCurrentOnly>
<bounds x="0" y="424" width="303" height="491"/>
</OView>
<OView class="oracle.dbtools.crest.swingui.relational.TVTable" oid="5C9D8F1A-D6DB-F747-982B-17478D3414E5" otype="Table" vid="5B65F243-9B40-0C70-71E9-5E9E124B59A5">
<hideElementsInCurrentOnly>false</hideElementsInCurrentOnly>
<bounds x="21" y="189" width="269" height="126"/>
</OView>
<OView class="oracle.dbtools.crest.swingui.relational.TVTable" oid="8BE2393F-3E2B-800B-3890-B136CAE8F5CD" otype="Table" vid="DC05B3CC-D064-829E-6390-15E6F911AF99">
<hideElementsInCurrentOnly>false</hideElementsInCurrentOnly>
<bounds x="1149" y="242" width="203" height="114"/>
</OView>
<OView class="oracle.dbtools.crest.swingui.relational.TVTable" oid="A6BD4595-93B1-C6DB-1249-8F824230B5D3" otype="Table" vid="27FEA8D8-66DC-0898-6C2E-D60A796AD1DC">
<hideElementsInCurrentOnly>false</hideElementsInCurrentOnly>
<bounds x="715" y="949" width="275" height="117"/>
</OView>
<OView class="oracle.dbtools.crest.swingui.relational.TVTable" oid="B3F4E91F-571E-35D6-5E55-60757CFA66F5" otype="Table" vid="E1148BFD-CDFB-3B1A-8378-A0396BA3B441">
<hideElementsInCurrentOnly>false</hideElementsInCurrentOnly>
<bounds x="901" y="395" width="650" height="517"/>
</OView>
<OView class="oracle.dbtools.crest.swingui.relational.TVTable" oid="CCA9C608-B4E7-BD7F-0D13-8258E9C74342" otype="Table" vid="D9CB49F7-7576-55DC-53E2-E5CE7F268BB1">
<hideElementsInCurrentOnly>false</hideElementsInCurrentOnly>
<bounds x="1334" y="728" width="188" height="133"/>
</OView>
<OView class="oracle.dbtools.crest.swingui.relational.TVTable" oid="D4883AD2-A0C5-AA43-132A-A738B3DF90BD" otype="Table" vid="7ED04EA6-4A9F-B033-1662-9CC57BDF9E14">
<hideElementsInCurrentOnly>false</hideElementsInCurrentOnly>
<bounds x="464" y="346" width="267" height="136"/>
</OView>
<OView class="oracle.dbtools.crest.swingui.relational.TVTable" oid="EDC1DA2F-FB42-32F1-FBA4-0D02D740C416" otype="Table" vid="09E38715-FE44-6337-94C9-1789C3078DEC">
<hideElementsInCurrentOnly>false</hideElementsInCurrentOnly>
<bounds x="376" y="788" width="311" height="186"/>
</OView>
<OView class="oracle.dbtools.crest.swingui.relational.TVTable" oid="F0EA79EE-9605-CDA3-58E2-1A7C202F0F45" otype="Table" vid="68D910FA-7DC1-4545-B878-8187CCDE4913">
<hideElementsInCurrentOnly>false</hideElementsInCurrentOnly>
<bounds x="366" y="510" width="468" height="210"/>
</OView>
</objectViews>
<connectors>
<Connector class="oracle.dbtools.crest.swingui.relational.TVFKRelation" oid="21CC3509-9387-206D-3A3A-5D62AA8CE543" otype="FKIndexAssociation" vid_source="7ED04EA6-4A9F-B033-1662-9CC57BDF9E14" vid_target="E1148BFD-CDFB-3B1A-8378-A0396BA3B441">
<hideElementsInCurrentOnly>false</hideElementsInCurrentOnly>
<backgroundColor>-16777216</backgroundColor>
<lineWidth>1</lineWidth>
<points>
<point x="731" y="408"/>
<point x="901" y="408"/>
</points>
</Connector>
<Connector class="oracle.dbtools.crest.swingui.relational.TVFKRelation" oid="297FBE4C-DB12-DCAE-809F-41BA72369FB8" otype="FKIndexAssociation" vid_source="DC05B3CC-D064-829E-6390-15E6F911AF99" vid_target="E1148BFD-CDFB-3B1A-8378-A0396BA3B441">
<hideElementsInCurrentOnly>false</hideElementsInCurrentOnly>
<backgroundColor>-16777216</backgroundColor>
<lineWidth>1</lineWidth>
<points>
<point x="1160" y="356"/>
<point x="1160" y="395"/>
</points>
</Connector>
<Connector class="oracle.dbtools.crest.swingui.relational.TVFKRelation" oid="3781D5F8-B0D0-B401-EE7D-6BC3A270EBE7" otype="FKIndexAssociation" vid_source="E1148BFD-CDFB-3B1A-8378-A0396BA3B441" vid_target="68CA2F29-39EC-1CA7-3C2C-CAAC0443C6C9">
<hideElementsInCurrentOnly>false</hideElementsInCurrentOnly>
<backgroundColor>-16777216</backgroundColor>
<lineWidth>1</lineWidth>
<points>
<point x="1551" y="758"/>
<point x="907" y="758"/>
</points>
</Connector>
<Connector class="oracle.dbtools.crest.swingui.relational.TVFKRelation" oid="3A51A851-43F9-0953-6F82-6E89A3CCE1B0" otype="FKIndexAssociation" vid_source="A52A7D51-F2BE-8958-DAC1-F76863A5D7E4" vid_target="68D910FA-7DC1-4545-B878-8187CCDE4913">
<hideElementsInCurrentOnly>false</hideElementsInCurrentOnly>
<backgroundColor>-16777216</backgroundColor>
<lineWidth>1</lineWidth>
<points>
<point x="303" y="615"/>
<point x="366" y="615"/>
</points>
</Connector>
<Connector class="oracle.dbtools.crest.swingui.relational.TVFKRelation" oid="3EEA7814-F631-9104-8299-08D6C25DC2C5" otype="FKIndexAssociation" vid_source="E1148BFD-CDFB-3B1A-8378-A0396BA3B441" vid_target="0320115E-0F78-095E-F166-F4D678E7538A">
<hideElementsInCurrentOnly>false</hideElementsInCurrentOnly>
<backgroundColor>-16777216</backgroundColor>
<lineWidth>1</lineWidth>
<points>
<point x="1551" y="794"/>
<point x="1119" y="794"/>
</points>
</Connector>
<Connector class="oracle.dbtools.crest.swingui.relational.TVFKRelation" oid="49C1508C-7180-A6F7-B7FE-E56B204EA4CB" otype="FKIndexAssociation" vid_source="A52A7D51-F2BE-8958-DAC1-F76863A5D7E4" vid_target="09E38715-FE44-6337-94C9-1789C3078DEC">
<hideElementsInCurrentOnly>false</hideElementsInCurrentOnly>
<backgroundColor>-16777216</backgroundColor>
<lineWidth>1</lineWidth>
<points>
<point x="303" y="836"/>
<point x="376" y="836"/>
</points>
</Connector>
<Connector class="oracle.dbtools.crest.swingui.relational.TVFKRelation" oid="5D839F53-4B87-22C6-9174-BC75F5AF5E69" otype="FKIndexAssociation" vid_source="7ED04EA6-4A9F-B033-1662-9CC57BDF9E14" vid_target="A52A7D51-F2BE-8958-DAC1-F76863A5D7E4">
<hideElementsInCurrentOnly>false</hideElementsInCurrentOnly>
<backgroundColor>-16777216</backgroundColor>
<lineWidth>1</lineWidth>
<points>
<point x="464" y="453"/>
<point x="303" y="453"/>
</points>
</Connector>
<Connector class="oracle.dbtools.crest.swingui.relational.TVFKRelation" oid="785ABABE-41E9-337E-24A7-23263A0E09FF" otype="FKIndexAssociation" vid_source="68CA2F29-39EC-1CA7-3C2C-CAAC0443C6C9" vid_target="09E38715-FE44-6337-94C9-1789C3078DEC">
<hideElementsInCurrentOnly>false</hideElementsInCurrentOnly>
<backgroundColor>-16777216</backgroundColor>
<lineWidth>1</lineWidth>
<points>
<point x="907" y="822"/>
<point x="687" y="822"/>
</points>
</Connector>
<Connector class="oracle.dbtools.crest.swingui.relational.TVFKRelation" oid="90556157-2A9C-42B6-FFF6-B09804D024AC" otype="FKIndexAssociation" vid_source="27FEA8D8-66DC-0898-6C2E-D60A796AD1DC" vid_target="68D910FA-7DC1-4545-B878-8187CCDE4913">
<hideElementsInCurrentOnly>false</hideElementsInCurrentOnly>
<backgroundColor>-16777216</backgroundColor>
<lineWidth>1</lineWidth>
<points>
<point x="819" y="949"/>
<point x="819" y="720"/>
</points>
</Connector>
<Connector class="oracle.dbtools.crest.swingui.relational.TVFKRelation" oid="92DE240F-C26A-532D-A320-A514B6156966" otype="FKIndexAssociation" vid_source="43E185CA-601E-7A98-C2E8-098C53FDEAF8" vid_target="7ED04EA6-4A9F-B033-1662-9CC57BDF9E14">
<hideElementsInCurrentOnly>false</hideElementsInCurrentOnly>
<backgroundColor>-16777216</backgroundColor>
<lineWidth>1</lineWidth>
<points>
<point x="560" y="169"/>
<point x="560" y="346"/>
</points>
</Connector>
<Connector class="oracle.dbtools.crest.swingui.relational.TVFKRelation" oid="99725886-9DC7-07AB-34F2-7FD39A3AFB25" otype="FKIndexAssociation" vid_source="E1148BFD-CDFB-3B1A-8378-A0396BA3B441" vid_target="68D910FA-7DC1-4545-B878-8187CCDE4913">
<hideElementsInCurrentOnly>false</hideElementsInCurrentOnly>
<backgroundColor>-16777216</backgroundColor>
<lineWidth>1</lineWidth>
<points>
<point x="901" y="540"/>
<point x="834" y="540"/>
</points>
</Connector>
<Connector class="oracle.dbtools.crest.swingui.relational.TVFKRelation" oid="C6C8C3C6-11A8-D7FD-227E-06B92C549E1D" otype="FKIndexAssociation" vid_source="B85A7401-BD83-D3CF-4C0C-887637084409" vid_target="E1148BFD-CDFB-3B1A-8378-A0396BA3B441">
<hideElementsInCurrentOnly>false</hideElementsInCurrentOnly>
<backgroundColor>-16777216</backgroundColor>
<lineWidth>1</lineWidth>
<points>
<point x="908" y="358"/>
<point x="908" y="395"/>
</points>
</Connector>
<Connector class="oracle.dbtools.crest.swingui.relational.TVFKRelation" oid="D7D1D2EF-8A2F-C8D6-0FEB-D88D59521C84" otype="FKIndexAssociation" vid_source="E1148BFD-CDFB-3B1A-8378-A0396BA3B441" vid_target="D9CB49F7-7576-55DC-53E2-E5CE7F268BB1">
<hideElementsInCurrentOnly>false</hideElementsInCurrentOnly>
<backgroundColor>-16777216</backgroundColor>
<lineWidth>1</lineWidth>
<points>
<point x="1551" y="809"/>
<point x="1334" y="809"/>
</points>
</Connector>
<Connector class="oracle.dbtools.crest.swingui.relational.TVFKRelation" oid="EB31DE1F-1337-E871-AF78-B543C635CFFD" otype="FKIndexAssociation" vid_source="5B65F243-9B40-0C70-71E9-5E9E124B59A5" vid_target="A52A7D51-F2BE-8958-DAC1-F76863A5D7E4">
<hideElementsInCurrentOnly>false</hideElementsInCurrentOnly>
<backgroundColor>-16777216</backgroundColor>
<lineWidth>1</lineWidth>
<points>
<point x="155" y="315"/>
<point x="155" y="424"/>
</points>
</Connector>
<Connector class="oracle.dbtools.crest.swingui.relational.TVFKRelation" oid="F6BB8538-16F8-D2E9-7067-753FBE193206" otype="FKIndexAssociation" vid_source="EC80AB57-6D33-C443-D9A0-A61EA7B1D35A" vid_target="43E185CA-601E-7A98-C2E8-098C53FDEAF8">
<hideElementsInCurrentOnly>false</hideElementsInCurrentOnly>
<backgroundColor>-16777216</backgroundColor>
<lineWidth>1</lineWidth>
<points>
<point x="291" y="98"/>
<point x="393" y="98"/>
</points>
</Connector>
</connectors>
<arcs>
<Arc class="oracle.dbtools.crest.swingui.relational.TVFKArc" oid="9E1E9A48-8FF8-4DC2-6A5F-68A049CE0CD5" otype="FKArc" vid="2220FDFA-AA8F-D78D-3A2E-AF13BBC87811">
<hideElementsInCurrentOnly>false</hideElementsInCurrentOnly>
<bounds x="881" y="375" width="690" height="557"/>
</Arc>
</arcs>
</Diagram>