<?xml version = '1.0' encoding = 'UTF-8'?>
<Diagram class="oracle.dbtools.crest.swingui.relational.DPVRelationalSubView" name="From_LM_Logical - SubView_1" id="CDA03996-8715-FB9D-2A84-80E0B0EF0241">
<createdBy>mily_</createdBy>
<modifiedBy>mily_</modifiedBy>
<createdTime>2025-10-12 15:48:11 UTC</createdTime>
<autoRoute>false</autoRoute>
<boxInbox>true</boxInbox>
<showLegend>false</showLegend>
<showLabels>false</showLabels>
<showRelAttributes>false</showRelAttributes>
<gridEnabled>false</gridEnabled>
<showGrid>false</showGrid>
<diagramColor>-1</diagramColor>
<display>false</display>
<generatorId>0D932B5A-5673-3F7E-C50B-F069BFA565B6</generatorId>
<notation>1</notation>
<objectViews>
<OView class="oracle.dbtools.crest.swingui.relational.TVTable" oid="B3F4E91F-571E-35D6-5E55-60757CFA66F5" otype="Table" vid="79A12C14-BEE9-E064-D79D-3FBA0CCE4EA2">
<hideElementsInCurrentOnly>false</hideElementsInCurrentOnly>
<bounds x="901" y="424" width="427" height="338"/>
<generatorID>8AB6CF6B-0FA2-EB80-D38A-2F45E5B84B87</generatorID>
</OView>
</objectViews>
</Diagram>