<?xml version = '1.0' encoding = 'UTF-8'?>
<relationalModel class="oracle.dbtools.crest.model.design.relational.RelationalDesign" name="Relational_1" id="AAE4C4EB-601B-0362-805C-EB62FBA01C9D" mainViewID="976CF428-D782-3054-96C4-1B8A73246154">
<createdBy>milfernandez</createdBy>
<createdTime>2025-09-16 00:34:04 UTC</createdTime>
<ownerDesignName>semana 5</ownerDesignName>
<shouldBeOpen>false</shouldBeOpen>
<selectedRDBMSSite>32076570-2523-435C-2E92-BF29817DFF70</selectedRDBMSSite>
</relationalModel>