<?xml version = '1.0' encoding = 'UTF-8'?>
<Diagram class="oracle.dbtools.crest.swingui.logical.DPVLogical" name="Logical" id="928532D2-389F-87FF-DABB-9BA5EC740C44">
<createdBy>milfernandez</createdBy>
<modifiedBy>milfernandez</modifiedBy>
<createdTime>2025-09-08 20:07:49 UTC</createdTime>
<autoRoute>false</autoRoute>
<boxInbox>true</boxInbox>
<showLegend>false</showLegend>
<showLabels>true</showLabels>
<showRelAttributes>true</showRelAttributes>
<gridEnabled>false</gridEnabled>
<showGrid>false</showGrid>
<diagramColor>-1</diagramColor>
<display>false</display>
<notation>1</notation>
<objectViews>
<OView class="oracle.dbtools.crest.swingui.logical.TVEntity" oid="3A46479D-F25B-618A-531B-D3DAEFAAEE66" otype="Entity" vid="BB3B6CC0-BBEA-36AF-B9A2-EE7BA97BC70A">
<hideElementsInCurrentOnly>false</hideElementsInCurrentOnly>
<bounds x="589" y="46" width="211" height="223"/>
</OView>
<OView class="oracle.dbtools.crest.swingui.logical.TVEntity" oid="44623D35-6C0C-88A3-D9CE-B5F8C88582FC" otype="Entity" vid="56D76B1C-24FC-12DA-E133-72BD844FFA43">
<hideElementsInCurrentOnly>false</hideElementsInCurrentOnly>
<bounds x="355" y="317" width="219" height="182"/>
</OView>
<OView class="oracle.dbtools.crest.swingui.logical.TVEntity" oid="48474A41-7D8D-59F5-BD19-2CDDB304E0DD" otype="Entity" vid="DE57E8A4-9002-9FDF-F586-2A3F9B468675">
<hideElementsInCurrentOnly>false</hideElementsInCurrentOnly>
<bounds x="852" y="61" width="199" height="209"/>
</OView>
<OView class="oracle.dbtools.crest.swingui.logical.TVEntity" oid="60A86CAC-92C1-CE6D-33F0-3D09BF0577AC" otype="Entity" vid="729B22E2-87FF-B691-E7D6-C5D7C2618BAD">
<hideElementsInCurrentOnly>false</hideElementsInCurrentOnly>
<bounds x="604" y="309" width="224" height="184"/>
</OView>
<OView class="oracle.dbtools.crest.swingui.logical.TVEntity" oid="BD484D33-1460-6574-3FCD-0CEA4DE395AA" otype="Entity" vid="73F118E3-F6F5-54EC-9E26-251189561E25">
<hideElementsInCurrentOnly>false</hideElementsInCurrentOnly>
<bounds x="272" y="64" width="276" height="201"/>
</OView>
<OView class="oracle.dbtools.crest.swingui.logical.TVEntity" oid="E37FA561-A781-C0ED-1B9E-642CDF6DF2CC" otype="Entity" vid="FDC9183D-396B-1001-5BA4-78A2462B0868">
<hideElementsInCurrentOnly>false</hideElementsInCurrentOnly>
<bounds x="39" y="300" width="233" height="203"/>
</OView>
</objectViews>
<connectors>
<Connector class="oracle.dbtools.crest.swingui.logical.TVRelation" oid="5A5AF823-771D-B164-136F-DDC65BC3033E" otype="Relation" vid_source="73F118E3-F6F5-54EC-9E26-251189561E25" vid_target="56D76B1C-24FC-12DA-E133-72BD844FFA43">
<hideElementsInCurrentOnly>false</hideElementsInCurrentOnly>
<backgroundColor>-16777216</backgroundColor>
<lineWidth>1</lineWidth>
<points>
<point x="451" y="265"/>
<point x="451" y="317"/>
</points>
</Connector>
<Connector class="oracle.dbtools.crest.swingui.logical.TVRelation" oid="6BB395A9-F4FC-074D-C7D9-D7B6D131387C" otype="Relation" vid_source="73F118E3-F6F5-54EC-9E26-251189561E25" vid_target="BB3B6CC0-BBEA-36AF-B9A2-EE7BA97BC70A">
<hideElementsInCurrentOnly>false</hideElementsInCurrentOnly>
<backgroundColor>-16777216</backgroundColor>
<lineWidth>1</lineWidth>
<points>
<point x="548" y="164"/>
<point x="589" y="164"/>
</points>
</Connector>
<Connector class="oracle.dbtools.crest.swingui.logical.TVRelation" oid="75CECD6C-196F-DF4F-1C4C-6829B47E5ECB" otype="Relation" vid_source="56D76B1C-24FC-12DA-E133-72BD844FFA43" vid_target="729B22E2-87FF-B691-E7D6-C5D7C2618BAD">
<hideElementsInCurrentOnly>false</hideElementsInCurrentOnly>
<backgroundColor>-16777216</backgroundColor>
<lineWidth>1</lineWidth>
<points>
<point x="574" y="405"/>
<point x="604" y="405"/>
</points>
</Connector>
<Connector class="oracle.dbtools.crest.swingui.logical.TVRelation" oid="941DE842-1BB6-066A-A597-41E88526E115" otype="Relation" vid_source="DE57E8A4-9002-9FDF-F586-2A3F9B468675" vid_target="BB3B6CC0-BBEA-36AF-B9A2-EE7BA97BC70A">
<hideElementsInCurrentOnly>false</hideElementsInCurrentOnly>
<backgroundColor>-16777216</backgroundColor>
<lineWidth>1</lineWidth>
<points>
<point x="852" y="165"/>
<point x="800" y="165"/>
</points>
</Connector>
<Connector class="oracle.dbtools.crest.swingui.logical.TVRelation" oid="CC365AC9-A008-2749-FD90-C821D6C2E144" otype="Relation" vid_source="FDC9183D-396B-1001-5BA4-78A2462B0868" vid_target="56D76B1C-24FC-12DA-E133-72BD844FFA43">
<hideElementsInCurrentOnly>false</hideElementsInCurrentOnly>
<backgroundColor>-16777216</backgroundColor>
<lineWidth>1</lineWidth>
<points>
<point x="272" y="408"/>
<point x="355" y="408"/>
</points>
</Connector>
</connectors>
</Diagram>